Site ID,Current Site Name,Line1 Address,Comu ,Site Municipality,Zip Code ,Contamination
65133,1000 18TH AVENUE,1000 18TH AVE,0714,Newark City,07104    ,Suspected
73416,100 19TH AVENUE,100 19TH AVE,0714,Newark City,07105    ,Suspected
52807,1007 1009 BROAD STREET,1007 1009 BROAD ST,0714,Newark City,07108    ,LSRP Oversight
424386,100 HOLLAND ROAD,100 HOLLAND RD,0719,South Orange Village Twp,07079    ,UST Fund Application Closed 
578002,100 MLK STOCKPILE REMOVAL,100 DR MARTIN LUTHER KING JR BLVD,0705,East Orange City,07017    ,Suspected
89894,100 WATSON AVENUE,100 WATSON AVE,0705,East Orange City,07018    ,Suspected
470625,10 & 10A EAST WILLOW ST,10 E WILLOW ST,0712,Millburn Twp,07041    ,RAO-Entire Site (Unrestricted Use)
9031,101 CLINTON ROAD,101 CLINTON RD,0707,Fairfield Twp,07004    ,RAO-Entire Site (Unrestricted Use)
159237,102 108 WELLAND AVENUE,102 108 WELLAND AVE,0709,Irvington Twp,07111    ,LSRP Oversight
221845,1025 1031 BROAD STREET,1025 1031 BROAD ST,0714,Newark City,07102    ,No SRP Oversight Required
221846,1033 BROAD STREET,1033 BROAD ST,0714,Newark City,07102    ,RAO-Entire Site (Unrestricted Use)
64889,103 7TH AVENUE,103 7TH AVE,0714,Newark City,07104    ,Suspected
364382,104 106 AUGUSTA ST,104 106 AUGUSTA ST,0709,Irvington Twp,07111    ,Known
443170,104 BOYDEN AVENUE,104 BOYDEN AVE,0711,Maplewood Twp,07040    ,UST Fund Application Closed 
65024,104 FOUNDRY STREET REALTY,RT 1/9 & FOUNDRY ST,0714,Newark City,07118    ,No SRP Oversight Required
732533,104 HOBSON STREET,104 HOBSON ST,0702,Bloomfield Twp,07003    ,UST Fund Application Under Review
606149,104 NORTH FRANKLIN AVENUE,104 N FRANKLIN AVE,0716,Nutley Twp,07110    ,RAO-A (Limited Restricted Use)
65249,105 SOUTH TERRACE,105 SOUTH TER,0712,Millburn Twp,07041    ,Suspected
231376,1072 PARTNERS CORP,1072 1074 S ORANGE AVE,0714,Newark City,07106    ,Suspected
762809,107 LAUREL AVENUE,107 LAUREL AVE,0709,Irvington Twp,071111947,Known
592221,108 110 POLK STREET,108 110 POLK ST,0714,Newark City,07105    ,RAO-A (Unrestricted Use)
64892,109 7TH AVENUE,109 7TH AVE,0714,Newark City,07104    ,Suspected
653487,109 GOTTHARDT STREET,109 GOTTHARDT ST,0714,Newark City,07105    ,LSRP Oversight
88609,109 UNION STREET,109 UNION ST,0713,Montclair Twp,07042    ,Suspected
74560,10 ALVA STREET,10 ALVA ST,0702,Bloomfield Twp,07003    ,Suspected
699671,10 BARNETT STREET,10 BARNETT ST,0702,Bloomfield Twp,07003    ,Known
48051,10 EISENHOWER PARKWAY,10 EISENHOWER PKWY,0718,Roseland Boro,07050    ,Known
531189,10 LIBELLA COURT,10 LIBELLA CT,0714,Newark City,07105    ,Known
65958,10 MINNISINK ROAD,10 MINNISINK RD,0712,Millburn Twp,07041    ,Suspected
258106,10 SOUTH ORATON PARKWAY,10 S ORATON PKWY ,0705,East Orange City,07018    ,RAO-A (Unrestricted Use)
512936,10 WARD STREET,10 WARD ST,0702,Bloomfield Twp,07003    ,RAO-A (Unrestricted Use)
435847,110 CHADWICK AVENUE,110 CHADWICK AVE,0714,Newark City,07108    ,Known
51350,110 WASHINGTON STREET,110 WASHINGTON ST,0702,Bloomfield Twp,07003    ,LSRP Oversight
448220,111 117 11TH AVENUE,111 117 11TH AVE,0714,Newark City,07107    ,LSRP Oversight
53662,11 17 ANN STREET,11 17 ANN ST,0714,Newark City,07108    ,LSRP Oversight
666650,111 IDEATION WAY,111 IDEATION WAY,0716,Nutley Twp,07110    ,LSRP Oversight
427451,111 MAPLE AVENUE,111 MAPLE AVE,0705,East Orange City,07018    ,UST Fund Application Closed 
605315,111 MOUNT PROSPECT AVENUE,111 MT PROSPECT AVE,0720,Verona Twp,07044    ,RAO-A (Unrestricted Use)
524804,112 116 WASHINGTON STREET,112 116 WASHINGTON ST,0702,Bloomfield Twp,07003    ,Suspected
65328,112 8TH AVENUE,112 8TH AVE,0714,Newark City,07114    ,Suspected
64963,112 FAIRVIEW AVENUE,112 FAIRVIEW AVE,0719,South Orange Village Twp,07079    ,Suspected
708605,11 43 RAYMOND PLAZA WEST,11 43 RAYMOND PLAZA W,0714,Newark City,07102    ,RAO-Child Care Facility (Limited Restricted Use)
449380,114 EASTERN PARKWAY,114 EASTERN PKWY,0714,Newark City,07706    ,UST Fund Application Closed 
75454,114 QUITMAN STREET,114 QUITMAN ST,0714,Newark City,07105    ,Suspected
122824,114 UPPER MOUNTAIN AVENUE,114 UPPER MOUNTAIN AVE,0713,Montclair Twp,07042    ,Suspected
221639,114 WASHINGTON AVENUE,114 WASHINGTON AVE,0709,Irvington Twp,07111    ,Known
64891,115 7TH AVENUE,115 7TH AVE,0714,Newark City,07104    ,Suspected
509534,116 CYPRESS STREET OIL SPILL,116 CYPRESS ST,0712,Millburn Twp,07141    ,Suspected
91398,116 HUNTINGTON TERRACE,116 HUNTINGTON TER,0714,Newark City,07112    ,Suspected
64726,116 SMULL AVENUE,116 SMULL AVE,0721,West Caldwell Twp,07086    ,Suspected
672211,118 BROOKDALE AVENUE,118 BROOKDALE AVE,0714,Newark City,07106    ,RAO-A (Unrestricted Use)
606520,119 HILL STREET @ ORANGE COMMONS INDUSTRIAL PARK,119 HILL ST,0717,Orange City Twp,07050    ,RAO-A (Restricted Use)
64694,119 PARK AVENUE,119 PARK AVE,0714,Newark City,07199    ,No SRP Oversight Required
399349,11 HIGHLAND PLACE,11 HIGHLAND PL,0722,West Orange Twp,07052    ,UST Fund Application Closed 
201988,11 HOMEWOOD WAY,11 HOMEWOOD WAY,0713,Montclair Twp,07042    ,Suspected
531696,11 LIBELLA COURT,11 LIBELLA CT,0714,Newark City,07105    ,Known
751115,11 NORTH 21ST STREET,11 N 21ST ST,0705,East Orange City,07017    ,RAO-A (Unrestricted Use)
88314,11 OBERLIN STREET,11 OBERLIN ST,0711,Maplewood Twp,07040    ,Suspected
73473,120 MILLIGAN PLACE,120 MILLIGAN PL,0719,South Orange Village Twp,07079    ,Suspected
355758,121 123 HARRISON AVENUE CHILDCARE PROPOSED,121 123 HARRISON AVE,0718,Roseland Boro,07068    ,RAO-Entire Site (Unrestricted Use)
409478,12 14 ST FRANCIS STREET,12 14 ST FRANCIS ST,0714,Newark City,07101    ,Known
391689,121 ORANGE STREET,121 ORANGE ST,0702,Bloomfield Twp,07003    ,UST Fund Application Closed 
9221,122 PETRO HOLDING SERVICE STATION,122 BLOOMFIELD AVE,0702,Bloomfield Twp,07003    ,LSRP Oversight
83858,123 127 COIT STREET ABANONDED BUILDING,123 127 COIT ST,0709,Irvington Twp,07111    ,LSRP Oversight
376735,123 KINDERSTAR DAY SCHOOL,123 FAIRFIELD RD,0707,Fairfield Twp,07004    ,RAO-Child Care Facility (Unrestricted Use)
440461,123 LEHIGH AVENUE,123 LEHIGH AVE,0714,Newark City,07112    ,UST Fund Application Closed 
167511,124 148 15TH STREET,124 148 S 15TH ST,0714,Newark City,07107    ,LSRP Oversight
372082,1255 BROAD STREET OFFICE BUILDING,1255 BROAD ST,0702,Bloomfield Twp,07003    ,CCF Approved
74423,125 FRANKLIN STREET,125 FRANKLIN ST,0701,Belleville Twp,07109    ,Known
650982,126 HIGHLAND AVENUE,126 HIGHLAND AVE,0712,Millburn Twp,07078    ,RAO-A (Unrestricted Use)
706350,127 147 DOREMUS AVENUE,127 147 DOREMUS AVE,0714,Newark City,07105    ,LSRP Oversight
362301,127 BURNETT AVENUE,127 BURNETT AVE,0711,Maplewood Twp,07040    ,Suspected
393587,127 CENTRAL PLACE,127 CENTRAL PL ,0717,Orange City Twp,07050    ,RAO-Entire Site (Restricted Use)
75621,127 HANSBURY AVENUE,127 HANSBURY AVE,0714,Newark City,07105    ,Suspected
399827,128 LINDBERGH BOULEVARD,128 LINDBERGH BLVD,0702,Bloomfield Twp,07003    ,Known
529903,129 165 LITTLETON AVENUE,129 165 LITTLETON AVE,0714,Newark City,07103    ,RAO-A (Unrestricted Use)
89889,129 BEECH STREET,129 BEECH ST,0705,East Orange City,07018    ,Suspected
199905,129 ELLERY AVENUE,129 ELLERY AVE,0714,Newark City,07101    ,Known
368389,12 BRINSMAID PLACE DRUMS,12 BRINSMAID PL,0714,Newark City,071053105,No SRP Oversight Required
93347,12 CHESTNUT STREET,12 CHESTNUT ST,0705,East Orange City,07018    ,Suspected
380046,12 DURYEA ROAD,12 DURYEA RD,0713,Montclair Twp,07043    ,Known
697351,12 EVANS STREET,12 EVANS ST,0707,Fairfield Twp,07004    ,RAO-A (Limited Restricted Use)
531196,12 LIBELLA COURT,12 LIBELLA CT,0714,Newark City,07105    ,Known
87637,12 MISSION STREET,12 MISSION ST,0713,Montclair Twp,07042    ,Suspected
80487,12 PROSPECT TERRACE,12 PROSPECT TER,0705,East Orange City,07019    ,Suspected
662649,130 133 NORTH STREET OF NEWARK,130 132 11TH ST,0714,Newark City,07107    ,RAO-A (Unrestricted Use)
617442,13 15 CRAWFORD STREET,13 15 CRAWFORD ST,0714,Newark City,07102    ,LSRP Oversight
412208,13 25 CENTRAL AVENUE,13 25 CENTRAL AVE,0714,Newark City,07102    ,RAO-A (Limited Restricted Use)
415948,132 WALKER ROAD,132 WALKER RD,0722,West Orange Twp,07052    ,UST Fund Application Closed 
733911,133 JACKSON STREET OF NEWARK,123 133 JACKSON ST,0714,Newark City,07105    ,RAO-A (Unrestricted Use)
602650,135 NEW DUTCH LANE,135 NEW DUTCH LN,0707,Fairfield Twp,07004    ,Verified Unknown Source
65248,136 SQUIRE HILL ROAD,136 SQUIRE HILL RD,0713,Montclair Twp,07042    ,Suspected
704425,137 STOCKTON STREET,137 STOCKTON ST,0714,Newark City,07105    ,LSRP Oversight
756927,138 CLIFFORD STREET,138 CLIFFORD ST,0714,Newark City,07105    ,Known
75614,138 THOMAS STREET,138 THOMAS ST,0714,Newark City,07105    ,Suspected
750188,1390 BROAD STREET,1390 BROAD ST,0702,Bloomfield Twp,07003    ,Known
392343,13 ELBERTA ROAD,13 ELBERTA RD,0711,Maplewood Twp,07040    ,UST Fund Application Closed 
75019,13 HOLLAND STREET,13 HOLLAND ST,0714,Newark City,07105    ,Suspected
531767,13 LIBELLA COURT,13 LIBELLA CT,0714,Newark City,07105    ,Known
64751,13 WOODLAND TERRACE,13 WOODLAND TER,0710,Livingston Twp,07039    ,Suspected
725055,141 UNION AVENUE,141 UNION AVE,0709,Irvington Twp,07111    ,Suspected
594154,14 22 MAIN STREET ASSOC,14 22 MAIN ST RR,0701,Belleville Twp,07109    ,LSRP Oversight
164757,143 LITTLE FALLS ROAD,143 LITTLE FALLS RD,0704,Cedar Grove Twp,07009    ,No SRP Oversight Required
577268,143 VAN BUREN STREET,143 VAN BUREN ST,0714,Newark City,07105    ,Known
74862,145 WARD PLACE,145 WARD PL,0719,South Orange Village Twp,07079    ,Suspected
87346,147 HIGH STREET,147 HIGH ST,0713,Montclair Twp,07042    ,Suspected
342426,148 12TH STREET,148 12TH ST,0714,Newark City,07107    ,Suspected
758137,148 150 3RD AVENUE,148 150 3RD AVE,0714,Newark City,07104    ,Known
465187,148 LYONS AVENUE,148 LYONS AVE,0714,Newark City,07112    ,Suspected
432737,148 PARROW STREET,148 PARROW ST,0717,Orange City Twp,07050    ,LSRP Oversight
200738,148 TURRELL AVENUE,148 TURRELL AVE,0719,South Orange Village Twp,07079    ,Suspected
8744,148 VALLEY ROAD STRIP MALL,148 VALLEY RD,0713,Montclair Twp,07042    ,RAO-A (Unrestricted Use)
183052,149 HILLSIDE AVENUE,149 HILLSIDE AVE,0714,Newark City,07108    ,Suspected
64145,149 MONTROSE AVENUE,149 MONTROSE AVE,0719,South Orange Village Twp,07079    ,Suspected
64958,14 BIRDSEYE GLEN,14 BIRDSEYE GLEN,0720,Verona Twp,07044    ,Suspected
73940,14 LAUREL PLACE,14 LAUREL PL,0721,West Caldwell Twp,07006    ,Suspected
65529,14 PARK AVENUE,14 PARK AVE,0703,Caldwell Boro,07007    ,Suspected
709662,14 VANDERBILT COURT,14 VANDERBILT CT,0709,Irvington Twp,07111    ,RAO-A (Unrestricted Use)
75624,14 VAN VELSOR PLACE,14 VAN VELSOR PL,0714,Newark City,07105    ,Suspected
748399,150 152 SOUTH 15TH STREET,150 152 S 15TH ST,0714,Newark City,07107    ,LSRP Oversight
49837,150 RUTLEDGE AVENUE,150 RUTLEDGE AVE,0705,East Orange City,07017    ,LSRP Oversight
191957,150 VAN BUREN STREET,150 VAN BUREN ST,0714,Newark City,07101    ,Suspected
767611,15 17 LEO PLACE,15 17 LEO PL,0714,Newark City,07108    ,Known
221849,15 17 LINCOLN PARK COAST CULTURAL DISTRICT @ 15 17 LINCOLN PK ,15 17 LINCOLN PK,0714,Newark City,07102    ,LSRP Oversight
14241,151 RAYMOND BOULEVARD,155 RAYMOND BLVD,0714,Newark City,07105    ,LSRP Oversight
745443,152 19TH AVENUE,152 19TH AVE,0709,Irvington Twp,07111    ,Known
65679,153 AVENUE B,153 AVE B,0714,Newark City,07101    ,Suspected
392695,155 161 RIDGEWOOD AVENUE,155 161 RIDGEWOOD AVE,0714,Newark City,07102    ,LSRP Oversight
437113,155 CENTRAL AVENUE,155 CENTRAL AVE,0721,West Caldwell Twp,07006    ,UST Fund Application Closed 
167824,155 GROVE ROAD,155 GROVE RD ,0719,South Orange Village Twp,07079    ,Suspected
701791,156 202 BLANCHARD STREET,156 202 BLANCHARD ST REAR OF,0714,Newark City,07105    ,LSRP Oversight
126108,157 FREEMAN AVENUE,157 FREEMAN AVE,0705,East Orange City,07018    ,Known
87395,157 MITCHELL STREET,157 MITCHELL ST,0722,West Orange Twp,07052    ,Suspected
64688,15 BIRDSEYE GLEN,15 BIRDSEYE GLEN,0720,Verona Twp,07044    ,Suspected
153759,15 EAST CEDAR LANE,15 E CEDAR LN,0711,Maplewood Twp,07040    ,Suspected
415622,15 FAIRFIELD COURT,15 FAIRFIELD CT,0707,Fairfield Twp,07004    ,RAO-A (Unrestricted Use)
523346,15 HILLSIDE AVENUE,15 HILLSIDE AVE,0712,Millburn Twp,07078    ,Suspected
531811,15 LIBELLA COURT,15 LIBELLA CT,0714,Newark City,07105    ,Known
449665,15 WASHINGTON TERRACE,15 WASHINGTON TER,0705,East Orange City,07017    ,UST Fund Application Closed 
64776,15 WHITE OAK DRIVE,15 WHITE OAK DR,0715,North Caldwell Boro,07006    ,Suspected
662483,160 W SOUTH ORANGE AVE,160 W SOUTH ORANGE AVE,0719,South Orange Village Twp,07079    ,LSRP Oversight
664384,162 166 FRONTAGE ROAD,162 FRONTAGE RD,0714,Newark City,07114    ,LSRP Oversight
393614,162 CENTRAL PLACE,162 CENTRAL PL,0717,Orange City Twp,07050    ,Suspected
74426,162 IRVING AVENUE,162 IRVING AVE,0719,South Orange Village Twp,07079    ,Suspected
662659,16 32 FULTON STREET,16 32 FULTON ST,0714,Newark City,07102    ,LSRP Oversight
65802,163 GARFIELD PLACE,163 GARFIELD PL,0719,South Orange Village Twp,07079    ,Suspected
525433,164 168 BLOOMFIELD AVENUE,164 168 BLOOMFIELD AVE,0702,Bloomfield Twp,07003    ,RAO-Entire Site (Unrestricted Use)
64886,164 WATCHUNG AVENUE,164 WATCHUNG AVE,0713,Montclair Twp,07042    ,Suspected
368988,165 HALSEY STREET DIESEL SPILL,165 HALSEY ST,0714,Newark City,07102    ,No SRP Oversight Required
65608,165 MUNN AVENUE NORTH,165 N MUNN AVE,0705,East Orange City,07019    ,Suspected
73939,168 FOREST HILL ROAD,168 FOREST HILL RD,0722,West Orange Twp,07052    ,Suspected
767550,168 GARDEN AVENUE,168 GARDEN AVE,0701,Belleville Twp,07109    ,Known
145983,169 BROOKDISE AVE,169 BROOKSIDE AVE,0709,Irvington Twp,07111    ,Suspected
73481,169 ELLERY AVENUE,169 ELLERY AVE,0714,Newark City,07105    ,Suspected
87563,16 BELLEGROVE DRIVE,16 BELLEGROVE DR,0713,Montclair Twp,07042    ,Suspected
128995,16 BLUM LANE,16 BLUM LN,0716,Nutley Twp,07110    ,Suspected
64440,16 CRESCENT TERRACE,16 CRESCENT TER,0701,Belleville Twp,07109    ,Suspected
83437,16 EUCLID AVENUE,16 EUCLID AVE,0711,Maplewood Twp,07040    ,Suspected
85021,16 LOMBARDY PLACE,16 LOMBARDY PL,0711,Maplewood Twp,07040    ,Suspected
88610,16 MAPLE STREET,16 MAPLE ST,0702,Bloomfield Twp,07003    ,Suspected
64358,16 RACE STREET,16 RACE ST,0702,Bloomfield Twp,07003    ,Suspected
409479,16 ST FRANCIS STREET,16 ST FRANCIS ST,0714,Newark City,07101    ,Known
65408,16 WARREN ROAD,16 WARREN RD,0711,Maplewood Twp,07040    ,Suspected
64932,170 GARFIELD PLACE,170 GARFIELD PL,0711,Maplewood Twp,07040    ,Suspected
406501,17 19 WILLIAM STREET VACANT OFFICE BUILDING,17 19 WILLIAM ST,0714,Newark City,07102    ,Verified Unknown Source
731768,171 CENTRAL AVENUE,171 CENTRAL AVE,0705,East Orange City,07018    ,RAO-A (Unrestricted Use)
576810,171 FOUNDRY STREET,171 FOUNDRY ST,0714,Newark City,07105    ,Suspected
371344,172 HOLLYWOOD AVENUE,172 HOLLYWOOD AVE,0705,East Orange City,070183914,Suspected
766737,173 COOPER AVENUE,173 COOPER AVE,0713,Montclair Twp,07043    ,Known
427992,174 ELLERY AVENUE,174 ELLERY AVE,0714,Newark City,07106    ,UST Fund Application Closed 
599197,175 HILL STREET @ ORANGE COMMONS INDUSTRIAL PARK,175 HILL ST,0717,Orange City Twp,07050    ,RAO-ISRA Leasehold (Unrestricted Use)
618764,176 JEFFERSON STREET,176 JEFFERSON ST,0714,Newark City,07105    ,Known
186147,176 VAN BUREN STREET,176 VAN BUREN ST,0714,Newark City,07105    ,Known
184627,1793 1795 SPRINGFIELD AVENUE PROPERTY,1793 1795 SPRINGFIELD AVE,0711,Maplewood Twp,07040    ,RAO-A (Unrestricted Use)
456284,179 GLENRIDGE AVENUE,179 GLENRIDGE AVE,0713,Montclair Twp,07042    ,Known
766684,17 BROOKWOOD DRIVE,17 BROOKWOOD DR,0711,Maplewood Twp,07040    ,Known
672361,17 LEXINGTON AVENUE OF NEWARK,17 LEXINGTON AVE,0714,Newark City,07105    ,RAO-A (Unrestricted Use)
531820,17 LIBELLA COURT,17 LIBELLA CT,0714,Newark City,07105    ,Known
394800,1 7 NELSON PLACE,1 7 NELSON PL,0709,Irvington Twp,07111    ,Suspected
74803,17 STANLEY ROAD,17 STANLEY RD,0719,South Orange Village Twp,07079    ,Suspected
409501,17 ST CHARLES STREET,17 ST CHARLES ST,0714,Newark City,071053921,Known
85523,17 UNION PLACE,17 UNION PL,0702,Bloomfield Twp,07003    ,Suspected
224828,180 SHEPHARD AVENUE,180 SHEPHARD AVE,0714,Newark City,07112    ,Known
412348,181 40TH STREET,181 40TH ST,0709,Irvington Twp,07111    ,RAO-ISRA Entire Site (Unrestricted Use)
711330,18 20 LACKAWANNA PLAZA,18 20 LACKAWANNA PLAZA,0713,Montclair Twp,07042    ,RAO-A (Unrestricted Use)
409481,18 20 ST FRANCIS STREET,18 20 ST FRANCIS ST,0714,Newark City,07101    ,Known
747903,1824 SPRINGFIELD,1824 SPRINDFIELD AVE,0711,Maplewood Twp,07040    ,RAO-A (Unrestricted Use)
386853,1826 1848 MCCARTER HIGHWAY,1826 1848 MCCARTER HWY ,0714,Newark City,07103    ,LSRP Oversight
221838,18 28 WEST KINNEY STREET,18 28 W KINNEY ST,0714,Newark City,07102    ,LSRP Oversight
594182,18 36 BLANCHARD STREET,18 36 BLANCHARD ST REAR,0714,Newark City,07105    ,LSRP Oversight
85607,183 WILLOWDALE AVENUE,183 WILLOWDALE AVE,0713,Montclair Twp,07042    ,Suspected
411938,185 CHURCH STREET CORP,185 CHURCH ST,0719,South Orange Village Twp,07079    ,RAO-A (Unrestricted Use)
450632,185 WEAVER AVENUE,185 WEAVER AVE,0702,Bloomfield Twp,07003    ,UST Fund Application Closed 
56213,186 194 STUYVESANT AVENUE,186 194 STUYVESANT AVE,0714,Newark City,07102    ,LSRP Oversight
84019,1866 SPRINGFIELD AVENUE,1866 SPRINGFIELD AVE,0711,Maplewood Twp,07040    ,LSRP Oversight
428510,186 BLEEKER STREET,186 BLEEKER ST,0714,Newark City,07102    ,RAO-A (Unrestricted Use)
369322,187 188 BLANCHARD STREET FORMER,187 189 BLANCHARD ST FORMER,0714,Newark City,07103    ,Suspected
481017,1882 SPRINGFIELD AVENUE,1882 SPRINGFIELD AVE,0711,Maplewood Twp,07040    ,Suspected
420830,189 193 WEST BIGELOW STREET,189 193 W BIGELOW ST,0714,Newark City,07102    ,RAO-A (Unrestricted Use)
8130,18 CENTRAL AVENUE,18 CENTRAL AVE,0722,West Orange Twp,07052    ,LSRP Oversight
229913,18 CORP SOUTH ORANGE AVENUE REDEVELOPMENT,650 S ORANGE AVE,0710,Livingston Twp,07039    ,RAO-Entire Site (Limited Restricted Use)
64804,18 ELISA COURT,18 ELISA CT,0704,Cedar Grove Twp,07009    ,Suspected
739773,18 HARVARD TERRACE,18 HARVARD TER,0722,West Orange Twp,07052    ,Known
634579,18 LIBELLA COURT,18 LIBELLA CT,0714,Newark City,07105    ,LSRP Oversight
649577,18 NASSAU PLACE,18 NASSAU PL,0705,East Orange City,07019    ,UST Fund Application Under Review
668567,18 NORTH 22ND STREET,18 N 22ND ST,0705,East Orange City,07017    ,UST Fund Application Under Review
64852,18 SWEETWOOD DRIVE,18 SWEETWOOD DR,0704,Cedar Grove Twp,07009    ,Suspected
56651,192 222 CLIFFORD STREET,192 222 CLIFFORD ST,0714,Newark City,08830    ,LSRP Oversight
65964,192 GROVE STREET,192 GROVE ST,0705,East Orange City,07019    ,Suspected
65493,192 WEST NORTHFIELD ROAD,192 W NORTHFIELD RD,0710,Livingston Twp,07039    ,Suspected
330598,193 205 CLIFFORD STREET,193 205 CLIFFORD ST,0714,Newark City,07114    ,LSRP Oversight
750346,19 33 MURRAY STREET,19 33 MURRAY ST,0714,Newark City,07114    ,Known
702725,194 200 & 204 208 SHERMAN AVENUE,194 200 SHERMAN AVE,0714,Newark City,07114    ,LSRP Oversight
169947,195 CLINTON STREET,195 CLINTON ST,0705,East Orange City,07017    ,Suspected
393618,199 PARROW STREET,199 PARROW ST,0717,Orange City Twp,07050    ,Suspected
73616,19B BROOKDALE GARDENS,19 BROOKDALE GARDENS,0702,Bloomfield Twp,07003    ,Suspected
65981,19 BOYDEN PARKWAY,19 BOYDEN PKWY,0711,Maplewood Twp,07040    ,Suspected
410659,19 CHARLES STREET,19 CHARLES ST,0702,Bloomfield Twp,07003    ,UST Fund Application Closed 
64831,19 HADDONFIELD ROAD,19 HADDONFIELD RD,0712,Millburn Twp,07141    ,Suspected
409500,19 ST CHARLES STREET,19 ST CHARLES ST,0714,Newark City,071053921,Known
85662,19 WHEELER STREET,19 WHEELER ST,0713,Montclair Twp,07042    ,Suspected
690242,1A DR MARTIN LUTHER KING JR BOULEVARD,1 DR MARTIN LUTHER KING JR BLVD,0705,East Orange City,07018    ,RAO-Entire Site (Restricted Use)
89428,1 HOUR MARTINIZING CLEANERS,903 18TH AVE,0714,Newark City,07106    ,LSRP Oversight
569920,1 LACKAWANNA PLAZA,1 LACKAWANNA PLAZA ,0713,Montclair Twp,07042    ,LSRP Oversight
75394,1 MARMON TERRACE,1 MARMON TER,0722,West Orange Twp,07052    ,Suspected
143570,1 ORIENT WAY,1 ORIENT WAY,0715,North Caldwell Boro,07006    ,EPA Removal Action Complete
85909,1 RIVER ROAD,1 RIVER RD,0716,Nutley Twp,07110    ,LSRP Oversight
390979,1ST STREET PARK,258 264 1ST ST,0714,Newark City,07102    ,LSRP Oversight
614910,200 16TH AVENUE,200 16TH AVE,0714,Newark City,07103    ,LSRP Oversight
598654,200 MOUNT PLEASANT AVENUE,200 MT PLEASANT AVE,0722,West Orange Twp,07052    ,RAO-A (Unrestricted Use)
121330,202 208 CLINTON PLACE,202 208 CLINTON PL,0714,Newark City,07112    ,LSRP Oversight
449611,202 BELLEVILLE AVENUE,202 BELLEVILLE AVE,0701,Belleville Twp,07109    ,RAO-A (Unrestricted Use)
652353,202 GLENRIDGE AVENUE,202 GLENRIDGE AVE,0713,Montclair Twp,07042    ,LSRP Oversight
767204,203 EAGLE ROCK AVENUE,203 EAGLE ROCK AVE,0722,West Orange Twp,07052    ,Known
393619,203 PARROW STREET,203 PARROW ST,0717,Orange City Twp,07050    ,Suspected
392687,204 12TH AVENUE,204 12TH AVE,0714,Newark City,07107    ,Known
157831,204 206 14TH STREET,204 206 14TH ST,0714,Newark City,07103    ,LSRP Oversight
64754,2052 2090 MCCARTER HIGHWAY,2052 MCCARTER HWY,0714,Newark City,07199    ,LSRP Oversight
170374,208 RIDGEWOOD AVENUE,208 RIDGEWOOD AVE,0714,Newark City,07108    ,Suspected
342891,209 213 MULBERRY STREET,209 213 MULBERRY ST,0714,Newark City,07103    ,RAO-Entire Site (Unrestricted Use)
80082,209 NEWARK AVENUE,209 NEWARK AVE,0702,Bloomfield Twp,07003    ,Suspected
85381,20 BURR ROAD,20 BURR RD,0711,Maplewood Twp,07040    ,Suspected
672813,20 CORNELL DRIVE,20 CORNELL DR,0710,Livingston Twp,07039    ,Known
145271,20 RYNDA ROAD,20 RYNDA RD,0719,South Orange Village Twp,07079    ,Suspected
64843,20 SOUTH ASHBY AVE,20 S ASHBY AVE,0710,Livingston Twp,07039    ,Suspected
64736,20 SUFFOLK AVENUE,20 SUFFOLK AVE,0711,Maplewood Twp,07040    ,Suspected
192055,2 10 CHURCH STREET,2 10 CHURCH ST,0713,Montclair Twp,07042    ,RAO-Entire Site (Unrestricted Use)
65146,210 VALLEY ROAD,210 VALLEY RD,0713,Montclair Twp,07042    ,Suspected
710857,2113 2133 MILLBURN AVENUE,2113 MILLBURN AVE,0711,Maplewood Twp,07040    ,RAO-Child Care Facility (Unrestricted Use)
88458,211 NORTH WYOMING AVENUE,211 N WYOMING AVE,0719,South Orange Village Twp,07079    ,Suspected
459066,21 23 OREGON STREET DRUMS,21 23 OREGON ST,0711,Maplewood Twp,07040    ,No SRP Oversight Required
122561,212 OLD SHORT HILLS ROAD,212 OLD SHORT HILLS RD,0712,Millburn Twp,07078    ,Suspected
754899,215 VALLEY STREET,215 VALLEY ST,0719,South Orange Village Twp,07079    ,LSRP Oversight
376747,216 278 16TH AVE @ WESTSIDE PARK COMMUNITY CENTER,600 S 17TH ST,0714,Newark City,07103    ,RAO-A (Unrestricted Use)
579228,218 WASHINGTON AVENUE,218 WASHINGTON AVE,0716,Nutley Twp,07110    ,RAO-A (Unrestricted Use)
149506,219 221 7TH STREET,219 221 7TH ST,0714,Newark City,07107    ,Known
87969,219 JACOBY STREET,219 JACOBY ST,0711,Maplewood Twp,07040    ,Suspected
628562,21 CENTRAL AVENUE,21 CENTRAL AVE,0703,Caldwell Boro,07006    ,RAO-A (Unrestricted Use)
222065,21 LINCOLN PARK,21 LINCOLN PARK,0714,Newark City,07102    ,RAO-A (Restricted Use)
185762,21 NEWMAN AVENUE,21 NEWMAN AVE,0720,Verona Twp,07044    ,Known
65329,21 ROBERTSON ROAD,21 ROBERTSON RD,0722,West Orange Twp,07052    ,Suspected
409499,21 ST CHARLES STREET,21 ST CHARLES ST ,0714,Newark City,071053921,Known
365835,223 229 THOMAS STREET,223 229 THOMAS ST,0714,Newark City,07114    ,Known
596212,223 BROAD STREET,223 227 BROAD ST,0702,Bloomfield Twp,07003    ,LSRP Oversight
604023,224 TUSCAN ROAD,224 TUSCAN RD,0711,Maplewood Twp,07040    ,LSRP Oversight
59947,225 MEEKER AVENUE APARTMENTS,225 MEEKER AVE,0714,Newark City,07112    ,Deed Notice Terminated
75327,225 NORTH BELMONT AVENUE,225 N BELMONT AVE,0701,Belleville Twp,07109    ,RAO-A (Unrestricted Use)
89115,226 SNYDER STREET,226 SNYDER ST,0717,Orange City Twp,07051    ,Suspected
87723,227 OLD CHESTER ROAD,227 OLD CHESTER RD,0706,Essex Fells Boro,07021    ,Suspected
88433,228 GLEN AVENUE,228 GLEN AVE,0712,Millburn Twp,07141    ,Suspected
85182,22 GRANT STREET,22 GRANT ST,0713,Montclair Twp,07042    ,Suspected
88370,22 MARION ROAD,22 MARION RD,0713,Montclair Twp,07042    ,Suspected
88484,22 OAK PLACE,22 OAK PL,0713,Montclair Twp,07042    ,Suspected
74822,22 PINE STREET,22 PINE ST,0702,Bloomfield Twp,07003    ,Suspected
65433,22 PLYMOUTH STREET,22 PLYMOUTH ST,0713,Montclair Twp,07042    ,Suspected
409483,22 ST FRANCIS STREET,22 ST FRANCIS ST,0714,Newark City,07101    ,Known
75351,231 235 SOUTH STREET,231 235 SOUTH ST,0714,Newark City,07105    ,Suspected
629813,231 241 PARKHURST STREET,231 241 PARKHURST ST,0714,Newark City,07114    ,Known
220188,231 LINDEN AVENUE,231 LINDEN AVE,0709,Irvington Twp,071112524,Suspected
409498,23 25 ST CHARLES STREET,23 25 ST CHARLES ST,0714,Newark City,071053921,Known
94402,232 FERRY STREET,232 FERRY ST,0714,Newark City,07102    ,Suspected
692177,234 240 BADGER AVENUE,234 240 BADGER AVE,0714,Newark City,07108    ,LSRP Oversight
31053,234 242 COMMERCIAL BUILDING,234 242 MULBERRY ST,0714,Newark City,07101    ,RAO-Entire Site (Unrestricted Use)
64245,234 MAIN STREET,234 MAIN ST,0717,Orange City Twp,07051    ,Suspected
421716,234 PACIFIC STREET CORP,234 252 PACIFIC ST,0714,Newark City,07114    ,LSRP Oversight
415125,235 RHODE ISLAND AVENUE UST,235 RHODE ISLAND AVE ,0705,East Orange City,07017    ,No SRP Oversight Required
499634,237 SPRINGFIELD AVENUE,237 SPRINGFIELD AVE,0714,Newark City,07103    ,RAO-Entire Site (Restricted Use)
358713,239 CENTRAL AVENUE CORP,239 CENTRAL AVE,0705,East Orange City,07018    ,RAO-Entire Site (Restricted Use)
724912,239 WARD PLACE,239 WARD PL,0719,South Orange Village Twp,07079    ,UST Fund Application Under Review
425269,23 BRADFORD AVENUE,23 BRADFORD AVE,0722,West Orange Twp,07052    ,UST Fund Application Closed 
65302,23 DERWENT AVENUE,23 DERWENT AVE,0720,Verona Twp,07044    ,Suspected
75018,23 HOLLAND STREET,23 HOLLAND ST,0714,Newark City,07105    ,Suspected
20629,23 SOUTH ESSEX AVENUE STRIP MALL,23 S ESSEX AVE,0717,Orange City Twp,07050    ,LSRP Oversight
86769,23 WEST LAWN ROAD,23 W LAWN RD,0710,Livingston Twp,07039    ,Suspected
74833,240 1ST STREET,240 1ST ST,0714,Newark City,07105    ,Suspected
631035,241 251 SPRINGFIELD AVENUE,241 251 SPRINGFIELD AVE,0714,Newark City,07103    ,LSRP Oversight
629816,243 249 PARKHURST STREET,243 249 PARKHURST ST,0714,Newark City,07114    ,Known
767534,244 CLEVELAND STREET,244 CLEVELAND ST,0717,Orange City Twp,07050    ,Known
64913,244 CONWAY COURT,244 CONWAY CT,0719,South Orange Village Twp,07079    ,Suspected
64715,244 WAINWRIGHT STREET,244 WAINWRIGHT ST,0714,Newark City,07199    ,Suspected
65474,245 AMPERE PARKWAY,245 AMPERE PKWY,0702,Bloomfield Twp,07003    ,Suspected
762291,245 PARKER STREET,245 PARKER ST,0714,Newark City,07104    ,Known
653441,248 262 IRVINE TURNER BOULEVARD,248 262 IRVINE TURNER BLVD,0714,Newark City,07102    ,LSRP Oversight
446316,248 264 COIT STREET,248 264 COIT ST,0709,Irvington Twp,07111    ,RAO-Entire Site (Restricted Use)
73311,248 PARKER STREET,248 PARKER ST,0714,Newark City,07105    ,Suspected
218936,249 263 JOHNSON AVENUE,249 263 JOHNSON AVE,0714,Newark City,07112    ,RAO-A (Unrestricted Use)
613660,24 BEDFORD STREET,24 BEDFORD ST,0705,East Orange City,07018    ,UST Fund Application Under Review
84691,24 ESSEX ROAD,24 ESSEX RD,0706,Essex Fells Boro,07021    ,Suspected
634582,24 LIBELLA COURT,24 LIBELLA CT,0714,Newark City,07102    ,LSRP Oversight
452816,24 NORTH 16TH STREET,24 N 16TH ST,0705,East Orange City,07017    ,UST Fund Application Closed 
409484,24 ST FRANCIS STREET,24 ST FRANCIS ST,0714,Newark City,07101    ,Known
746970,251 CLINTON PLACE,251 CLINTON PL,0714,Newark City,07112    ,Known
442262,251 LITTLETON AVENUE,251 LITTLETON AVE,0714,Newark City,07103    ,Known
65330,252 ACADEMY STREET,252 ACADEMY ST,0719,South Orange Village Twp,07079    ,Suspected
442263,253 255 LITTLETON AVENUE,253 255 LITTLETON AVE,0714,Newark City,07103    ,Known
616309,25 49 SOMERSET STREET,25 49 SOMERSET ST,0714,Newark City,07103    ,LSRP Oversight
165912,254 HALSTED STREET,254 HALSTED ST,0705,East Orange City,07018    ,Suspected
469845,254 LITTLE FALLS ROAD,254 LITTLE FALLS RD,0707,Fairfield Twp,07004    ,RAO-Entire Site (Unrestricted Use)
65338,255 AMPERE PARKWAY,255 AMPERE PKWY,0702,Bloomfield Twp,07003    ,Suspected
367415,256 AMHERST STREET,256 AMHERST ST,0705,East Orange City,07018    ,Suspected
708694,256 LYONS AVENUE VACANT LOT,256 262 LYONS AVE,0714,Newark City,07112    ,LSRP Oversight
752560,257 259 THOMAS STREET,257 259 THOMAS ST,0714,Newark City,07114    ,LSRP Oversight
662019,258 268 JELLIFF AVENUE,258 268 JELLIFF AVE,0714,Newark City,07108    ,RAO-Entire Site (Unrestricted Use)
706086,259 WASHINGTON AVENUE,259 WASHINGTON AVE,0701,Belleville Twp,07109    ,LSRP Oversight
223831,25 ASHWOOD TERRACE,25 ASHWOOD TER,0722,West Orange Twp,07052    ,Suspected
75017,25 HOLLAND STREET,25 HOLLAND ST,0714,Newark City,07105    ,Suspected
179945,25 NORTH 10TH STREET,25 N 10TH ST,0714,Newark City,071071717,Suspected
725750,25 NORTH FULLERTON AVENUE,25 N FULLERTON AVE,0713,Montclair Twp,07042    ,LSRP Oversight
85603,25 ROUTE 46,25 RT 46,0707,Fairfield Twp,07006    ,Suspected
73681,25 VALHALLA WAY,25 VALHALLA WAY,0720,Verona Twp,07044    ,Suspected
765697,260 BROADWAY,260 BROADWAY,0714,Newark City,07104    ,LSRP Oversight
411450,260 TILLOU ROAD,260 TILLOU RD,0719,South Orange Village Twp,07079    ,Known
64346,261 ORANGE ROAD,261 ORANGE RD,0713,Montclair Twp,07042    ,Suspected
409485,26 28 ST FRANCIS STREET,26 28 ST FRANCIS ST,0714,Newark City,07101    ,Known
80539,262 AMHERST STREET,262 AMHERST ST,0705,East Orange City,07019    ,Suspected
443839,262 EASTERN PARKWAY,262 EASTERN PKWY,0714,Newark City,07102    ,Known
447282,262 SYLVAN ROAD,262 SYLVAN RD,0702,Bloomfield Twp,07003    ,Known
340521,266 COIT STREET,266 COIT ST,0709,Irvington Twp,07111    ,Known
626222,267 ADELAIDE STREET ,267 ADELAIDE ST ,0701,Belleville Twp,071092368,Known
65489,267 WINTHROP TERRACE,267 WINTHROP TER,0719,South Orange Village Twp,07079    ,Suspected
64856,268 PROSPECT STREET,268 PROSPECT ST,0719,South Orange Village Twp,07079    ,Suspected
593608,26 FILLMORE STREET,26 FILLMORE ST,0714,Newark City,07105    ,Known
84594,26 GRANT AVENUE,26 GRANT AVE,0705,East Orange City,07019    ,Suspected
65518,26 HAINES DRIVE,26 HAINES DR,0702,Bloomfield Twp,07003    ,Suspected
64711,26 HICKORY DRIVE,26 HICKORY DR,0711,Maplewood Twp,07040    ,RAO-A (Unrestricted Use)
530974,26 LIBELLA COURT,26 LIBELLA CT,0714,Newark City,07105    ,LSRP Oversight
65273,26 NORMAN ROAD,26 NORMAN RD,0713,Montclair Twp,07042    ,Suspected
75759,26 PINE GROVE TERRACE,26 PINE GROVE TER,0714,Newark City,07105    ,Suspected
65192,26 VERNON PLACE,26 VERNON PL,0705,East Orange City,07018    ,Suspected
65496,270 HEYWOOD AVENUE,270 HEYWOOD AVE,0717,Orange City Twp,07051    ,Suspected
65406,271 RICHMOND AVENUE,271 RICHMOND AVE,0719,South Orange Village Twp,07079    ,Suspected
546108,27 29 PARK AVENUE,27 29 PARK AVE,0714,Newark City,07102    ,RAO-A (Unrestricted Use)
64385,274 316 FAIRMOUNT AVENUE,274 316 FAIRMOUNT AVE,0714,Newark City,07152    ,RAO-A (Restricted Use)
672490,275 SUSSEX DEVELOPER,275 SUSSEX AVE,0714,Newark City,07102    ,LSRP Oversight
757936,277 CLINTON AVENUE,277 CLINTON AVE,0714,Newark City,07102    ,LSRP Oversight
73841,279 HIGHLAND ROAD,279 HIGHLAND RD,0719,South Orange Village Twp,07079    ,Suspected
73582,27 FERNDALE ROAD,27 FERNDALE RD,0715,North Caldwell Boro,07006    ,Suspected
531040,27 LIBELLA COURT,27 LIBELLA CT,0714,Newark City,07105    ,RAO-ISRA Entire Site (Restricted Use)
64302,27 OAKCROFT AVENUE,27 OAKCROFT AVE,0713,Montclair Twp,07042    ,Suspected
420724,27 PINE STREET,27 PINE ST,0722,West Orange Twp,07052    ,UST Fund Application Closed 
73406,280 NEW YORK AVENUE,280 NEW YORK AVE,0714,Newark City,07105    ,Suspected
30650,280 SOUTH HARRISON STREET OFFICE BUILDING,280 S HARRISON ST,0705,East Orange City,07019    ,LSRP Oversight
158276,282 LITTLETON AVENUE,282 LITTLETON AVE,0714,Newark City,07103    ,Suspected
187812,286 298 COIT STREET,298 COIT ST,0709,Irvington Twp,07111    ,LSRP Oversight
65701,28 GLEN PARK ROAD,28 GLEN PARK RD,0708,Glen Ridge Boro,07028    ,Suspected
88341,28 MEAD STREET,28 MEAD ST,0714,Newark City,07199    ,Suspected
85181,28 SHERMAN STREET,28 SHERMAN ST,0713,Montclair Twp,07042    ,Suspected
64392,28 VALHALLA WAY IFO,28 VALHALLA WAY,0720,Verona Twp,07044    ,No SRP Oversight Required
492473,290 SOUTH ORANGE AVENUE,290 S ORANGE AVE,0710,Livingston Twp,07039    ,RAO-A (Unrestricted Use)
719200,292 GREGORY AVENUE IN FRONT OF,292 GREGORY AVE IFO,0722,West Orange Twp,07052    ,No SRP Oversight Required
199989,293 PASSAIC STREET,293 PASSAIC ST,0714,Newark City,07104    ,Verified Unknown Source
707159,293 ROANOKE AVENUE,293 ROANOKE AVE,0714,Newark City,07105    ,LSRP Oversight
197379,29 47 RIVERSIDE AVENUE @ RIVERSIDE IND PK,29 47 RIVERSIDE AVE,0714,Newark City,07104    ,LSRP Oversight
533880,296 MILLBURN AVENUE ,296 MILLBURN AVE,0712,Millburn Twp,07041    ,RAO-A (Unrestricted Use)
611714,296 NORTH CLINTON STREET,296 N CLINTON ST,0705,East Orange City,07017    ,Known
396860,29 LAWRENCE AVENUE,29 LAWRENCE AVE,0722,West Orange Twp,07052    ,Known
400127,29 WILLIAM STREET,29 WILLIAM ST,0717,Orange City Twp,07050    ,UST Fund Application Closed 
85512,2 ADAMS AVENUE,2 ADAMS AVE,0712,Millburn Twp,07041    ,Suspected
65760,2 BELLEGROVE DRIVE,2 BELLEGROVE DR,0713,Montclair Twp,07042    ,Suspected
378498,2 BROAD STREET,2 BROAD ST,0702,Bloomfield Twp,07003    ,RAO-A (Unrestricted Use)
65690,2 ERWIN PARK ROAD,2 ERWIN PARK RD,0713,Montclair Twp,07042    ,Suspected
460037,2 HENDERSON DRIVE,2 HENDERSON DR,0721,West Caldwell Twp,07006    ,RAO-Entire Site (Unrestricted Use)
530360,2 LIBELLA COURT,2 LIBELLA CT,0714,Newark City,07105    ,LSRP Oversight
451401,2 MARION PLACE,2 MARION PL,0711,Maplewood Twp,07040    ,Known
8507,2 MARTINEZ SERVICE STATION,264 PARK AVE,0714,Newark City,07101    ,RAO-A (Unrestricted Use)
84045,2 PARK ROAD,2 PARK RD,0712,Millburn Twp,07041    ,Suspected
767486,2 WOODLAND CRESCENT,2 WOODLAND CRESCENT,0719,South Orange Village Twp,07079    ,Known
64826,300 ARLINGTON AVENUE NORTH,300 N ARLINGTON AVE,0705,East Orange City,07019    ,Suspected
50852,300 MAIN ASSOC,300 306 MAIN ST,0722,West Orange Twp,07052    ,Verified Unknown Source
447874,302 324 SPRINGFIELD AVENUE,302 324 SPRINGFIELD AVE,0714,Newark City,07103    ,RAO-A (Unrestricted Use)
81375,30 34 OKNER PARKWAY,30 34 OKNER PKWY,0710,Livingston Twp,07039    ,LSRP Oversight
88435,304 306 CHESTNUT STREET,304 306 CHESTNUT ST,0714,Newark City,07105    ,Suspected
725832,305 WILSON AVENUE URBAN RENEWAL,305 WILSON AVE,0714,Newark City,07105    ,LSRP Oversight
88603,307 JELLIFF AVENUE,307 JELIFF AVE,0714,Newark City,07199    ,Suspected
179453,30 BECKER TERRACE,30 BECKER TER,0709,Irvington Twp,07112    ,Suspected
629169,30 HIGHLAND AVENUE BOND RESIDENCE,30 HIGHLAND AVE,0713,Montclair Twp,07042    ,RAO-A (Unrestricted Use)
84534,30 MAPLE AVENUE,30 MAPLE AVE,0709,Irvington Twp,07111    ,Suspected
75501,30 MOORE TERRACE,30 MOORE TER,0722,West Orange Twp,07052    ,Suspected
409487,30 ST FRANCIS STREET,30 ST FRANCIS ST,0714,Newark City,07101    ,Known
446314,310 COIT STREET,310 COIT ST,0709,Irvington Twp,07111    ,RAO-Entire Site (Restricted Use)
49049,313 317 NEW STREET PROPERTY,313 317 NEW ST,0714,Newark City,07102    ,RAO-A (Restricted Use)
447795,313 329 15TH AVENUE,313 329 15TH AVE,0714,Newark City,07103    ,RAO-A (Unrestricted Use)
608012,314 328 ADAMS STREET,314 328 ADAMS ST,0714,Newark City,07105    ,LSRP Oversight
424361,314 HOBART AVENUE,314 HOBART AVE,0712,Millburn Twp,07078    ,RAO-A (Unrestricted Use)
85372,314 ISABELLA AVENUE,314 ISABELLA AVE,0709,Irvington Twp,07111    ,Suspected
125491,31 50 SYNOTT PLACE SEWER PIPE,31 50 SYNOTT PL,0714,Newark City,07106    ,Known
65857,315 NORTH 11TH STREET,315 N 11TH ST,0714,Newark City,07101    ,Suspected
548299,316 ORANGE ROAD,316 ORANGE RD,0713,Montclair Twp,07042    ,LSRP Oversight
649120,317 VALLEY STREET,317 VALLEY ST,0719,South Orange Village Twp,07079    ,RAO-A (Restricted Use)
585438,318 WASHINGTON STREET PARKING LOT,318 WASHINGTON ST,0714,Newark City,07102    ,LSRP Oversight
408230,31 CHAPEL STREET,31 CHAPEL ST,0714,Newark City,07105    ,EPA Removal Action Complete
8935,31 CORDIER STREET,31 CORDIER ST,0709,Irvington Twp,07151    ,LSRP Oversight
621813,31 EAGLE ROCK WAY,31 EAGLE ROCK WAY,0713,Montclair Twp,07042    ,RAO-A (Unrestricted Use)
634583,31 LIBELLA COURT,31 LIBELLA CT,0714,Newark City,07105    ,LSRP Oversight
80680,31 SUNNYSIDE TERRACE,31 SUNNYSIDE TER,0705,East Orange City,07019    ,Suspected
175281,320 FAIRFIELD ROAD ,320 FAIRFIELD RD,0707,Fairfield Twp,07006    ,RAO-A (Unrestricted Use)
587539,320 UPPER MOUNTAIN AVENUE,320 UPPER MOUNTAIN AVE,0713,Montclair Twp,07043    ,RAO-A (Unrestricted Use)
650881,321 EAST CEDAR STREET,321 E CEDAR ST,0710,Livingston Twp,07039    ,RAO-A (Unrestricted Use)
413866,321 SCOTLAND ROAD,321 SCOTLAND RD,0717,Orange City Twp,07050    ,LSRP Oversight
409489,32 34 ST FRANCIS STREET,32 34 ST FRANCIS ST ,0714,Newark City,07101    ,Known
221834,32 38 WEST KINNEY ST,32 38 W KINNEY ST,0714,Newark City,07102    ,No SRP Oversight Required
64794,324 PARKER STREET,324 PARKER ST,0714,Newark City,07199    ,Suspected
64839,326 CLIFTON AVENUE,326 CLIFTON AVE,0714,Newark City,07101    ,Suspected
420926,328 328 1/2 & 330 MILLBURN AVENUE,328 328 & 330 MILLBURN AVE,0712,Millburn Twp,07041    ,RAO-Entire Site (Unrestricted Use)
65139,328 334 CLINTON AVENUE,328 334 CLINTON AVE,0714,Newark City,07104    ,Suspected
88378,32 HADDONFIELD ROAD,32 HADDONFIELD RD,0712,Millburn Twp,07141    ,Suspected
732464,32 LIBELLA COURT,32 LIBELLA CT,0714,Newark City,07105    ,LSRP Oversight
64391,32 VALHALLA WAY,32 VALHALLA WAY,0720,Verona Twp,07044    ,Suspected
75063,32 WESTOVER ROAD,32 WESTOVER RD,0720,Verona Twp,07044    ,Suspected
65134,330 CRESTMONT ROAD,330 CRESTMONT RD,0704,Cedar Grove Twp,07009    ,No SRP Oversight Required
340356,331 335 OSBORNE TERRACE,331 335 OSBORNE TER,0714,Newark City,07112    ,Known
409491,33 35 GEORGE STREET,33 35 GEORGE ST,0714,Newark City,07101    ,Known
605153,333 FAIRFIELD ROAD,333 FAIRFIELD RD,0707,Fairfield Twp,07004    ,RAO-Entire Site (Unrestricted Use)
163447,335 NYE AVENUE,335 NYE AVE,0709,Irvington Twp,07111    ,Suspected
74748,339 WARWICK AVENUE,339 WARWICK AVE,0719,South Orange Village Twp,07079    ,No SRP Oversight Required
88605,33 GLENVIEW DRIVE,33 GLENVIEW DR,0722,West Orange Twp,07052    ,Suspected
64907,33 GREENWOOD DRIVE,33 GREENWOOD DR,0712,Millburn Twp,07041    ,Suspected
75016,33 HOLLAND STREET,33 HOLLAND ST,0714,Newark City,07105    ,Suspected
645268,34 36 LONGFELLOW AVENUE ,34 36 LONGFELLOW AVE ,0714,Newark City,07106    ,Known
616095,34 36 SUMMIT STREET,34 36 SUMMIT ST ,0705,East Orange City,07017    ,LSRP Oversight
495543,343 GREGORY AVENUE,343 GREGORY AVE,0722,West Orange Twp,07052    ,Known
456596,343 LIVINGSTON CIRCLE BUILDING,343 W MT PLEASANT AVE,0710,Livingston Twp,07039    ,RAO-Entire Site (Limited Restricted Use)
379004,344 356 THOMAS STREET,344 356 THOMAS ST,0714,Newark City,07114    ,LSRP Oversight
449395,345 RAVINE DRIVE,345 RAVINE DR,0719,South Orange Village Twp,07079    ,RAO-A (Unrestricted Use)
84813,345 WALNUT STREET,345 WALNUT ST,0710,Livingston Twp,07039    ,Suspected
670775,346 NESBIT TERRACE,346 NESBIT TER,0709,Irvington Twp,07111    ,Known
48322,347 MOUNT PLEASANT AVENUE,347 MT PLEASANT AVE,0722,West Orange Twp,07052    ,Suspected
440832,348 JACKSON STREET,348 JACKSON ST,0717,Orange City Twp,07050    ,UST Fund Application Closed 
187823,349 351 ELM STREET OIL SPILL,349 351 ELM ST,0714,Newark City,07105    ,Known
437724,34 JOYCE STREET,34 JOYCE ST,0722,West Orange Twp,07052    ,Known
494272,34 LABEL STREET,34 LABEL ST,0713,Montclair Twp,07042    ,LSRP Oversight
435909,34 TEMPLE PLACE,34 TEMPLE PL,0709,Irvington Twp,07106    ,RAO-A (Unrestricted Use)
498789,350 MILLBURN AVENUE OIL DISCHARGE,350 MILLBURN AVE,0712,Millburn Twp,07041    ,RAO-A (Unrestricted Use)
410983,351 SOUTH HARRISON STREET,351 S HARRISON ST,0705,East Orange City,07018    ,UST Fund Application Closed 
477137,352 NORTHFIELD AVENUE,352 NORTHFIELD AVE,0722,West Orange Twp,07052    ,UST Fund Application Closed 
498757,354 370 SOUTH JEFFERSON STREET,354 370 S JEFFERSON ST,0717,Orange City Twp,07050    ,RAO-ISRA Entire Site (Restricted Use)
763520,354 SOUTH 12TH STREET,354 S 12TH ST,0714,Newark City,07103    ,Known
182756,357 WILSON AVENUE BUILDING @ IRONBOUND IND PK,357 WILSON AVE,0714,Newark City,07105    ,RAO-Entire Site (Restricted Use)
65334,358 366 THOMAS STREET,358 366 THOMAS ST,0714,Newark City,07114    ,Known
462797,359 365 CENTRAL AVENUE,359 365 CENTRAL AVE,0714,Newark City,07103    ,LSRP Oversight
448958,359 EAGLE ROCK AVENUE,359 EAGLE ROCK AVE,0718,Roseland Boro,07068    ,RAO-A (Unrestricted Use)
614908,35 AVENUE C,35 AVE C,0714,Newark City,07114    ,RAO-A (Unrestricted Use)
603400,35 BOYDEN PARKWAY SOUTH,35 BOYDEN PKWY S,0711,Maplewood Twp,07040    ,UST Fund Application Closed 
88300,35 HEADLEY PLACE,35 HEADLEY PL,0711,Maplewood Twp,07040    ,Suspected
529790,35 LIBELLA COURT,35 LIBELLA CT,0714,Newark City,07105    ,RAO-Entire Site (Restricted Use)
65381,35 PARK AVENUE,35 PARK AVE,0703,Caldwell Boro,07006    ,Suspected
83804,35 UNDERCLIFF ROAD,35 UNDERCLIFF RD,0712,Millburn Twp,07041    ,Suspected
64719,35 WALNUT COURT,35 WALNUT CT,0719,South Orange Village Twp,07079    ,Suspected
189740,35 WOLF PLACE,35 WOLF PL,0709,Irvington Twp,07111    ,Suspected
454856,362 ORANGE ROAD ABANDONED DRUM,362 ORANGE RD,0713,Montclair Twp,07042    ,No SRP Oversight Required
73505,364 PROSPECT STREET,364 PROSPECT ST,0719,South Orange Village Twp,07079    ,Suspected
413968,366 368 13TH AVENUE,366 368 13TH AVE,0714,Newark City,07108    ,RAO-A (Unrestricted Use)
648002,366 RIDGE ROAD ,366 RIDGE RD ,0704,Cedar Grove Twp,07009    ,Known
411375,369 379 18TH STREET,369 379 18TH ST,0714,Newark City,07103    ,RAO-A (Unrestricted Use)
174887,3 6 CLIFFSIDE DRIVE,3 6 CLIFFSIDE DR,0704,Cedar Grove Twp,07009    ,LSRP Oversight
407963,36 MEADOWBROOK ROAD,36 MEADOWBROOK RD,0711,Maplewood Twp,07040    ,UST Fund Application Closed 
65626,36 TIONA AVENUE,36 TIONA AVE,0701,Belleville Twp,07109    ,Suspected
230478,36 WELLAND AVENUE,36 WELLAND AVE,0709,Irvington Twp,07111    ,Suspected
183969,370 CHESTNUT STREET,370 CHESTNUT ST,0716,Nutley Twp,071102237,Suspected
46173,370 ELIZABETH AVENUE,370 ELIZABETH AVE,0714,Newark City,07112    ,RAO-Entire Site (Unrestricted Use)
84503,372 UPPER MOUNTAIN AVENUE,372 UPPER MOUNTAIN AVE,0713,Montclair Twp,07042    ,Suspected
421356,37 39 REYNOLDS PLACE,37 39 REYNOLDS PL,0714,Newark City,07106    ,RAO-A (Unrestricted Use)
73384,375 NORTH 10TH STREET,375 N 10TH ST,0701,Belleville Twp,07109    ,Suspected
65698,378 SPRINGDALE AVENUE,378 SPRINGDALE AVE,0705,East Orange City,07019    ,Suspected
73383,379 NORTH 10TH STREET,379 10TH ST N,0701,Belleville Twp,07109    ,Suspected
469532,379 REALTY ,379 BLOOMFIELD AVE,0702,Bloomfield Twp,07003    ,RAO-A (Unrestricted Use)
84233,37 EDGAR STREET,37 EDGAR ST,0705,East Orange City,07019    ,Suspected
65211,37 EVERGREEN DRIVE,37 EVERGREEN DR,0715,North Caldwell Boro,07006    ,Suspected
409492,37 GEORGE STREET,37 GEORGE ST,0714,Newark City,07101    ,Known
75015,37 HOLLAND STREET,37 HOLLAND ST,0714,Newark City,07105    ,Suspected
85489,37 NORFOLK AVENUE,37 NORFOLK AVE,0711,Maplewood Twp,07040    ,Suspected
766881,37 NORTH 18TH STREET,37 N 18TH ST,0705,East Orange City,07017    ,Known
64745,37 SOUTH KINGMAN ROAD,37 S KINGMAN RD,0719,South Orange Village Twp,07079    ,Suspected
370268,37 TREACY AVENUE,37 TREACY AVE,0714,Newark City,07108    ,Suspected
214074,37 WINANS AVENUE,37 WINANS AVE,0714,Newark City,07102    ,Known
65539,382 HAYWOOD AVENUE,382 HAYWOOD AVE,0717,Orange City Twp,07051    ,Suspected
178733,383 385 LESLIE STREET,383 385 LESLIE ST ,0714,Newark City,07102    ,Suspected
435505,383 HILLSIDE AVENUE,383 HILLSIDE AVE,0717,Orange City Twp,07050    ,UST Fund Application Closed 
692005,385 HENRY STREET,385 HENRY ST,0717,Orange City Twp,07050    ,RAO-A (Unrestricted Use)
729209,38 60 BLANCHARD STREET REAR,38 60 BLANCHARD ST REAR,0714,Newark City,07199    ,LSRP Oversight
65405,387 ELMWOOD AVENUE,387 ELMWOOD AVE,0711,Maplewood Twp,07040    ,Suspected
221839,388 424 HALSEY STREET,388 424 HALSEY ST,0714,Newark City,07102    ,No SRP Oversight Required
84760,38 CREST VIEW HILL ROAD,38 CREST VIEW HILL RD,0710,Livingston Twp,07039    ,Suspected
529266,38 PIER LANE,38 PIER LN,0707,Fairfield Twp,07004    ,Verified Unknown Source
370924,390 HALSEY STREET,390 HALSEY ST,0714,Newark City,07102    ,RAO-A (Restricted Use)
566679,393 395 CENTRAL AVENUE,393 395 CENTRAL AVE,0705,East Orange City,07018    ,No SRP Oversight Required
179600,393 OLCOTT STREET,393 OLCOTT ST,0717,Orange City Twp,070504026,Suspected
409493,39 41 GEORGE STREET,39 41 GEORGE ST,0714,Newark City,07101    ,Known
79184,395 AMHERST STREET,395 AMHERST ST,0705,East Orange City,07019    ,Suspected
692831,397 405 CENTRAL AVENUE,397 405 CENTRAL AVE,0705,East Orange City,07018    ,LSRP Oversight
184721,399 425 SPRINGFIELD AVENUE,399 425 SPRINGFIELD AVE,0714,Newark City,07103    ,LSRP Oversight
683101,39 ESSEX AVENUE,39 ESSEX AVE,0713,Montclair Twp,07042    ,Known
402574,39 HARDING TERRACE,39 HARDING TER,0709,Irvington Twp,07111    ,UST Fund Application Closed 
199955,39 HIGH STREET,39 HIGH ST,0722,West Orange Twp,07052    ,Known
84401,39 NORTH MOUNTAIN AVENUE,39 N MOUNTAIN AVE,0713,Montclair Twp,07042    ,Suspected
65887,39 STEWART ROAD,39 STEWART RD,0712,Millburn Twp,07041    ,Suspected
65818,3 FREEMAN STREET,3 FREEMAN ST,0718,Roseland Boro,07068    ,Suspected
65752,3 MERRYWOOD DRIVE,3 MERRYWOOD DR,0722,West Orange Twp,07052    ,Suspected
269375,3 PENN PLAZA EAST,3 PENN PLAZA E ,0714,Newark City,07105    ,CCF Approved
604307,400 410 VALLEY STREET,400 410 VALLEY ST,0719,South Orange Village Twp,07079    ,RAO-A (Unrestricted Use)
394539,400 MOUNTAIN AVENUE LUST,400 MOUNTAIN AVE,0715,North Caldwell Boro,07009    ,LSRP Oversight
184316,403 MOUNT PLEASANT AVENUE,403 MT PLEASANT AVE,0722,West Orange Twp,070522743,Known
221833,40 44 WEST KINNEY STREET,40 44 W KINNEY ST,0714,Newark City,07102    ,LSRP Oversight
459292,40 44 WILLIAM STREET,40 44 WILLIAM ST,0714,Newark City,07102    ,RAO-A (Restricted Use)
708603,405 411 MARKET STREET,405 411 MARKET ST,0714,Newark City,07102    ,LSRP Oversight
644419,406 416 MARKET STREET,408 416 MARKET ST,0714,Newark City,07105    ,LSRP Oversight
45091,407 MULBERRY STREET,407 MULBERRY ST,0714,Newark City,07102    ,No SRP Oversight Required
58110,408 440 FRELINGHUYSEN AVENUE,408 440 FRELINGHUYSEN AVE,0714,Newark City,07114    ,Known
65804,408 FAIRFIELD ROAD,408 FAIRFIELD RD,0707,Fairfield Twp,07004    ,Known
766404,409 411 3RD AVENUE WEST,409 411 3RD AVE W,0714,Newark City,07107    ,Known
747494,40 ESSEX STREET,40 ESSEX ST,0701,Belleville Twp,07109    ,UST Fund Application Under Review
527319,40 LA FRANCE AVE,40 LA FRANCE AVE ,0702,Bloomfield Twp,07003    ,Known
571575,40 WARREN PLACE,40 WARREN PL,0713,Montclair Twp,07042    ,RAO-A (Unrestricted Use)
664821,40 WHITFORD AVENUE,40 WHITFORD AVE,0716,Nutley Twp,07110    ,Known
65297,40 YALE STREET,40 YALE ST,0711,Maplewood Twp,07040    ,Suspected
400181,410 13TH AVENUE,410 13TH AVE,0714,Newark City,07113    ,UST Fund Application Closed 
745259,410 ST CLOUD AVENUE,410 ST CLOUD AVE,0722,West Orange Twp,07052    ,RAO-A (Unrestricted Use)
409473,4 10 ST FRANCIS STREET,4 10 ST FRANCIS ST,0714,Newark City,07101    ,Known
461158,413 KINGSLAND STREET SERVICE STATION,413 KINGSLAND ST,0716,Nutley Twp,071101199,RAO-Entire Site (Unrestricted Use)
766828,41 43 FIELD PLACE,41 43 FIELD PL,0714,Newark City,07112    ,Known
604504,41 43 WASHINGTON STREET,41 43 WASHINGTON ST ,0722,West Orange Twp,07052    ,LSRP Oversight
340254,418 420 4TH AVENUE,418 420 4TH AVE,0714,Newark City,07107    ,Known
438333,419 PARK AVENUE,413 419 PARK AVE,0705,East Orange City,07017    ,LSRP Oversight
199099,41 HOLLAND ROAD,41 HOLLAND RD,0719,South Orange Village Twp,07079    ,Suspected
463287,41 PRINCETON STREET,41 PRINCETON ST,0711,Maplewood Twp,07040    ,UST Fund Application Closed 
457334,41 WEST 3RD STREET,41 45 W 3RD ST,0719,South Orange Village Twp,07079    ,LSRP Oversight
259305,421 PARKINSON TERRACE,421 PARKINSON TER,0717,Orange City Twp,07052    ,Known
65250,422 WOODSIDE AVENUE,422 WOODSIDE AVE,0714,Newark City,07114    ,Suspected
74347,424 TWIN OAK ROAD,424 TWIN OAK RD,0719,South Orange Village Twp,07079    ,Suspected
157626,426 432 CLINTON AVENUE,426 432 CLINTON AVE,0714,Newark City,07108    ,Verified Unknown Source
434415,42 BROOKWOOD STREET,42 BROOKWOOD ST,0705,East Orange City,07018    ,UST Fund Application Closed 
373860,431 433 MARTIN LUTHER KING BOULEVARD,431 MARTIN LUTHER KING BLVD,0705,East Orange City,07018    ,RAO-A (Unrestricted Use)
740639,433 435 ADAMS STREET,433 435 ADAMS ST,0714,Newark City,07114    ,LSRP Oversight
659005,43 53 WILLIAM STREET ,43 53 WILLIAM ST ,0714,Newark City,07101    ,LSRP Oversight
8622,436 FERRY STREET @ RAR DEVEL IND PK,436 FERRY ST,0714,Newark City,07105    ,RAO-A (Restricted Use)
459088,437 PARK STREET,437 PARK ST,0713,Montclair Twp,07043    ,RAO-A (Unrestricted Use)
394178,438 SOUTH 11TH STREET,438 S 11TH ST,0714,Newark City,07107    ,Suspected
44761,439 MAIN STREET OFFICE BUILDING,439 MAIN ST,0717,Orange City Twp,070500000,RAO-A (Unrestricted Use)
64697,43 BURNETTE AVENUE,43 BURNETT AVE,0711,Maplewood Twp,07040    ,Suspected
65402,43 CHESTNUT STREET,43 CHESTNUT ST,0710,Livingston Twp,07039    ,Suspected
409494,43 GEORGE STREET,43 GEORGE ST,0714,Newark City,07101    ,Known
606503,43 HICKORY STREET @ ORANGE COMMONS INDUSTRIAL PARK,43 HICKORY ST,0717,Orange City Twp,07050    ,Suspected
611412,43 HILL STREET @ 363 BLOOMFIELD AVENUE,363 BLOOMFIELD AVE,0702,Bloomfield Twp,07102    ,Known
515448,4 3RD STREET,4 3RD ST,0719,South Orange Village Twp,07079    ,RAO-A (Unrestricted Use)
83499,43 SOUTH GLENROY ROAD,43 S GLENROY RD,0707,Fairfield Twp,07006    ,Suspected
438433,43 WOODLAWN PLACE SPILL,43 WOODLAWN PL,0709,Irvington Twp,07111    ,Suspected
149909,441 IRVINE TURNER BOULEVARD,441 IRVINE TURNER BLVD,0714,Newark City,07108    ,Suspected
65221,443 ELMWOOD AVENUE,443 ELMWOOD AVE,0711,Maplewood Twp,07040    ,Suspected
689905,444 WALTON ROAD,444 WALTON RD,0711,Maplewood Twp,07040    ,RAO-A (Unrestricted Use)
354477,445 453 21ST STREET,445 453 21ST ST,0709,Irvington Twp,07111    ,Known
74674,448 PROSPECT STREET,448 PROSPECT ST,0719,South Orange Village Twp,07079    ,Suspected
626329,44 MYRTLE AVENUE,44 MYRTLE AVE,0712,Millburn Twp,07041    ,Suspected
64637,44 SHAW AVENUE,44 SHAW AVE,0714,Newark City,07199    ,Suspected
764301,44 SMULL AVENUE,44 SMULL AVE,0703,Caldwell Boro,07006    ,UST Fund Application Under Review
221823,450 460 WASHINGTON STREET,450 460 WASHINGTON ST,0714,Newark City,07102    ,LSRP Oversight
740640,452 454 JEFFERSON STREET,452 454 JEFFERSON ST,0714,Newark City,07114    ,LSRP Oversight
354473,456 21ST STREET,456 21ST ST,0709,Irvington Twp,07111    ,Suspected
64777,456 RICHMOND AVENUE,456 RICHMOND AVE,0711,Maplewood Twp,07040    ,Suspected
83676,45 CAROLIN ROAD,45 CAROLIN RD,0713,Montclair Twp,07043    ,Suspected
652497,45 CLEVELAND STREET,45 CLEVELAND ST,0703,Caldwell Boro,07006    ,Known
124380,45 COEYMAN AVENUE,45 COEYMAN AVE,0716,Nutley Twp,07110    ,Suspected
83452,45 FOREST STREET,45 FOREST ST,0713,Montclair Twp,07042    ,Suspected
409495,45 GEORGE STREET,45 GEORGE ST,0714,Newark City,07101    ,Known
455272,45 MONTROSE AVENUE,45 MONTROSE AVE,0720,Verona Twp,07044    ,Known
50511,460 COIT CORP,460 COIT ST,0709,Irvington Twp,07111    ,LSRP Oversight
442413,460 VALLEY ROAD,460 VALLEY RD,0713,Montclair Twp,07043    ,UST Fund Application Closed 
625420,462 466 WASHINGTON STREET,462 466 WASHINGTON ST,0714,Newark City,07102    ,LSRP Oversight
87121,463 SOUTH ORANGE AVENUE,463 S ORANGE AVE,0719,South Orange Village Twp,07079    ,Suspected
221830,46 50 WEST KINNEY STREET,46 50 W KINNEY ST,0714,Newark City,07102    ,LSRP Oversight
92716,46 FULLER PLACE,46 FULLER PL,0709,Irvington Twp,07111    ,Suspected
64350,46 SOUTHERN TERRACE,46 SOUTH TER,0712,Millburn Twp,07141    ,Suspected
53171,46 THOMAS STREET,46 THOMAS ST,0714,Newark City,07024    ,Known
84702,472 PARK AVENUE,472 PARK AVE,0705,East Orange City,07019    ,Suspected
761548,475 483 RAYMOND BOULEVARD,475 483 RAYMOND BLVD,0714,Newark City,07105    ,LSRP Oversight
124720,475 BLOOMFIELD AVENUE,475 BLOOMFIELD AVE,0713,Montclair Twp,07042    ,RAO-A (Restricted Use)
87655,479 VALLEY STREET,479 VALLEY ST,0711,Maplewood Twp,07040    ,Verified Unknown Source
409496,47 GEORGE STREET,47 GEORGE ST,0714,Newark City,07101    ,Known
64825,47 TWIN OAK ROAD,47 TWIN OAK RD,0712,Millburn Twp,07141    ,Suspected
64974,480 MAYHEW COURT,480 MAYHEW CT,0719,South Orange Village Twp,07079    ,Suspected
8282,482 FRANKLIN AVENUE,482 FRANKLIN AVE,0716,Nutley Twp,07110    ,LSRP Oversight
196314,482 IRVINE TURNER BOULEVARD,482 IRVINE TURNER BLVD,0714,Newark City,07103    ,Known
149791,484 15TH AVENUE,484 15TH AVE,0714,Newark City,07103    ,Suspected
149955,486 15TH AVENUE,486 15TH AVE,0714,Newark City,07103    ,Suspected
73567,486 LONGVIEW ROAD,486 LONGVIEW RD,0719,South Orange Village Twp,07079    ,Suspected
144794,488 12TH STREET SOUTH,488 12TH ST S,0714,Newark City,07112    ,Suspected
64953,48 CREST DRIVE,48 CREST DR,0719,South Orange Village Twp,07079    ,Suspected
436319,48 WASHINGTON AVENUE,48 WASHINGTON AVE,0716,Nutley Twp,07110    ,RAO-A (Unrestricted Use)
65537,491 MAYHEW COURT,491 MAYHEW CT,0719,South Orange Village Twp,07079    ,Suspected
444029,494 MILLBURN AVENUE,494 MILLBURN AVE,0712,Millburn Twp,07081    ,RAO-Entire Site (Restricted Use)
222081,495 505 WASHINGTON STREET,495 505 WASHINGTON ST,0714,Newark City,07102    ,RAO-Entire Site (Unrestricted Use)
8226,496 CENTRAL AVENUE,496 CENTRAL AVE,0717,Orange City Twp,07050    ,Known
65812,496 MAYHEW COURT,496 MAYHEW CT,0719,South Orange Village Twp,07079    ,Suspected
85590,498 500 CHANCELLOR AVENUE,498 CHANCELLOR AVE,0709,Irvington Twp,07111    ,LSRP Oversight
88327,49 DUFFIELD DRIVE,49 DUFFIELD DR,0719,South Orange Village Twp,07079    ,Suspected
64393,49 GOULD STREET,49 GOULD ST,0720,Verona Twp,07044    ,No SRP Oversight Required
353849,49 LIBERTY STREET,49 LIBERTY ST,0722,West Orange Twp,07052    ,Known
74713,49 MOORE TERRACE,49 MOORE TER,0722,West Orange Twp,07052    ,Suspected
64631,49 MORSE AVENUE,49 MORSE AVE,0702,Bloomfield Twp,07003    ,Suspected
8136,4 ASHLAND AVENUE,4 ASHLAND AVE,0722,West Orange Twp,07052    ,Inactive
602684,4 TOMPKINS STREET,4 TOMPKINS ST,0722,West Orange Twp,07052    ,LSRP Oversight
8302,4U CLEANERS,221 CENTRAL AVE,0717,Orange City Twp,07058    ,Known
369323,501 503 CENTRAL AVENUE,501 503 CENTRAL AVE,0714,Newark City,07103    ,LSRP Oversight
623974,502 NORTH 7TH STREET,502 N 7TH ST,0714,Newark City,07101    ,UST Fund Application Under Review
585629,505 509 CLINTON AVENUE,505 509 CLINTON AVE,0714,Newark City,07108    ,LSRP Oversight
426114,505 EAGLE ROCK AVENUE,505 EAGLE ROCK AVE,0718,Roseland Boro,07068    ,Known
95181,50 60 NORFOLK STREET,50 60 NORFOLK ST,0714,Newark City,07103    ,RAO-A (Unrestricted Use)
413865,507 MITCHELL STREET,507 MITCHELL ST,0717,Orange City Twp,07050    ,LSRP Oversight
8834,50 BURNETT AVENUE,50 BURNETT AVE,0711,Maplewood Twp,07040    ,RAO-Child Care Facility (Unrestricted Use)
766790,50 FINLAY PLACE,50 FINLAY PL,0714,Newark City,07106    ,Known
65198,510 PASSAIC AVENUE,510 PASSAIC AVE,0721,West Caldwell Twp,07006    ,Suspected
767244,512 PARK STREET,512 PARK ST,0713,Montclair Twp,07043    ,UST Fund Application Under Review
73831,514 14TH STREET,514 14TH ST,0714,Newark City,07105    ,Suspected
450209,515 PROSPECT STREET,515 PROSPECT ST,0716,Nutley Twp,07110    ,Known
65460,517 RIDGEWOOD AVENUE,517 RIDGEWOOD AVE,0708,Glen Ridge Boro,07028    ,Suspected
169412,519 MILLBURN AVENUE OIL SPILL,519 MILLBURN AVE,0712,Millburn Twp,07078    ,RAO-Entire Site (Unrestricted Use)
72486,51 ALVA STREET,51 ALVA ST,0702,Bloomfield Twp,07003    ,Deed Notice Terminated
764997,525 NORTHFIELD AVENUE,525 NORTHFIELD AVE,0722,West Orange Twp,07052    ,Known
87722,52 64 4TH AVENUE,52 64 4TH AVE,0705,East Orange City,07018    ,LSRP Oversight
93338,527 LYONS AVENUE,527 535 LYONS AVE,0709,Irvington Twp,07111    ,RAO-A (Unrestricted Use)
88160,528 SOUTH CLINTON STREET,528 S CLINTON ST,0705,East Orange City,07018    ,Suspected
719097,52 UPPER MONTCLAIR PLAZA,52 UPPER MONTCLAIR PLAZA,0713,Montclair Twp,07043    ,LSRP Oversight
706925,530 CHANCELLOR AVENUE,530 CHANCELLOR AVE,0709,Irvington Twp,07111    ,LSRP Oversight
357189,534 MITCHELL STREET,534 MITCHELL ST,0717,Orange City Twp,07050    ,LSRP Oversight
392337,535 WHITE STREET,535 WHITE ST,0717,Orange City Twp,07050    ,UST Fund Application Closed 
562093,537 541 LYONS AVENUE,537 541 LYONS AVE,0709,Irvington Twp,07111    ,RAO-A (Unrestricted Use)
8630,538 544 FRELINGHUYSEN AVENUE,538 544 FRELINGHUYSEN AVE,0714,Newark City,07112    ,No SRP Oversight Required
569548,53 COLUMBIA STREET ,53 COLUMBIA ST ,0722,West Orange Twp,07052    ,Inactive
767247,53 HILLSIDE AVENUE,53 HILLSIDE AVE,0708,Glen Ridge Boro,07028    ,Known
190984,540 MITCHELL STREET,540 MITCHELL ST,0717,Orange City Twp,07050    ,LSRP Oversight
84998,541 NORTH GROVE STREET,541 N GROVE ST,0705,East Orange City,07019    ,Suspected
65074,547 597 DELANCEY STREET,547 597 DELANCEY ST,0714,Newark City,07152    ,RAO-A (Restricted Use)
64975,54 PIERSON ROAD,54 PIERSON RD,0711,Maplewood Twp,07040    ,Suspected
761675,54 THOMAS STREET,54 THOMAS ST,0702,Bloomfield Twp,07003    ,Known
452175,554 IRVINGTON AVENUE OIL SPILL,554 IRVINGTON AVE,0711,Maplewood Twp,07040    ,No SRP Oversight Required
407448,558 FRANKLIN AVENUE & EAST HIGH STREET,558 FRANKLIN AVE,0716,Nutley Twp,071101720,RAO-Entire Site (Limited Restricted Use)
742137,55 CENTRAL AVENUE,55 CENTRAL AVE,0717,Orange City Twp,07103    ,LSRP Oversight
9179,55 LA FRANCE AVENUE MANUFACTURING BUILDING,51 55 LA FRANCE AVE ,0702,Bloomfield Twp,07003    ,LSRP Oversight
14904,55 LAKESIDE AVENUE,55 LAKESIDE AVE,0722,West Orange Twp,07052    ,LSRP Oversight
453823,55 WASHINGTON AVENUE,55 WASHINGTON AVE,0701,Belleville Twp,07109    ,RAO-A (Unrestricted Use)
647237,561 563 13TH AVENUE,561 563 13TH AVE,0714,Newark City,07103    ,Known
749210,565 567 SPRINGFIELD AVENUE,559 569 SPRINGFIELD AVE,0714,Newark City,07102    ,LSRP Oversight
84994,56 58 CHESTNUT AVENUE,56 58 CHESTNUT AVE,0709,Irvington Twp,07111    ,Suspected
257955,565 FOREST STREET,565 FOREST ST,0717,Orange City Twp,07050    ,Known
634142,565 MILLBURN AVENUE,565 MILLBURN AVE,0712,Millburn Twp,07078    ,RAO-Entire Site (Unrestricted Use)
65573,567 ARGYLE AVENUE,567 ARGYLE AVE,0717,Orange City Twp,07050    ,Suspected
352812,569 SOUTH 11TH STREET,569 S 11TH ST,0714,Newark City,07103    ,LSRP Oversight
91397,56 CHESTNUT STREET,56 CHESTNUT ST,0712,Millburn Twp,07041    ,Suspected
579498,56 HARRISON STREET,56 HARRISON ST,0720,Verona Twp,07044    ,Known
740763,56 PARK STREET,56 PARK ST,0713,Montclair Twp,07042    ,LSRP Oversight
83817,570 572 BLOOMFIELD AVENUE,570 572 BLOOMFIELD AVE,0713,Montclair Twp,07042    ,Suspected
65874,574 586 POMPTON AVENUE,574 586 POMPTON AVE,0704,Cedar Grove Twp,07009    ,Suspected
706353,575 AVENUE P,575 AVE P,0714,Newark City,07105    ,LSRP Oversight
31582,575 NASSAU STREET BUILDING,575 NASSAU ST,0717,Orange City Twp,07050    ,LSRP Oversight
491657,575 WEST MOUNT PLEASANT AVENUE,575 W MT PLEASANT AVE,0710,Livingston Twp,07039    ,RAO-A (Unrestricted Use)
764587,576 580 SCOTLAND ROAD,576 580 SCOTLAND RD,0717,Orange City Twp,07050    ,LSRP Oversight
65609,579 BEACH STREET,579 BEACH ST,0717,Orange City Twp,07051    ,Suspected
611140,57 BEECH STREET,57 BEECH ST,0701,Belleville Twp,07109    ,UST Fund Application Under Review
215968,57 PASSAIC AVENUE,57 PASSAIC AVE,0716,Nutley Twp,07110    ,Known
607995,580 MOUNT PROSPECT AVENUE,580 MT PROSPECT AVE,0714,Newark City,07104    ,RAO-Entire Site (Unrestricted Use)
64655,580 SUMMIT AVENUE,580 SUMMIT AVE,0711,Maplewood Twp,07040    ,Suspected
201400,584 586 SOUTH 10TH STREET,584 586 10TH ST S,0714,Newark City,07102    ,Known
178281,58 TIFFANY PLACE,58 TIFFANY PL,0709,Irvington Twp,07111    ,Suspected
621646,59 61 PENNINGTON STREET,59 61 PENNINGTON ST,0714,Newark City,07102    ,LSRP Oversight
705857,59 CHURCH STREET,59 CHURCH ST,0713,Montclair Twp,07042    ,LSRP Oversight
582286,5 9 FOX RUN,5 9 FOX RUN,0715,North Caldwell Boro,07006    ,LSRP Oversight
64729,5 DOGWOOD DRIVE,5 DOGWOOD DR,0712,Millburn Twp,07141    ,Sampling Completed
593671,5 HIGH STREET,5 HIGH ST,0708,Glen Ridge Boro,07028    ,RAO-Entire Site (Unrestricted Use)
65312,5 LESSING ROAD,5 LESSING RD,0722,West Orange Twp,07052    ,Suspected
228035,5 PORTER ROAD,5 PORTER RD,0711,Maplewood Twp,07040    ,Known
767607,604 MARKET STREET,604 MARKET ST,0714,Newark City,07105    ,Known
651279,605 611 CENTRAL AVENUE,605 611 CENTRAL AVE,0714,Newark City,07107    ,No SRP Oversight Required
65547,60 JOSEPH STREET,60 JOSEPH ST,0714,Newark City,07106    ,Suspected
86640,60 MADISON AVENUE,60 MADISON AVE,0709,Irvington Twp,07111    ,Suspected
648328,60 OAK STREET ,60 OAK ST ,0705,East Orange City,07018    ,Known
668222,610 612 BLOOMFIELD AVENUE,610 612 BLOOMFIELD AVE,0702,Bloomfield Twp,07030    ,Known
754187,6 10 AVENUE B,6 AVE B,0714,Newark City,07114    ,LSRP Oversight
623289,614 616 SPRINGFIELD AVENUE ,614 616 SPRINGFIELD AVE ,0714,Newark City,07103    ,Known
531203,6 14 LIBELLA COURT,6 14 LIBELLA CT,0714,Newark City,07105    ,RAO-Entire Site (Restricted Use)
73425,616 SOUTH 13TH STREET,616 S 13TH ST,0714,Newark City,07105    ,Suspected
65217,61 DUFFIELD AVENUE,61 DUFFIELD AVE,0719,South Orange Village Twp,07079    ,Suspected
64222,61 ELM STREET,61 ELM ST,0713,Montclair Twp,07042    ,Suspected
750869,622 628 BERGEN STREET NEWARK,622 628 BERGEN ST,0714,Newark City,07108    ,LSRP Oversight
735641,626 638 SPRINGFIELD AVENUE,626 638 SPRINGFIELD AVE,0714,Newark City,07102    ,LSRP Oversight
423520,62 HUDSON AVENUE,62 HUDSON AVE,0705,East Orange City,07018    ,Known
215137,62 LINCOLN PLACE ,62 LINCOLN PL,0709,Irvington Twp,07111    ,Suspected
743551,62 NEW YORK AVENUE,62 NEW YORK AVE,0714,Newark City,07105    ,Known
489130,6 30 CHAPEL STREET,6 30 CHAPEL ST,0714,Newark City,07105    ,LSRP Oversight
645567,63 65 COURTER AVENUE,63 65 COURTER AVE,0711,Maplewood Twp,07040    ,Known
565436,63 71 BELLEVILLE AVENUE,63 71 BELLEVILLE AVE,0702,Bloomfield Twp,07003    ,LSRP Oversight
660966,63 CAROLINA AVENUE,63 CAROLINA AVE,0714,Newark City,07106    ,UST Fund Application Under Review
87419,63 TREMONT TERRACE,63 TREMONT TER,0709,Irvington Twp,07111    ,Suspected
455532,64 ERNST AVENUE,64 ERNST AVE,0702,Bloomfield Twp,07003    ,UST Fund Application Under Review
598669,64 PROSPECT AVENUE,64 PROSPECT AVE,0709,Irvington Twp,07111    ,UST Fund Application Under Review
476795,64 WILLIAM STREET,64 WILLIAM ST,0714,Newark City,07102    ,RAO-A (Unrestricted Use)
216439,650 HAMILTON ROAD,650 HAMILTON RD,0719,South Orange Village Twp,07079    ,Suspected
84236,653 STUYVESANT AVENUE,653 STUYVESANT AVE,0709,Irvington Twp,07111    ,Suspected
751608,654 668 SOUTH 11TH STREET,654 668 S 11TH ST,0714,Newark City,07103    ,LSRP Oversight
218399,65 PARK TERRACE,65 PARK TER,0722,West Orange Twp,07052    ,Suspected
689472,661 SOUTH 11TH STREET,667 S 11TH ST,0714,Newark City,07103    ,RAO-A (Unrestricted Use)
619748,666 PARK AVENUE,666 PARK AVE,0705,East Orange City,07017    ,CEA Established (Limited Restricted Use)
178012,668 BELLVILLE AVENUE,668 BELLVILLE AVE,0701,Belleville Twp,071091378,Suspected
73836,668 SOUTH 20TH STREET,668 S 20TH ST,0714,Newark City,07105    ,Suspected
410915,66 MELROSE PLACE,66 MELROSE PL,0713,Montclair Twp,07042    ,UST Fund Application Closed 
41760,673 SOUTH 21ST STREET COMMERCIAL BUILDING,673 S 21ST ST,0709,Irvington Twp,07111    ,RAO-ISRA Entire Site (Restricted Use)
41158,675 MAIN STREET,675 MAIN ST,0701,Belleville Twp,07109    ,LSRP Oversight
763113,676 SOUTH 16TH STREET,676 S 16TH ST,0714,Newark City,07103    ,LSRP Oversight
65327,67 COIT STREET,67 COIT ST,0709,Irvington Twp,07111    ,Suspected
442314,67 LESLIE STREET,67 LESLIE ST,0705,East Orange City,07017    ,UST Fund Application Closed 
766807,67 MAPLE AVENUE,67 MAPLE AVE,0722,West Orange Twp,07052    ,Known
692824,67 MLK SUMMER AVENUE,67 SUMMER AVE,0714,Newark City,07104    ,RAO-A (Unrestricted Use)
24429,682 SOUTH 17TH STREET,682 S 17TH ST ,0714,Newark City,07102    ,LSRP Oversight
621622,68 92 PARK PLACE SITE,68 92 PARK PL,0714,Newark City,07102    ,RAO-Entire Site (Restricted Use)
64993,68 BEVERLY STREET,68 BEVERLY ST,0714,Newark City,07118    ,Suspected
697062,68 CLINTON AVENUE,68 CLINTON AVE,0712,Millburn Twp,07041    ,RAO-A (Unrestricted Use)
758053,68 MONROE STREET,68 MONROE ST,0714,Newark City,07105    ,Suspected
701520,68 WEST KINNEY STREET,68 W KINNEY ST,0714,Newark City,07102    ,RAO-Entire Site (Unrestricted Use)
73418,694 SOUTH 20TH STREET,694 S 20TH ST,0714,Newark City,07105    ,Suspected
149850,697 709 MARKET STREET,697 709 MARKET ST,0714,Newark City,07104    ,LSRP Oversight
701138,69 ANN STREET,69 ANN ST,0714,Newark City,07105    ,Known
64645,69 WOODLAND AVENUE,69 WOODLAND AVE,0705,East Orange City,07018    ,Suspected
654526,6 BECKER FARM ROAD,6 BECKER FARM RD,0718,Roseland Boro,07068    ,RAO-A (Unrestricted Use)
741106,6 HENNESSY PLACE,6 HENNESSY PL,0709,Irvington Twp,07111    ,UST Fund Application Under Review
535788,6 LIBELLA COURT,6 LIBELLA CT,0714,Newark City,07105    ,Known
438448,70 BUENA VISTA ROAD,70 BUENA VISTA RD ,0704,Cedar Grove Twp,07009    ,RAO-A (Unrestricted Use)
727688,70 JOSEPH STREET OF NEWARK,70 JOSEPH ST,0714,Newark City,07105    ,LSRP Oversight
83895,70 LESLIE STREET,70 LESLIE ST,0705,East Orange City,07019    ,Suspected
530642,717 727 NEWARK PROPERTIES,717 727 BROADWAY,0714,Newark City,07104    ,LSRP Oversight
65393,718 SUMMER AVENUE,718 SUMMER AVE,0714,Newark City,07114    ,Suspected
591443,71 MARTIN LUTHER KING BOULEVARD,66 74 MARTIN LUTHER KING BLVD,0714,Newark City,07104    ,RAO-A (Unrestricted Use)
501032,71 NORWOOD STREET,71 NORWOOD ST,0714,Newark City,07106    ,UST Fund Application Closed 
442723,720 NORTH 7TH STREET,720 N 7TH ST,0714,Newark City,07107    ,UST Fund Application Closed 
655224,722 CHANCELLOR AVENUE,722 CHANCELLOR AVE,0709,Irvington Twp,07111    ,RAO-A (Unrestricted Use)
73428,725 SOUTH 18TH STREET,725 S 18TH ST,0714,Newark City,07105    ,Suspected
469056,72 FARLEY ROAD,72 FARLEY RD ,0712,Millburn Twp,07078    ,RAO-A (Unrestricted Use)
65194,72 HUGHES STREET,72 HUGHES ST,0711,Maplewood Twp,07040    ,No SRP Oversight Required
689217,72 ROOSEVELT BOULEVARD,72 ROOSEVELT BLVD,0715,North Caldwell Boro,07006    ,RAO-A (Unrestricted Use)
449749,733 ELIZABETH AVENUE PROPOSED CHILD CARE,733 ELIZABETH AVE,0714,Newark City,07112    ,Withdrawn
65253,739 EAGLE ROCK AVENUE,739 EAGLE ROCK AVE,0722,West Orange Twp,07052    ,Suspected
173111,73 CHERRY STREET,73 CHERRY ST,0722,West Orange Twp,07052    ,Suspected
64721,73 STONY LANE,73 STONY LN,0712,Millburn Twp,07141    ,Suspected
603169,741 745 SOUTH ORANGE AVENUE,741 745 S ORANGE AVE,0714,Newark City,07106    ,LSRP Oversight
702560,74 76 NORTH 13TH STREET,74 76  N 13TH ST,0714,Newark City,07107    ,UST Fund Application Under Review
166518,74 76 SANFORD PLACE,74 76 SANFORD PL,0714,Newark City,07106    ,Known
83980,74 MIDLAND BOULEVARD,74 MIDLAND BLVD,0711,Maplewood Twp,07040    ,Suspected
64144,74 PASSAIC AVENUE CORP,74 PASSAIC AVE,0707,Fairfield Twp,07006    ,LSRP Oversight
73417,750 SOUTH 19TH STREET,750 S 19TH ST,0714,Newark City,07105    ,Suspected
64320,764 EAST CLARK PLACE,764 E CLARK PL,0717,Orange City Twp,07051    ,Suspected
455092,765 827 DOREMUS AVENUE,765 827 DOREMUS AVE,0714,Newark City,07105    ,RAO-A (Unrestricted Use)
309248,771 LYONS AVENUE,771 LYONS AVE,0709,Irvington Twp,07111    ,LSRP Oversight
666524,777 MCCARTER URBAN RENEWAL,769 781 MCCARTER HWY,0714,Newark City,07102    ,RAO-A (Limited Restricted Use)
64744,77 BOWDEN ROAD,77 BOWDEN RD,0704,Cedar Grove Twp,07009    ,Suspected
650144,780 GROVE STREET ,780 GROVE ST ,0709,Irvington Twp,07111    ,Known
205310,788 12TH STREET SOUTH,788 12TH ST S,0714,Newark City,07108    ,Suspected
750215,78 84 FRELINGHUYSEN AVENUE,82 FRELINGHUYSEN AVE,0714,Newark City,07114    ,LSRP Oversight
64704,78 COURTER AVENUE,78 COURTER AVE,0711,Maplewood Twp,07040    ,Suspected
80494,78 HOLLYWOOD AVENUE,78 HOLLYWOOD AVE,0705,East Orange City,07019    ,Suspected
469312,78 MELROSE AVENUE,78 MELROSE AVE,0709,Irvington Twp,07111    ,UST Fund Application Closed 
766785,78 SOUTH 13TH STREET,78 S 13TH ST,0714,Newark City,07112    ,Known
691117,798 FRELINGHUYSEN AVENUE,798 FRELINGHUYSEN AVE,0714,Newark City,07114    ,Suspected
64734,79 COURTER AVENUE,79 COURTER AVE,0711,Maplewood Twp,07040    ,Suspected
85572,79 RICH STREET,79 RICH ST,0709,Irvington Twp,07111    ,Known
622829,7 ANNETTE ROAD,7 ANNETTE RD,0707,Fairfield Twp,07004    ,RAO-A (Unrestricted Use)
83481,7 BEACH STREET,7 BEACH ST,0711,Maplewood Twp,07040    ,Suspected
568189,7 ELEVEN STORE #37091,247 FREEWAY DR E ,0705,East Orange City,07018    ,RAO-A (Unrestricted Use)
73571,7 FOREST AVENUE,7 FOREST AVE,0722,West Orange Twp,07052    ,Suspected
64936,7 KEASBY ROAD,7 KEASBY RD,0719,South Orange Village Twp,07079    ,Suspected
431288,7 LOWELL PLACE,7 LOWELL PL,0722,West Orange Twp,07052    ,UST Fund Application Closed 
711166,7TH AVENUE & N 12TH STREET GROUNDWATER CONTAMINATION,7TH AVE & N 12TH ST,0714,Newark City,07107    ,Known
65671,7 WOODLAND ROAD,7 WOODLAND RD,0712,Millburn Twp,07041    ,Suspected
449779,80 82 SANFORD PLACE,80 82 SANFORD PL,0714,Newark City,07106    ,Known
74437,80 ARNOLD TERRACE,80 ARNOLD TER,0719,South Orange Village Twp,07079    ,Suspected
181814,80 PARKWAY WEST,80 PARKWAY W ,0702,Bloomfield Twp,070035767,Suspected
653635,80 STONY LANE,80 STONY LN,0712,Millburn Twp,07078    ,Known
63967,8 10 CENTRAL AVENUE,8 10 CENTRAL AVE,0722,West Orange Twp,07052    ,LSRP Oversight
198414,81 DARCY STREET,81 DARCY ST,0714,Newark City,07101    ,Suspected
64484,81 FRANKLIN STREET,81 FRANKLIN ST,0701,Belleville Twp,07109    ,RAO-ISRA Entire Site (Unrestricted Use)
64830,81 STONY LANE,81 STONY LN,0712,Millburn Twp,07141    ,Suspected
399257,82 EASTERN PARKWAY,82 EASTERN PKWY,0714,Newark City,07106    ,UST Fund Application Closed 
692318,8 2ND STREET OF SOUTH ORANGE,8 2ND ST,0719,South Orange Village Twp,07079    ,RAO-A (Unrestricted Use)
183741,83 FOREST HILL ROAD,83 FOREST HILL RD ,0722,West Orange Twp,070524519,Suspected
83240,84 GREENWOOD AVENUE,84 GREENWOOD AVE,0713,Montclair Twp,07042    ,Suspected
154370,854 SANFORD AVENUE,854 SANFORD AVE,0709,Irvington Twp,07111    ,Suspected
74182,85 MALONE AVENUE,85 MALONE AVE,0701,Belleville Twp,07109    ,Suspected
73414,85 SOUTH 19TH STREET,85 S 19TH ST,0714,Newark City,07105    ,Suspected
551674,86 88 SHERMAN PLACE,86 88 SHERMAN PL,0709,Irvington Twp,07111    ,UST Fund Application Under Review
463511,868 SOUTH 18TH STREET,868 S 18TH ST,0714,Newark City,07108    ,RAO-A (Unrestricted Use)
201953,86 92 LISTER AVENUE,86 92 LISTER AVE,0714,Newark City,07105    ,Suspected
750873,86 96 NORFOLK STREET,86 96 NORFOLK ST,0714,Newark City,07103    ,LSRP Oversight
83563,86 COURTER AVENUE,86 COURTER AVE,0711,Maplewood Twp,07040    ,Suspected
410227,86 NORMAN STREET,86 NORMAN ST,0705,East Orange City,07017    ,UST Fund Application Closed 
143739,874 876 SOUTH 16TH ST,874 876 S 16TH ST,0714,Newark City,07108    ,Suspected
88620,876 RIDGEWOOD ROAD,876 RIDGEWOOD RD,0712,Millburn Twp,07041    ,Suspected
711112,87 89 BROUGHTON AVENUE,87 89 BROUGHTON AVE,0702,Bloomfield Twp,07003    ,LSRP Oversight
88262,87 COOPER AVENUE,87 COOPER AVE,0713,Montclair Twp,07042    ,Suspected
514870,87 HALSEY STREET,87 HALSEY ST,0714,Newark City,07102    ,LSRP Oversight
64970,87 PACIFIC AVENUE,87 PACIFIC AVE,0714,Newark City,07114    ,Suspected
572968,885 891 SOUTH ORANGE AVENUE,885 891 S ORANGE AVE,0705,East Orange City,07018    ,LSRP Oversight
609934,88 CHESTNUT STREET,88 CHESTNUT ST,0722,West Orange Twp,07052    ,UST Fund Application Under Review
123566,899 913 BROAD STREET,899 913 BROAD ST,0714,Newark City,07102    ,Suspected
426624,8 ALYEA STREET,8 ALYEA ST,0714,Newark City,07114    ,Known
83423,8 HARDING DRIVE,8 HARDING DR,0707,Fairfield Twp,07006    ,Suspected
14035,8 KULICK ROAD,8 KULICK RD,0707,Fairfield Twp,070060011,RAO-Entire Site (Limited Restricted Use)
535800,8 LIBELLA COURT,8 LIBELLA CT,0714,Newark City,07105    ,Known
65709,912 SOUTH ORANGE AVENUE,912 S ORANGE AVE,0714,Newark City,07018    ,LSRP Oversight
621290,915 933 BROAD STREET,915 933 BROAD ST,0714,Newark City,10029    ,RAO-Entire Site (Restricted Use)
73415,92 19TH AVENUE,92 19TH AVE,0714,Newark City,07105    ,Suspected
650885,92 94 CLIFFORD STREET ,92 94 CLIFFORD ST,0714,Newark City,07105    ,LSRP Oversight
81585,92 98 GREENWOOD AVENUE,92 98 GREENWOOD AVE,0713,Montclair Twp,07042    ,RAO-A (Unrestricted Use)
222932,92 SOUTH ORATON PARKWAY UST,92 S ORATON PKWY,0705,East Orange City,07019    ,Suspected
743833,93 MUNN AVENUE NORTH,93 MUNN AVE N,0705,East Orange City,07017    ,UST Fund Application Under Review
427153,93 NORTH 17TH STREET OIL SPILL,93 N 17TH ST,0705,East Orange City,07017    ,Suspected
767601,94 FLOYD AVENUE,94 FLOYD AVE,0702,Bloomfield Twp,07003    ,Known
148910,94 RECTOR STREET,94 RECTOR ST,0712,Millburn Twp,07041    ,Suspected
715446,94 SUNSET AVENUE,94 SUNSET AVE,0708,Glen Ridge Boro,07028    ,RAO-A (Unrestricted Use)
75658,952 958 BERGEN STREET,952 958 BERGEN ST,0714,Newark City,07105    ,LSRP Oversight
628646,953 BERGEN STREET,953 BERGEN ST,0714,Newark City,07112    ,Known
627855,95 97 EMMET STREET,95 97 EMMET ST,0714,Newark City,07114    ,RAO-A (Restricted Use)
88409,95 CENTRAL AVENUE,95 CENTRAL AVE,0713,Montclair Twp,07042    ,Suspected
8941,961 CLINTON 2000 CORP,959 961 CLINTON AVE,0709,Irvington Twp,07111    ,Known
368627,96 RENNER AVENUE,96 RENNER AVE,0714,Newark City,07112    ,Known
65699,96 RIDGEWOOD AVENUE,96 RIDGEWOOD AVE,0708,Glen Ridge Boro,07028    ,Suspected
427745,96 WILDWOOD AVENUE,96 WILDWOOD AVE,0713,Montclair Twp,07043    ,RAO-A (Unrestricted Use)
634775,972 974 BROAD STREET ,972 974 BROAD ST,0714,Newark City,07102    ,RAO-A (Unrestricted Use)
178586,97 99 SCHUYLER AVENUE,97 99 SCHUYLER AVE,0714,Newark City,07112    ,Suspected
64700,97 BEVERLEY ROAD,97 BEVERLEY RD,0713,Montclair Twp,07042    ,Suspected
65504,987 SANFORD AVENUE,987 SANFORD AVE,0709,Irvington Twp,07111    ,Suspected
766730,98 LITTLE STREET,98 LITTLE ST,0701,Belleville Twp,07109    ,Known
75568,98 MYRTLE AVENUE,98 MYRTLE AVE,0716,Nutley Twp,07110    ,Suspected
18283,990 18TH AVENUE APARTMENTS,990 18TH AVE,0714,Newark City,07106    ,Suspected
64890,99 7TH AVENUE,99 7TH AVE,0714,Newark City,07104    ,Suspected
64002,99 CHAPEL STREET,12 34 LISTER AVE,0714,Newark City,07105    ,LSRP Oversight
88332,99 LESSING ROAD,99 LESSING RD,0722,West Orange Twp,07052    ,Suspected
87143,99 RAYMOND AVENUE,99 RAYMOND AVE,0716,Nutley Twp,07110    ,Suspected
750343,9 CARLSON ROAD IFO,9 CARLSON RD IFO,0722,West Orange Twp,07052    ,RAO-A (Unrestricted Use)
469005,9 CLEARVIEW TERRACE,9 CLEARVIEW TER,0722,West Orange Twp,07052    ,RAO-A (Unrestricted Use)
85153,9 FLOYD AVENUE,9 FLOYD AVE,0702,Bloomfield Twp,07003    ,Suspected
399209,9 HAZEL PLACE,9 HAZEL PL,0709,Irvington Twp,07111    ,UST Fund Application Closed 
582224,9 HEDDEN TERRACE,9 HEDDEN TER ,0714,Newark City,07101    ,RAO-A (Unrestricted Use)
180584,9 JOYCE STREET,9 JOYCE ST,0722,West Orange Twp,070524337,Suspected
64718,9 KILMER DRIVE,9 KILMER DR,0712,Millburn Twp,07141    ,Suspected
64607,9 LAUREL AVENUE,9 LAUREL AVE,0709,Irvington Twp,07111    ,Suspected
84528,9 MARION TERRACE,9 MARION TER,0711,Maplewood Twp,07040    ,Suspected
95968,9 MARQUETTE ROAD,9 MARQUETTE RD,0713,Montclair Twp,07043    ,Known
65196,9 REID AVENUE,9 REID AVE,0702,Bloomfield Twp,07003    ,Suspected
659658,9TH AVENUE & SOUTH 16TH STREET GROUND WATER CONTAMINATION,9TH AVE & S 16TH ST,0705,East Orange City,07018    ,Known
496263,9 WILLARD PLACE,9 WILLARD PL,0713,Montclair Twp,07042    ,RAO-A (Unrestricted Use)
63658,9 WOODLAND ROAD COMMERCIAL BUILDING,9 WOODLAND RD,0718,Roseland Boro,07068    ,Known
43204,A1 AUTO TECH INC,201 BELLEVUE AVE,0713,Montclair Twp,07043    ,LSRP Oversight
84442,AAA ALL DRAIN SEPTIC CLEANING ,62 70 CLINTON RD,0707,Fairfield Twp,07006    ,Suspected
406659,A&A CONSTRUCTION HERBERT HOMES DEVELOPMENT SITE,2 RIVERSIDE AVE,0714,Newark City,07104    ,RAO-Entire Site (Unrestricted Use)
30172,A&A INDUSTRIAL,6 GARDNER RD,0707,Fairfield Twp,07004    ,LSRP Oversight
24674,ABBEY SPRING & WIRE FORMS CO INC,32 HECKEL ST,0701,Belleville Twp,07109    ,RAO-A (Unrestricted Use)
650110,ABC ACADEMY,42 BELLEVILLE AVE,0702,Bloomfield Twp,07003    ,LSRP Oversight
360175,ABC NURSERY SCHOOL,386 WHITE OAK RIDGE RD,0712,Millburn Twp,07078    ,Suspected
57662,ABCO AUTO ELECTRIC,512 ROSEVILLE AVE,0714,Newark City,07101    ,RAO-A (Unrestricted Use)
458619,ABREU TRUCK SERVICES INC,283 299 FRELINGHUYSEN AVE,0714,Newark City,07114    ,LSRP Oversight
180451,ACADEMY FENCE CO INC,119 N DAY ST,0717,Orange City Twp,07050    ,RAO-A (Unrestricted Use)
64270,ACCURATE ENVELOPE CO INC,125 1ST ST,0714,Newark City,07199    ,Suspected
260919,ACCURATE SCREW MACHINE CO,19 BALTIMORE ST,0716,Nutley Twp,07110    ,RAO-Entire Site (Unrestricted Use)
436277,ACE CHEMICALS & PHARMACEUTICALS ,240 250 MARTIN LUTHER KING BLVD,0714,Newark City,07102    ,LSRP Oversight
51365,ACE TRUCK SALES,162 RT 1/9,0714,Newark City,07199    ,RAO-A (Restricted Use)
8539,ACME AUTO BODY WORKS,174 176 ORANGE ST,0714,Newark City,07103    ,LSRP Oversight
410020,ACTIVE OIL SERVICES,101 RIVERSIDE AVE,0714,Newark City,07104    ,LSRP Oversight
20661,AC TRANSFORMER CORP,89 MADISON ST,0714,Newark City,07105    ,RAO-ISRA Entire Site (Unrestricted Use)
76502,ACUPAK INC @ RIVERSIDE IND PK,1718 1728 MCCARTER HWY R,0714,Newark City,07104    ,LSRP Oversight
32075,ADAMS DELANCY,331 337 ADAMS ST,0714,Newark City,07105    ,LSRP Oversight
743266,ADAMS DRY CLEANERS FORMER COLOCATION,ADAMS ST,0714,Newark City,07105    ,Suspected
750748,ADAMS LAWRENCE DRY CLEANERS FORMER COLOCATION,WINANS AVE,0714,Newark City,07108    ,Suspected
63788,ADAMS STREET SLF,ADAMS ST,0714,Newark City,07101    ,Suspected
229729,ADASSA EARLY CHILDHOOD EDUCATIONAL CENTER INC,737 IRVINGTON AVE,0711,Maplewood Twp,07040    ,CCF Approved
31772,A DOMBROWSKY & SONS INC,717 GROVE ST,0709,Irvington Twp,07111    ,CCF Approved
21062,ADRONICS ELROB MFG CORP,9 SAND PARK RD,0704,Cedar Grove Twp,07009    ,RAO-Entire Site (Unrestricted Use)
8096,A DRYCLEANERS,492 494 PLEASANT VALLEY WAY,0722,West Orange Twp,07052    ,No SRP Oversight Required
14205,ADVANCED ENTERPRISE RECYCLING,540 DOREMUS AVE,0714,Newark City,07105    ,LSRP Oversight
64190,ADVANCE SERVICE SYSTEMS,657 671 FRELINGHUYSEN AVE,0714,Newark City,07199    ,Suspected
8126,A&F ELECTROPLATING INC,106 ASHLAND AVE,0722,West Orange Twp,07052    ,LSRP Oversight
41894,AFI FOOD SERVICE DISTRIBUTORS,440 EAGLE ROCK AVE,0718,Roseland Boro,07068    ,LSRP Oversight
360177,AFTER SCHOOL PROGRAM OF MAPLEWOOD SOUTH ORANGE,124 DUNNELL RD,0711,Maplewood Twp,07040    ,LSRP Oversight
360180,AGAPE CHILDRENS ACADEMY OF NJ,830 LYONS AVE,0709,Irvington Twp,07111    ,CCF Approved
75844,AH MILLER & ASSOC,157 161 FRELINGHUYSEN AVE,0714,Newark City,07105    ,RAO-Entire Site (Unrestricted Use)
42315,AIRBORNE EXPRESS FREIGHT CORP FORMER,73 99 OLYMPIA DR,0714,Newark City,07112    ,RAO-A (Restricted Use)
175126,AIRLANE CONVEYOR,295 FAIRFIELD AVE,0707,Fairfield Twp,07006    ,RAO-Entire Site (Unrestricted Use)
368649,AIR PRO VACUUM PRODUCTS CORP,4 SPIELMAN RD,0707,Fairfield Twp,07004    ,LSRP Oversight
8556,A&J AMOCO SERVICE STATION INC FORMER,351 MCCARTER HWY,0714,Newark City,07110    ,RAO-A (Restricted Use)
8287,A&J FUEL PETROLEUM INC SERVICE STATION,84 KINGSLAND ST,0716,Nutley Twp,07110    ,LSRP Oversight
14038,AKARS AUTOMOTIVE,855 S ORANGE AVE,0705,East Orange City,08017    ,RAO-A (Unrestricted Use)
9218,AKAR VII EXXON SERVICE STATION #30041,491 BLOOMFIELD AVE,0702,Bloomfield Twp,07003    ,RAO-A (Limited Restricted Use)
27616,ALAMO RENT A CAR INC #254,RT 1/9 S,0714,Newark City,07114    ,Known
27149,ALBERONA AUTO CLINIC,246 BLOOMFIELD AVE,0720,Verona Twp,07044    ,RAO-A (Unrestricted Use)
360181,ALBERTA BEY CENTER HEAD START,300 CHANCELLOR AVE,0714,Newark City,07112    ,Suspected
371889,ALBERT AVENUE ABANDONED DRUMS,ALBERT AVE,0714,Newark City,07105    ,No SRP Oversight Required
14224,ALBERT & CORNELIA URBAN RENEWAL,46 ALBERT AVE,0714,Newark City,07105    ,RAO-ISRA Entire Site (Restricted Use)
20079,ALCO MACHINE & TOOL INC,111 ORANGE ST,0702,Bloomfield Twp,07003    ,RAO-Entire Site (Restricted Use)
63838,ALDEN PARK,412 ALDEN ST,0717,Orange City Twp,07051    ,Known
31780,ALEXANDER & SONS JUNK YARD INC,210 218 JELIFF AVE,0714,Newark City,07104    ,Suspected
21965,ALFA MACHINE & TOOL CO INC,19 JUST RD,0707,Fairfield Twp,07004    ,RAO-Entire Site (Unrestricted Use)
360182,ALICES FRIENDLY DAY CARE CENTER INC,12 NAPOLEAN ST,0714,Newark City,07105    ,CCF Approved
85452,ALISTER MONTCLAIR,11 PINE ST,0713,Montclair Twp,07042    ,Known
53409,ALL AMERICAN BRUSH MFG CORP,37 EMPIRE ST,0714,Newark City,07114    ,LSRP Oversight
376702,ALLCARE CHILD CARE,17 MUHAMMED ALI AVE,0714,Newark City,07104    ,No SRP Oversight Required
63620,ALL CNTY ENVIRONMENTAL SERVICES CORP,193 CHRISTIE ST,0714,Newark City,07199    ,LSRP Oversight
64501,ALLEN BRADLEY CO,24 DWIGHT PL,0707,Fairfield Twp,07006    ,LSRP Oversight
534099,ALLEN ROAD SUBDIVISION,2 ALLEN RD,0715,North Caldwell Boro,07006    ,RAO-A (Unrestricted Use)
45667,ALLENS AMOCO SERVICE STATION,867 CLINTON AVE,0714,Newark City,07102    ,LSRP Oversight
23074,ALL GREEN LANDSCAPING CONTRACTORS INC,131 133 LINCOLN AVE,0717,Orange City Twp,07054    ,RAO-Entire Site (Unrestricted Use)
206010,ALL HALAL MEATS,28 AMPERE PKWY,0705,East Orange City,07017    ,RAO-A (Unrestricted Use)
19159,ALLIANCE CHEMICAL INC,309 327 AVE P,0714,Newark City,07105    ,LSRP Oversight
8881,ALLISON CORP,630 MT PLEASANT AVE W,0710,Livingston Twp,07039    ,Known
707287,ALL STATE PAPER BOX CO INC,223 237 RAYMOND BLVD,0714,Newark City,07105    ,LSRP Oversight
19749,ALLSTATE PAPER BOX CO INC,239 279 RAYMOND BLVD,0714,Newark City,07105    ,LSRP Oversight
19963,ALLSTATES AIR CARGO INC,35 FENWICK ST,0714,Newark City,07106    ,Completed-Area of Concern Limited Restricted Use
38901,ALL STATE SALVAGE CORP,47 STANDISH AVE,0722,West Orange Twp,07052    ,Inactive
757111,ALL STATE TOWING & SALVAGE PARKING LOT,LAKESIDE AVE,0722,West Orange Twp,07052    ,Inactive
202469,ALLWOODS FURNITURE REFINISHING,130 COIT ST,0709,Irvington Twp,07111    ,No SRP Oversight Required
29094,A LOMBARDI INC,73 N WILLOW ST,0713,Montclair Twp,07042    ,LSRP Oversight
376703,ALPHA DAY CARE CENTER,105 MAIN ST,0717,Orange City Twp,07050    ,CCF Approved
124450,ALTICE USA,352 360 CENTRAL AVE,0714,Newark City,07102    ,LSRP Oversight
51917,ALUMET SMELTING CORP,104 E PEDDIE ST,0714,Newark City,07114    ,Verified Unknown Source
262799,AMABLER AUTO REPAIR & BODY,904 906 S ORANGE AVE,0714,Newark City,07106    ,LSRP Oversight
405777,AMAZING YEARS CHILD DEVELOPMENT PROPOSED,135 137 16TH AVE,0714,Newark City,07514    ,Withdrawn
54040,AMBROSIA CHOCOLATE CO FORMER,364 5TH ST,0714,Newark City,07107    ,Completed-Area of Concern Limited Restricted Use
21455,AMERICAN ALUMINUM CASTING CO,324 COIT ST,0709,Irvington Twp,07111    ,RAO-ISRA Entire Site (Restricted Use)
722880,AMERICAN ALUMINUM CASTING CO & ALUMINUM FOUNDRY,305 COIT ST,0709,Irvington Twp,07111    ,RAO-ISRA Entire Site (Unrestricted Use)
60362,AMERICANA PORTRAITS INC,270 PLEASANT VALLEY WAY,0722,West Orange Twp,07052    ,CCF Approved
47356,AMERICAN BAKERIES CO,387 393 COIT ST,0709,Irvington Twp,07111    ,RAO-A (Unrestricted Use)
14901,AMERICAN FINISHING & SPRAY CO,123 135 NEW JERSEY RAILROAD AVE,0714,Newark City,07105    ,Suspected
43845,AMERICAN LEASING CORP,20 N PARK ST,0705,East Orange City,07017    ,RAO-A (Unrestricted Use)
8446,AMERICAN OIL & SUPPLY CO,238 260 WILSON AVE,0714,Newark City,07114    ,LSRP Oversight
366905,AMERICAN REALTY,1148 1154 BLOOMFIELD AVE,0721,West Caldwell Twp,07006    ,CCF Approved
74498,AMERICAN REALTY PROPERTY,17 GRAY ST,0721,West Caldwell Twp,07006    ,Suspected
8496,AMERICAN REDI MIX CO INC,46 68 PARIS ST,0714,Newark City,07114    ,Known
8706,AMERICAN RENDERING CORP,38 42 BAY AVE,0714,Newark City,07105    ,LSRP Oversight
44452,AMERICAN RESCUE WORKERS INC,77 BRUEN ST,0714,Newark City,07105    ,RAO-A (Unrestricted Use)
8968,AMERICAN SPECIALTY EQUIPMENT INC,15 DANIEL RD E,0707,Fairfield Twp,07004    ,LSRP Oversight
742952,AMERICAN STEAM LAUNDRY FORMER COLOCATION,S 7TH ST,0714,Newark City,07103    ,Suspected
32442,AMERIKEM LABS INC,136 ARLINGTON AVE,0702,Bloomfield Twp,07050    ,RAO-A (Unrestricted Use)
16152,AMERLUX INC,23 DANIEL RD E,0707,Fairfield Twp,07006    ,RAO-Entire Site (Limited Restricted Use)
51130,AMER PLY,326 FRELINGHUYSEN AVE,0714,Newark City,07114    ,RAO-A (Unrestricted Use)
747375,AMG RESOURCES @ 301 FRELINGHUYSEN,301 Frelinghuysen Ave,0714,Newark City,07114    ,LSRP Oversight
747714,AMG RESOURCES @ 89 EMPIRE ST,89 EMPIRE ST,0714,Newark City,07114    ,LSRP Oversight
20924,AMG RESOURCES CORP,307 315 FRELINGHUYSEN AVE,0714,Newark City,071141415,LSRP Oversight
77531,AMLACK INC,61 77 EMPIRE ST,0714,Newark City,07114    ,LSRP Oversight
64332,AMOCO SERVICE STATION,90 DODD ST,0705,East Orange City,07018    ,RAO-A (Limited Restricted Use)
22334,AMOCO SERVICE STATION #4223,525 VALLEY RD,0713,Montclair Twp,07028    ,LSRP Oversight
8097,AMOCO SERVICE STATION #84849,945 PLEASANT VALLEY WAY,0722,West Orange Twp,07052    ,LSRP Oversight
8821,AMOCO SERVICE STATION #98,1864 SPRINGFIELD AVE,0711,Maplewood Twp,07054    ,LSRP Oversight
754393,AMPERE PARKWAY & BLOOMFIELD AVENUE GROUNDWATER CONTAMINATION,AMPERE PKWY & BLOOMFIELD AVE,0702,Bloomfield Twp,07003    ,Known
523547,AMPERE PARKWAY & CHESTER AVENUE GROUNDWATER CONTAMINATION,AMPERE PKWY & CHESTER AVE,0702,Bloomfield Twp,07003    ,Known
584304,AMPERE PARKWAY & ROYALTON PLACE GROUND WATER CONTAMINATION,AMPERE PKWY & ROYALTON PL,0702,Bloomfield Twp,07003    ,Known
8504,AMTRAK CORP HUNTER YARD FUEL FACILITY,124 POINIER ST,0714,Newark City,07114    ,RAO-A (Unrestricted Use)
65389,AMTRAK CORP PENN STATION NEWARK,RAYMOND BLVD,0714,Newark City,07114    ,No SRP Oversight Required
54251,AMTRAK CORP SUBSTATION #40,MT OLIVET AVE & MCCLELLAN ST,0714,Newark City,07101    ,RAO-A (Limited Restricted Use)
57028,AMTRUCK HILDERMANN INDUSTRIES,335 347 RAYMOND BLVD,0714,Newark City,07101    ,Verified Unknown Source
51971,ANGELICA HEALTH CARE SERVICES,12 CLIFTON ST,0714,Newark City,07000    ,LSRP Oversight
20876,ANGELO MIELE & SONS INC,328 ORANGE RD,0713,Montclair Twp,07042    ,RAO-A (Unrestricted Use)
51046,ANGELO MIELE & SONS INC,438 N 6TH ST,0714,Newark City,07042    ,Suspected
50794,ANHEUSER BUSCH INC GRAIN DRYING,448 468 RAYMOND BLVD,0714,Newark City,07105    ,Verified Unknown Source
8180,ANNIN & CO,163 BLOOMFIELD AVE,0720,Verona Twp,07044    ,RAO-Entire Site (Restricted Use)
65426,ANTI HYDRO INTERNATIONAL FORMER,265 295 BADGER AVE,0714,Newark City,07199    ,LSRP Oversight
8709,ANTI HYDRO INTERNATIONAL INC BADGER TECHNOLOGY DIV,270 296 BADGER AVE,0714,Newark City,07108    ,RAO-ISRA Leasehold (Unrestricted Use)
490090,ANTOJITOS SALVADORENO INC,10 CHESTER AVE,0702,Bloomfield Twp,07003    ,Suspected
88359,APARTMENT COMPLEX,74 MONTAGUE PL,0713,Montclair Twp,07042    ,Suspected
588155,APARTMENT COMPLEX,844 868 SPRINGFIELD AVE,0709,Irvington Twp,07111    ,LSRP Oversight
20784,APEX GEAR & MACHINE CO,938 948 LAKE ST ,0714,Newark City,07104    ,RAO-ISRA Entire Site (Limited Restricted Use)
360183,A PLEASANT DAY NURSERY SCHOOL,8 ACADEMY RD,0703,Caldwell Boro,07006    ,CCF Approved
129897,APOLIO P,175 MONTGOMERY ST,0702,Bloomfield Twp,07003    ,Suspected
42995,APOLLO MOVING & STORAGE INC,200 222 MURRAY ST,0714,Newark City,07114    ,No SRP Oversight Required
447356,APOLLO TRUCK REPAIRS INC,24 MARGARETTA ST,0714,Newark City,07105    ,Verified Unknown Source
79851,A&P SHOPPING CENTER,31 BELLEVILLE AVE,0702,Bloomfield Twp,07003    ,Verified Unknown Source
38489,AQUA GULF EXPRESS INC,445 WILSON AVE,0714,Newark City,07105    ,Known
53734,ARBOR GLEN CARE & REHABILITATION CENTER,POMPTON AVE & E LINDSEY RD,0704,Cedar Grove Twp,07009    ,RAO-A (Unrestricted Use)
353627,ARCHDIOCESE OF NEWARK IRONBOUND CATHOLIC ACADEMY,366 E KINNEY ST,0714,Newark City,07105    ,RAO-A (Unrestricted Use)
689402,ARCO NEWARK TERMINAL FORMER,921 1111 DELANCY ST,0714,Newark City,07101    ,LSRP Oversight
8835,ARDELL INDUSTRIES INC,238 BURNETT AVE,0711,Maplewood Twp,07040    ,LSRP Oversight
334692,ARKANAS CHEMICAL CO FORMER,173 183 FOUNDRY ST,0714,Newark City,07105    ,LSRP Oversight
51681,ARK IMPROVEMENT CORP,946 BROAD ST,0714,Newark City,07102    ,LSRP Oversight
23397,ARNOLD ACTION FURNITURE INC,146 COIT ST,0709,Irvington Twp,07111    ,RAO-A (Unrestricted Use)
632744,ARNOLD FURNITURE ,132 COIT ST,0709,Irvington Twp,07111    ,LSRP Oversight
8933,ARNOLD FURNITURE INC,400 COIT ST,0709,Irvington Twp,07111    ,LSRP Oversight
649489,ARNOLD FURNITURE MANUFACTURERS INC,380 384 COIT ST,0709,Irvington Twp,07111    ,RAO-Entire Site (Unrestricted Use)
8956,ARNOLD GEISLER FURNITURE FABRICATORS,609 CHANCELLOR AVE,0709,Irvington Twp,07111    ,RAO-Entire Site (Unrestricted Use)
14923,AROL CHEMICAL PRODUCTS CO INC,647 651 FERRY ST,0714,Newark City,07105    ,LSRP Oversight
8164,ARP SERVICE STATION,202 POMPTON AVE,0720,Verona Twp,07044    ,LSRP Oversight
64523,ARROW AUTO MALL,FRANKLIN ST,0701,Belleville Twp,07109    ,Suspected
52984,ARROW FUEL,469 LYONS AVE,0714,Newark City,07112    ,RAO-A (Unrestricted Use)
8411,ARROW UNIFORM SUPPLY INC,377 5TH ST,0714,Newark City,07107    ,LSRP Oversight
70835,ARRPA CO,52 HUNTER ST,0714,Newark City,07114    ,LSRP Oversight
64016,ART METAL USA INC,264 304 PASSAIC ST,0714,Newark City,07104    ,LSRP Oversight
152856,A&S BOILER INC,1239 BROAD ST,0714,Newark City,07114    ,RAO-ISRA Entire Site (Restricted Use)
48686,A&S CORP,415 421 AVON AVE,0714,Newark City,07108    ,RAO-A (Unrestricted Use)
61681,ASME INTERNATIONAL,22 LAW DR,0707,Fairfield Twp,07004    ,RAO-A (Unrestricted Use)
30804,ASPE INC,6 WASHINGTON AVE,0707,Fairfield Twp,07004    ,RAO-A (Unrestricted Use)
631435,ASSISTED LIVING FACILITY PROPOSED,212 PASSAIC AVE,0707,Fairfield Twp,07004    ,Verified Unknown Source
94945,ASSOCIATED GRAPHICS INC,3 OAK RD,0707,Fairfield Twp,07004    ,RAO-ISRA Entire Site (Restricted Use)
20298,ATCO PRODUCTS INC,189 195 FRELINGHUYSEN AVE,0714,Newark City,07114    ,LSRP Oversight
752057,ATHLETIC ARTS ACADEMY @ 23 SOUTH ESSEX AVENUE STRIP MALL,23 S ESSEX AVE,0717,Orange City Twp,07050    ,LSRP Oversight
8767,ATI SERVICE STATION,111 GROVE ST,0713,Montclair Twp,07042    ,LSRP Oversight
26264,ATLANTIC BIAS PRODUCTS INC,702 FRELINGHUYSEN AVE,0714,Newark City,07114    ,Known
8345,ATLANTIC COLLISION,141 FRELINGHUYSEN AVE,0714,Newark City,07114    ,Verified Unknown Source
35520,ATLANTIC PRODUCTS INC ,300 FAIRFIELD RD,0707,Fairfield Twp,07006    ,LSRP Oversight
587065,ATLANTIC TRACK,270 BROAD ST,0702,Bloomfield Twp,07003    ,LSRP Oversight
122683,ATLANTIC ZEISER @ ESSEX PASSAIC IND PK,15 PATTON DR,0721,West Caldwell Twp,07007    ,RAO-ISRA Entire Site (Unrestricted Use)
360174,A TO Z ACADEMY,264 PASSAIC AVE,0707,Fairfield Twp,07004    ,Suspected
360184,AUDREY WEST HEAD START CENTER,168 ROSEVILLE AVE,0714,Newark City,07107    ,CCF Approved
56348,AUGHT CORP,275 SANFORD ST,0705,East Orange City,07018    ,LSRP Oversight
568671,AUNT CLARS DAYCARE CENTER,49 16TH AVE,0714,Newark City,07103    ,LSRP Oversight
22612,AURILYTE PROCESS CO,25 MCWHORTER ST,0714,Newark City,07105    ,LSRP Oversight
8569,AUTO BODY & SERVICE CO INC FORMER,32 JONES ST,0714,Newark City,07103    ,Known
8224,AUTOMATIC DATA PROCESSING,1 ADP BLVD,0718,Roseland Boro,070681728,RAO-A (Unrestricted Use)
392565,AUTOMATIC ELECTRO PLATING,157 169 FOUNDRY ST ,0714,Newark City,07105    ,LSRP Oversight
8127,AUTOPART INTERNATIONAL,56 COLUMBIA ST,0722,West Orange Twp,07052    ,Inactive
63659,AVALON ROSELAND,100 AVALON BLVD,0718,Roseland Boro,07068    ,Known
666812,AVENUE L & MARY STREET GROUND WATER CONTAMINATION,AVENUE L & MARY ST,0714,Newark City,07105    ,Known
63766,AVENUE P SLF,345 405 AVE P,0714,Newark City,07118    ,LSRP Oversight
14219,AVERY DENNISON MFG CO CONTROL PRINT DIV,67 SAND PARK RD,0704,Cedar Grove Twp,07009    ,RAO-ISRA Entire Site (Unrestricted Use)
126010,AVIS RENT A CAR INC,86 OLYMPIA DR,0714,Newark City,07114    ,RAO-A (Limited Restricted Use)
54887,AVON SHEET METAL & ROOFING CO,210 224 BADGER AVE,0714,Newark City,07199    ,LSRP Oversight
18601,AVON SUPERWASH INC LAUNDROMAT,125 AVON AVE,0714,Newark City,07108    ,LSRP Oversight
391669,AWISCO NJ CORP,24 LAKESIDE AVE,0722,West Orange Twp,07052    ,Inactive
445722,BABYLAND FAMILY SERVICES INC,755 757 S ORANGE AVE,0714,Newark City,07106    ,RAO-Entire Site (Unrestricted Use)
257954,BABYLAND FAMILY SERVICES INC #3,188 200 S ORANGE AVE,0714,Newark City,07106    ,RAO-A (Unrestricted Use)
376704,BABY LOVE CHRISTIAN ACADEMY I LEARNING CENTER,228 S HARRISON ST,0705,East Orange City,07018    ,CCF Approved
88251,BADGER DEVELOPMENT CO,213 255 RIDGEWOOD AVE,0714,Newark City,07199    ,Known
31930,BAHTO & SON DRY CLEANERS,623 VALLEY RD,0713,Montclair Twp,07043    ,RAO-Entire Site (Unrestricted Use)
8517,BAKER ADHESIVES INC,152 158 MT PLEASANT AVE,0714,Newark City,07114    ,RAO-Entire Site (Unrestricted Use)
649903,BALLANTINE PARCEL C,453 457 FERRY ST,0714,Newark City,07105    ,RAO-Entire Site (Restricted Use)
649905,BALLANTINE PARCEL D,57 FLEMING AVE,0714,Newark City,07105    ,RAO-A (Unrestricted Use)
634546,BALLANTINE PARCEL G,448 454 FERRY ST,0714,Newark City,07105    ,RAO-Entire Site (Restricted Use)
59156,BANK OF AMERICA,40 52 MARKET ST,0714,Newark City,07102    ,Suspected
21905,BANNER CHEMICAL CORP,111 HILL ST,0717,Orange City Twp,07050    ,LSRP Oversight
63935,BARON BLAKESLEE INC @ RIVERSIDE IND PK,29 RIVERSIDE AVE,0714,Newark City,07199    ,LSRP Oversight
23060,BARRETT PAVING MATERIALS INC,3 BECKER FARM RD,0718,Roseland Boro,07068    ,Suspected
63675,BAYONNE DRUM & BARREL CO,140 166 RAYMOND BLVD,0714,Newark City,07105    ,LSRP Oversight
8271,B&B AUTO REPAIR & SALES,100 KINGSLAND ST,0716,Nutley Twp,07110    ,Verified Unknown Source
534453,BBT REALTY,317 329 DOREMUS AVE ,0714,Newark City,07105    ,Known
625534,B&C TOWING GASOLINE TANKER SPILL,527 AVE P,0714,Newark City,07102    ,LSRP Oversight
328962,BEE RITE AUTO BODY,93 SYLVAN AVE,0714,Newark City,07104    ,LSRP Oversight
63728,BEGGS & COBB CORP,22 JOHNSON ST,0714,Newark City,07101    ,EPA Removal Action Complete
386710,BEGINNINGS CHRISTIAN PRESCHOOL PROPOSED,1605 SPRINGFIELD AVE,0711,Maplewood Twp,07040    ,LSRP Oversight
92002,BEIFUS MOTORS INC,1 17 S ORANGE AVE,0719,South Orange Village Twp,07079    ,RAO-A (Restricted Use)
41370,BEIRA AUTO SALES FORMER,713 733 MCCARTER HWY,0714,Newark City,07107    ,LSRP Oversight
14011,BELL CONTAINER CORP,615 FERRY ST,0714,Newark City,07105    ,LSRP Oversight
415415,BELLEVILLE AVENUE & DAVEY STREET GROUNDWATER CONTAMINATION,63 75 BELLEVILLE AVE,0702,Bloomfield Twp,07003    ,Known
9213,BELLEVILLE AVENUE SERVICE STATION,75 BELLEVILLE AVE,0702,Bloomfield Twp,07003    ,RAO-A (Unrestricted Use)
78777,BELLEVILLE BUSINESS CENTER,39 60 MONTGOMERY ST,0701,Belleville Twp,07109    ,LSRP Oversight
40716,BELLEVILLE IND CENTER,681 MAIN ST,0701,Belleville Twp,07109    ,LSRP Oversight
360187,BELLEVILLE RECREATION DEPART,407 JORALEMON ST,0701,Belleville Twp,07109    ,CCF Approved
9236,BELLEVILLE TWP BD OF ED BELLEVILLE HIGH SCHOOL,100 PASSAIC AVE,0701,Belleville Twp,07109    ,Suspected
9347,BELLEVILLE TWP BD OF ED SCHOOL #1,190 CORTLANDT ST,0701,Belleville Twp,07109    ,RAO-A (Unrestricted Use)
9240,BELLEVILLE TWP BD OF ED SCHOOL #4,24 32 MAGNOLIA ST,0701,Belleville Twp,07109    ,RAO-A (Unrestricted Use)
9336,BELLEVILLE TWP DPW,560 CORTLANDT ST,0701,Belleville Twp,07109    ,RAO-A (Unrestricted Use)
9339,BELLEVILLE TWP FIRE DEPT FRANKLIN STATION,275 FRANKLIN AVE,0701,Belleville Twp,07109    ,LSRP Oversight
9252,BELLEVILLE TWP FIRE DEPT WASHINGTON STATION,434 WASHINGTON AVE,0701,Belleville Twp,07109    ,RAO-A (Unrestricted Use)
72044,BELLEVILLE WIRE CLOTH CO,135 LITTLE ST,0701,Belleville Twp,07109    ,LSRP Oversight
515641,BELLEVUE AVENUE & VALLEY ROAD GROUNDWATER CONTAMINATION,BELLEVUE AVE & VALLEY RD,0713,Montclair Twp,07043    ,Known
65143,BELLEVUE THEATER,260 BELLEVUE AVE,0713,Montclair Twp,07042    ,Suspected
18237,BENAFATTO CONSTRUCTION CO,14 PLOG RD,0707,Fairfield Twp,07004    ,RAO-A (Unrestricted Use)
14935,BENJAMIN MOORE PAINT CO,134 LISTER AVE,0714,Newark City,07105    ,Suspected
33582,BERGEN CABLE TECHNOLOGY INC,343 KAPLAN DR,0707,Fairfield Twp,07006    ,RAO-ISRA Entire Site (Unrestricted Use)
67983,BERGEN MACHINE & TOOL CO INC,85 PARK AVE,0716,Nutley Twp,07110    ,LSRP Oversight
436140,BERGEN STEEL FABRICATORS INC,9 RAY PL,0707,Fairfield Twp,07004    ,LSRP Oversight
14008,BERLISS BEARING CO,644 MT PLEASANT AVE W,0710,Livingston Twp,08000    ,LSRP Oversight
42151,BERMUDEZ AUTO BODY,15 ROOSEVELT AVE,0701,Belleville Twp,07109    ,Suspected
8807,BERNIES EXXON SERVICE STATION #30559,132 136 MILLBURN AVE,0712,Millburn Twp,07041    ,Verified Unknown Source
448338,BERTLETT DAIRY,337 341 BADGER AVE,0714,Newark City,07108    ,RAO-Entire Site (Unrestricted Use)
63736,BESSEMER PROCESSING CO INC,133 135 HAYNES AVE,0714,Newark City,07199    ,LSRP Oversight
31006,BEST PLATING & POLISHING CO INC,443 10TH ST S,0714,Newark City,07103    ,LSRP Oversight
19140,BEST PROVISIONS HOLDCO,144 AVON AVE,0714,Newark City,07108    ,LSRP Oversight
360188,BETHANY CHRISTIAN ACADEMY,74 HARTFORD ST,0714,Newark City,07103    ,LSRP Oversight
257535,BETH EL NURSERY SCHOOL,222 IRVINGTON AVE,0719,South Orange Village Twp,07079    ,Suspected
360189,BETH EPHRAIM PRESCHOOL,120 PARKER AVE,0711,Maplewood Twp,07040    ,CCF Approved
360349,BETHESDA INTERNATIONAL MINESTRY,246 248 250 S 19TH ST,0714,Newark City,07103    ,Suspected
9086,B&F AUTO SERVICE & EXXON SERVICE STATION,30 PARK AVE,0705,East Orange City,08017    ,LSRP Oversight
14927,BIERMAN EVERETT FOUNDRY CO,133 S 20TH ST,0709,Irvington Twp,07111    ,RAO-Entire Site (Unrestricted Use)
366802,BIET & SON TRUCK ELECTRIC,251 PARKHURST ST,0714,Newark City,07105    ,Known
8409,BIGELOW AUTO BODY ZEKE INC,798 800 BERGEN ST,0714,Newark City,071081804,Known
376705,BILINGUAL BUDS,200 MT PLEASANT AVE W,0710,Livingston Twp,07039    ,LSRP Oversight
15724,BILLA MANAGEMENT INC SERVICE STATION,499 509 FRELINGHUYSEN AVE,0714,Newark City,07102    ,LSRP Oversight
45435,BILL HENSLEY SERVICE STATION,753 765 SANDFORD AVE,0714,Newark City,07106    ,LSRP Oversight
257097,BINDERY ABBY,63 67 BLANCHARD ST,0714,Newark City,07105    ,RAO-Entire Site (Restricted Use)
53578,BISRATE GEBRIEL ETHIOPIAN ORTHODOX TEWAHEDO CHURCH,1046 S ORANGE AVE,0714,Newark City,07106    ,RAO-A (Unrestricted Use)
556075,BLACK ROCK REALTY ,175 181 CHRISTIE ST,0714,Newark City,07105    ,LSRP Oversight
744841,BLDG @ 98 WASHINGTON AVE,98 WASHINGTON AVE,0701,Belleville Twp,07109    ,RAO-Child Care Facility (Unrestricted Use)
360176,BLESSED HOPE DAY CARE CENTER,237 SCOTLAND RD,0717,Orange City Twp,07050    ,Known
55495,BLOCK & ROSE WAREHOUSE CORP,258 272 SHERMAN AVE,0714,Newark City,07114    ,LSRP Oversight
753754,BLONNIES EARLY LEARNING ACADEMY PROPOSED,768 772 BERGEN ST,0714,Newark City,07112    ,RAO-Child Care Facility (Unrestricted Use)
8781,BLOOM AVENUE GAS SERVICE STATION,264 BLOOMFIELD AVE,0713,Montclair Twp,07042    ,LSRP Oversight
569927,BLOOMFIELD AVENUE,BLOOMFIELD AVE,0713,Montclair Twp,07042    ,LSRP Oversight
658935,BLOOMFIELD AVENUE GROUND WATER CONTAMINATION,BLOOMFIELD AVE,0702,Bloomfield Twp,07003    ,Known
657913,BLOOMFIELD AVENUE & GROVE STREET GROUND WATER CONTAMINATION,BLOOMFIELD AVE & GROVE ST ,0702,Bloomfield Twp,07003    ,Known
673150,BLOOMFIELD AVENUE & NORTH 17TH STREET GROUNDWATER CONTAMINATION,BLOOMFIELD AVE & N 17TH ST,0702,Bloomfield Twp,07003    ,Known
660139,BLOOMFIELD AVENUE & ORANGE ROAD GROUND WATER CONTAMINATION,BLOOMFIELD AVE & ORANGE RD,0713,Montclair Twp,07042    ,Known
478669,BLOOMFIELD AVENUE & ROCKLAND TERRACE GROUNDWATER CONTAMINATION,BLOOMFIELD AVE & ROCKLAND TER,0720,Verona Twp,07044    ,Known
614855,BLOOMFIELD CORD TOWNHOMES PROPOSED,13 17 LAWRENCE ST,0702,Bloomfield Twp,07017    ,Known
63840,BLOOMFIELD METAL FABRICATORS,40 PIER LN W,0707,Fairfield Twp,07006    ,LSRP Oversight
479756,BLOOMFIELD PLAZA ,107 135 BLOOMFIELD AVE,0702,Bloomfield Twp,07003    ,Verified Unknown Source
58052,BLOOMFIELD PRESBYTERIAN CHURCH ON THE GREEN,147 BROAD ST,0702,Bloomfield Twp,07003    ,RAO-Child Care Facility (Unrestricted Use)
59743,BLOOMFIELD ROYAL THEATER,616 BLOOMFIELD AVE,0702,Bloomfield Twp,07003    ,LSRP Oversight
46661,BLOOMFIELD TWP BD OF ED ADMIN BUILDING,155 BROAD ST,0702,Bloomfield Twp,07003    ,RAO-A (Unrestricted Use)
46650,BLOOMFIELD TWP BD OF ED BERKELEY SCHOOL,351 BLOOMFIELD AVE,0702,Bloomfield Twp,07003    ,RAO-A (Unrestricted Use)
46651,BLOOMFIELD TWP BD OF ED BROOKDALE SCHOOL,1230 BROAD ST,0702,Bloomfield Twp,07003    ,RAO-A (Unrestricted Use)
46660,BLOOMFIELD TWP BD OF ED BUILDING SERVICE CENTER,70 PILCH ST,0702,Bloomfield Twp,07003    ,LSRP Oversight
46652,BLOOMFIELD TWP BD OF ED CARTERET SCHOOL,158 GROVE ST,0702,Bloomfield Twp,07003    ,LSRP Oversight
46653,BLOOMFIELD TWP BD OF ED DEMAREST SCHOOL,465 BROUGHTON AVE,0702,Bloomfield Twp,07003    ,RAO-A (Unrestricted Use)
46654,BLOOMFIELD TWP BD OF ED FAIRVIEW SCHOOL,376 BERKELEY AVE,0702,Bloomfield Twp,07003    ,LSRP Oversight
46656,BLOOMFIELD TWP BD OF ED FRANKLIN SCHOOL,85 CURTIS ST,0702,Bloomfield Twp,07003    ,RAO-A (Unrestricted Use)
46658,BLOOMFIELD TWP BD OF ED MIDDLE SCHOOL,60 HUCK RD,0702,Bloomfield Twp,07003    ,RAO-A (Unrestricted Use)
9187,BLOOMFIELD TWP BD OF ED OAK VIEW SCHOOL,150 GARRABRANT AVE,0702,Bloomfield Twp,07003    ,LSRP Oversight
9210,BLOOMFIELD TWP BD OF ED SR HIGH SCHOOL,160 BROAD ST,0702,Bloomfield Twp,07003    ,LSRP Oversight
46657,BLOOMFIELD TWP BD OF ED WATSESSING SCHOOL,71 PROSPECT ST,0702,Bloomfield Twp,07003    ,RAO-A (Unrestricted Use)
46218,BLOOMFIELD TWP DPW,230 GROVE ST,0702,Bloomfield Twp,07003    ,LSRP Oversight
464258,BLOOMFIELD TWP FELTON FIELD,FLOYD AVE,0702,Bloomfield Twp,07003    ,LSRP Oversight
46213,BLOOMFIELD TWP FIRE DEPT HQTRS,375 FRANKLIN ST,0702,Bloomfield Twp,07003    ,LSRP Oversight
16228,BLOOMFIELD TWP FIRE DEPT STATION #4,1223 1231 BROAD ST,0702,Bloomfield Twp,07003    ,LSRP Oversight
64119,BLOOMFIELD TWP GROUNDWATER CONTAMINATION,ALVA ST,0702,Bloomfield Twp,07003    ,Known
459044,BLOOMFIELD TWP PARKING LOT #2,390 FRANKLIN ST,0702,Bloomfield Twp,07003    ,RAO-Entire Site (Unrestricted Use)
9183,BLOOMFIELD TWP SR CITIZENS HOUSING FELICITY TOWERS,100 LLEWELLYN AVE,0702,Bloomfield Twp,07003    ,RAO-A (Unrestricted Use)
380410,BLOOMFIELD TWP UPPER MEMORIAL PARK,75 SPRING ST,0702,Bloomfield Twp,07003    ,LSRP Oversight
9219,BLOOMFIELD VALERO SERVICE STATION,630 BLOOMFIELD AVE,0702,Bloomfield Twp,07003    ,RAO-A (Unrestricted Use)
229755,BLUE LIFE KARATE CENTER,487 VALLEY ST,0711,Maplewood Twp,07040    ,Suspected
64166,B&M COPY & PRINT CO,593 MARTIN LUTHER KING BLVD,0705,East Orange City,07018    ,Suspected
153064,BNAI SHALOM JEWISH CENTER OF WEST ORANGE,300 PLEASANT VALLEY WAY,0722,West Orange Twp,07052    ,LSRP Oversight
8643,BOASSO AMERICA CORP,80 DOREMUS AVE,0714,Newark City,071040200,LSRP Oversight
650902,BOBBIES PLAYHOUSE,68 VOSE AVE,0719,South Orange Village Twp,07079    ,LSRP Oversight
381418,BOBS AUTO CLINIC INC,942 FRELINGHUYSEN AVE,0714,Newark City,07114    ,RAO-A (Unrestricted Use)
14898,BOBST GROUP INC,146 HARRISON AVE,0718,Roseland Boro,07068    ,RAO-A (Unrestricted Use)
65801,BOCER ASSOC COMMERCIAL BUILDING,54 62 HOUSTON ST,0714,Newark City,07101    ,RAO-Entire Site (Unrestricted Use)
8152,BOGUSH INC @ WEST CALDWELL IND VILLAGE,12 FAIRFIELD CRESCENT,0721,West Caldwell Twp,07064    ,Suspected
14015,BOND ADHESIVES CO,301 FRELINGHUYSEN AVE,0714,Newark City,07114    ,Suspected
74351,BORDANARO & SONS,69 CORTLANDT ST,0701,Belleville Twp,07109    ,RAO-Entire Site (Unrestricted Use)
412941,BOULEVARD WEST APARTMENTS,220 IRVINE TURNER BLVD,0714,Newark City,07108    ,RAO-A (Restricted Use)
360241,BOWSER EDWARD T,179 205 IRVINE TURNER BLVD,0714,Newark City,07103    ,RAO-A (Unrestricted Use)
630996,BOYDEN AVENUE GROUND WATER CONTAMINATION,BOYDEN AVE,0711,Maplewood Twp,07040    ,Known
75549,BOYD STREET & 17TH AVENUE,BOYD ST & 17TH AVE,0714,Newark City,07105    ,LSRP Oversight
19684,BOYKO METAL FINISHING CO INC,85 87 POINIER ST,0714,Newark City,07101    ,Suspected
73540,BOYKOS METAL FINISHING CO INC,96 98 POINIER ST,0714,Newark City,07105    ,Suspected
74895,BOYLAN RECREATION CENTER,922 S ORANGE AVE,0714,Newark City,07105    ,Known
376706,BOYS & GIRLS CLUB OF NEWARK 1ST AVENUE SCHOOL,214 1ST AVE,0714,Newark City,07107    ,CCF Approved
533976,BOYS & GIRLS CLUB OF NEWARK DENTAL CLINIC,1 37 AVON AVE,0714,Newark City,07102    ,LSRP Oversight
14237,BP MARINE AMERICAS,350 COASTAL ST,0714,Newark City,07114    ,LSRP Oversight
65897,BPOE ELKS LODGE IRVINGTON ,875 SANFORD AVE,0709,Irvington Twp,07111    ,Suspected
8444,BP SERVICE STATION #10161,312 WALNUT ST,0714,Newark City,07105    ,LSRP Oversight
8864,BP SERVICE STATION #1511,395 W NORTHFIELD RD,0710,Livingston Twp,07039    ,RAO-A (Unrestricted Use)
389491,BP SERVICE STATION #16097005,376 BELLEVILLE AVE,0701,Belleville Twp,07109    ,LSRP Oversight
543990,BP SERVICE STATION #16388 FORMER,211 CENTRAL AVE,0717,Orange City Twp,070503406,LSRP Oversight
95783,BP SERVICE STATION #16854,263 269 HELLER PKWY,0714,Newark City,07107    ,RAO-A (Limited Restricted Use)
8973,BP SERVICE STATION #17269,650 RT 46,0707,Fairfield Twp,07004    ,RAO-A (Limited Restricted Use)
8983,BP SERVICE STATION #64564,6 RT 46,0707,Fairfield Twp,07006    ,LSRP Oversight
8114,BP SERVICE STATION #84858,83 85 MAIN ST,0722,West Orange Twp,07052    ,LSRP Oversight
8868,BP SERVICE STATION #95679,124 MT PLEASANT AVE W,0710,Livingston Twp,07039    ,RAO-A (Unrestricted Use)
8108,BP SERVICE STATION #95704,585 NORTHFIELD AVE,0722,West Orange Twp,07052    ,RAO-A (Limited Restricted Use)
586885,BRACEBRIDGE PARKING LOT,346 360 UNIVERSITY AVE,0714,Newark City,07102    ,LSRP Oversight
20482,BRADFORD UTILITIES MANUFACTURING CORP,180 COIT ST,0709,Irvington Twp,07111    ,Known
8703,BRANCH BROOK AMOCO SERVICE STATION,318 320 BLOOMFIELD AVE,0714,Newark City,07107    ,LSRP Oversight
221747,BRANTLEY BROTHERS MOVING & STORAGE CO INC,168 ELIZABETH AVE,0714,Newark City,07108    ,RAO-A (Limited Restricted Use)
54202,BRAUN REALTY,228 BURNETT AVE,0711,Maplewood Twp,07040    ,Suspected
181747,BRENDAN GROUP,194 12TH AVE,0714,Newark City,07103    ,Known
596905,BRICK CHURCH PLAZA,533 DR MARTIN LUTHER KING JR BLVD,0705,East Orange City,07018    ,LSRP Oversight
28671,BRIGHTER TOMORROWS CHILDRENS,578 582 MARKET ST,0714,Newark City,07105    ,CCF Approved
360193,BRIGHTER TOMORROWS CHILDRENS ACADEMY & ENRICHMENT CENTER,796 S ORANGE AVE,0714,Newark City,07106    ,CCF Approved
587026,BRIGHT STARS ACADEMY NEWARK,897 899 18TH AVE,0714,Newark City,07106    ,RAO-A (Unrestricted Use)
520725,BRIGHT START EARLY LEARNING CENTER,28 LIVINGSTON AVE,0718,Roseland Boro,07068    ,RAO-A (Unrestricted Use)
64216,BROAD STREET & HARVEY STREET,BROAD ST & HARVEY ST,0714,Newark City,07118    ,Suspected
435905,BROADWAY BROAD RETAIL & COMMUNITY CENTER,43 47 BROADWAY,0714,Newark City,07104    ,RAO-A (Limited Restricted Use)
607250,BROADWAY & KANE STREET GROUND WATER CONTAMINATION,BROADWAY & KANE ST,0714,Newark City,07112    ,Known
360194,BROADWAY MINI MALL HEAD START,712 BROADWAY,0714,Newark City,07104    ,CCF Approved
44969,BROADWAY PHOTO INC,777 BLOOMFIELD AVE,0721,West Caldwell Twp,07006    ,No SRP Oversight Required
63623,BROCKWAY STANDARD INC,16 DANIEL RD E,0707,Fairfield Twp,07006    ,LSRP Oversight
424501,BRODY NEWARK CORP,340 406 AVE P,0714,Newark City,07105    ,Known
31674,BROOKDALE BAPTIST CHURCH & CHRISTIAN SCH,1350 1370 BROAD ST,0702,Bloomfield Twp,07003    ,Suspected
9053,BROOKWOOD GULF SERVICE STATION,205 SANFORD ST,0705,East Orange City,07018    ,LSRP Oversight
38560,BROWNING FERRIS INDUSTRIES,54 MONTESANO RD,0707,Fairfield Twp,07004    ,Completed-Area of Concern Limited Restricted Use
51513,BROWN JOHN & CLARK ELEANOR,575 577 SANDFORD AVE,0714,Newark City,07106    ,No SRP Oversight Required
84683,BROWNS MACHINE & TOOL CO INC,128 PASSAIC AVE,0710,Livingston Twp,07039    ,Suspected
65670,BRUCE STREET GARDEN APARTMENTS,35 61 12TH AVE,0714,Newark City,07101    ,RAO-Entire Site (Unrestricted Use)
54544,BRUNOS AUTO CENTER,259 263 STUYVESANT AVE,0714,Newark City,07108    ,LSRP Oversight
15751,BUCKEYE NEWARK TERMINAL,1111 DELANCEY ST,0714,Newark City,07105    ,RAO-A (Restricted Use)
86693,BUILDING 157 @ NEWARK LIBERTY INTNL AIRPORT,BLDG 154,0714,Newark City,07114    ,RAO-A (Limited Restricted Use)
9335,BUILDING 23 @ BELLEVILLE IND CENTER,681 MAIN ST,0701,Belleville Twp,07109    ,LSRP Oversight
184227,BUILDING 27 @ BELLEVILLE IND CENTER,681 MAIN ST,0701,Belleville Twp,07109    ,RAO-ISRA Leasehold (Unrestricted Use)
8385,BUILDING 28 @ NEWARK LIBERTY INTNL AIRPORT,BLDG 28,0714,Newark City,07114    ,LSRP Oversight
81880,BUILDING 333 A&B @ FAIRFIELD BUSINESS CENTER,333 RT 46,0707,Fairfield Twp,07006    ,RAO-A (Unrestricted Use)
84509,BUILDING 373 D&E @ FAIRFIELD BUSINESS CENTER,373 RT 46,0707,Fairfield Twp,07006    ,RAO-A (Unrestricted Use)
18639,BUILDING 39 @ BELLVILLE IND CENTER,681 MAIN ST,0701,Belleville Twp,07109    ,LSRP Oversight
665202,BUILDING 64 @ BELLEVILLE IND CENTER,681 MAIN ST,0701,Belleville Twp,07109    ,RAO-ISRA Leasehold (Unrestricted Use)
8389,BUILDING 75 @ NEWARK LIBERTY INTNL AIRPORT,BLDG 75 NORTH TERMINAL,0714,Newark City,07114    ,Suspected
371647,BUILDING BLOCKS DAY CARE PROPOSED,1211 SPRINGFIELD AVE,0709,Irvington Twp,07111    ,LSRP Oversight
376707,BUILDING BLOCKS UNIVERSITY EARLY CHILDHOOD @ LACKAWANNA PLAZA,20 LACKAWANNA PLAZA,0713,Montclair Twp,07042    ,CCF Approved
628483,BUILDING BLOCKS UNIVERSITY LEARNING CENTER,1230 SPRINGFIELD AVE,0709,Irvington Twp,07111    ,No SRP Oversight Required
42602,BUONOPANE SERVICE STATION,924 BLOOMFIELD AVE,0721,West Caldwell Twp,07006    ,RAO-A (Unrestricted Use)
436674,BURCH CHARTER SCHOOL OF EXCELLENCE,100 LINDEN AVE,0709,Irvington Twp,07111    ,RAO-A (Unrestricted Use)
29433,BUSH TANK FABRICATORS INC,214 222 THOMAS ST,0714,Newark City,07114    ,LSRP Oversight
31270,BUZZING BEES ACADEMY,31 3RD ST,0719,South Orange Village Twp,07079    ,LSRP Oversight
742973,BXX CLEANERS & DYERS FORMER COLOCATION,SUMMER AVE,0714,Newark City,07104    ,Suspected
22260,BYRNE LABORATORIES INC,226 228 SHERMAN AVE,0714,Newark City,07114    ,LSRP Oversight
65881,CABANA CLUB,609 EAGLE ROCK AVE,0722,West Orange Twp,07052    ,Suspected
32984,CABEZAS SERVICE CENTER,364 374 BROADWAY,0714,Newark City,07208    ,LSRP Oversight
50083,CALDWELL BORO MUNICIPAL BUILDING,1 PROVOST SQUARE ,0703,Caldwell Boro,07006    ,LSRP Oversight
9153,CALDWELL SERVICE STATION,450 BLOOMFIELD AVE,0703,Caldwell Boro,07006    ,RAO-A (Unrestricted Use)
9151,CALDWELL SUNOCO SERVICE STATION,250 BLOOMFIELD AVE,0703,Caldwell Boro,07006    ,RAO-A (Unrestricted Use)
15726,CALDWELL TRUCKING CO INC,222 PASSAIC AVE,0707,Fairfield Twp,07006    ,Known
8135,CALDWELL WEST SERVICE STATION,803 BLOOMFIELD AVE,0721,West Caldwell Twp,07006    ,RAO-A (Limited Restricted Use)
9117,CALIBER COLLISION CENTERS OF CEDAR GROVE #4115,1416 POMPTON AVE,0704,Cedar Grove Twp,07009    ,RAO-A (Unrestricted Use)
15002,CALPINE NEWARK,35 BLANCHARD ST,0714,Newark City,07105    ,Known
65548,CALVARY LUTHERN CHURCH,23 S PROSPECT ST,0720,Verona Twp,07044    ,Suspected
73363,CAMDEN STREET,CAMDEN ST,0714,Newark City,07105    ,Suspected
64995,CAMP LANE WELL CONTAMINATION,CAMP LN,0707,Fairfield Twp,07006    ,No SRP Oversight Required
8239,CAMPUS EXXON SERVICE STATION,644 S CENTER ST,0717,Orange City Twp,07050    ,LSRP Oversight
376708,CANAA DAY CARE CENTER,205 THOMAS ST,0714,Newark City,07114    ,CCF Approved
39484,CANRAD HANOVIA INC,100 CHESTNUT ST,0714,Newark City,07105    ,LSRP Oversight
19251,CAPORASO SALES CORP INC,144 EMMET ST,0714,Newark City,07114    ,RAO-A (Unrestricted Use)
42795,CAPRA BROTHERS TRUCKING,9 AVE B,0714,Newark City,07114    ,LSRP Oversight
500372,CAPRIO CLEANERS,30 1ST AVE,0702,Bloomfield Twp,07003    ,Suspected
9136,CARGILLE R P LABORATORIES INC,55 COMMERCE RD,0704,Cedar Grove Twp,07009    ,RAO-Entire Site (Restricted Use)
8472,CARLOS AUTO ELECTRIC INC,370 SOUTH ST,0714,Newark City,07105    ,LSRP Oversight
45012,CARLOS AUTO REPAIR INC,387 SPRINGDALE AVE,0705,East Orange City,07017    ,LSRP Oversight
360196,CARLOTTAS KIDS #2,239 FREEWAY DR E,0705,East Orange City,07018    ,LSRP Oversight
8334,CARMEL TOWERS,440 ELIZABETH AVE,0714,Newark City,07112    ,CCF Approved
27952,CARNEVALES SERVICE CENTER #1213,710 BLOOMFIELD AVE,0720,Verona Twp,07044    ,RAO-A (Limited Restricted Use)
8870,CARNEVLE GULF SERVICE CENTER,625 S LIVINGSTON AVE,0710,Livingston Twp,07039    ,LSRP Oversight
520167,CARROLL NEWARK,120 132 16TH AVE,0714,Newark City,07103    ,RAO-A (Unrestricted Use)
19766,CARTRIDGE ACTUATED DEVICES INC,123 CLINTON RD,0707,Fairfield Twp,07006    ,LSRP Oversight
433340,CATAPULT LEARNING SPEEDWAY PROPOSED,725 735 S ORANGE AVE,0714,Newark City,07103    ,CCF Approved
423810,CATHOLIC CHARITIES OF THE ARCHDIOCESE OF NEWARK,590 N 7TH ST,0714,Newark City,07107    ,RAO-Child Care Facility (Unrestricted Use)
65228,CATHOLIC COMMUNITY SERVICES,20 36 BRIDGE ST,0714,Newark City,07114    ,Suspected
20469,CB KAUPP & SONS INC,6 10 NEWARK WAY,0711,Maplewood Twp,07040    ,RAO-A (Unrestricted Use)
42155,CBK MAINTENANCE INC,139 MILLBURN AVE,0712,Millburn Twp,07041    ,RAO-A (Unrestricted Use)
629811,C&C USED AUTO PARTS,225 PARKHURST ST,0714,Newark City,07114    ,Known
14913,CDI DISPERSIONS @ HAYNES MGNT PROPERTY,27 63 HAYNES AVE,0714,Newark City,071142042,LSRP Oversight
699038,CDN @ 310 AVENUE P OF NEWARK,310 336 AVE P,0714,Newark City,07105    ,LSRP Oversight
623477,CDN/GATEWAY II SOUTH ORANGE,10 CHURCH ST,0719,South Orange Village Twp,07079    ,LSRP Oversight
709595,CDN PSE&G POLE #19586 @ CHANCELLOR AVENUE OF NEWARK,100 CHANCELLOR AVE,0714,Newark City,07112    ,RAO-A (Unrestricted Use)
709596,CDN PSE&G VAULT #30181 @ 353 MORRIS AVENUE OF NEWARK,353 MORRIS AVE,0714,Newark City,07103    ,RAO-A (Unrestricted Use)
48147,CEDAR GROVE TWP BD OF ED HIGH SCHOOL,90 RUGBY RD,0704,Cedar Grove Twp,07009    ,RAO-A (Unrestricted Use)
48148,CEDAR GROVE TWP BD OF ED LEONARD PARKS SCHOOL,520 POMPTON AVE,0704,Cedar Grove Twp,07009    ,LSRP Oversight
9129,CEDAR GROVE TWP BD OF ED SOUTH END SCHOOL,116 HARPER TER,0704,Cedar Grove Twp,07009    ,RAO-A (Unrestricted Use)
65028,CEDAR GROVE TWP COMPOST,RIDGE RD,0704,Cedar Grove Twp,07009    ,Suspected
64109,CEDAR GROVE TWP GROUNDWATER CONTAMINATION,LITTLE FALLS RD,0704,Cedar Grove Twp,07009    ,Known
360197,CELEBRATION OF LIFE DAY CARE CENTER,72 MAPLE AVE,0713,Montclair Twp,07042    ,CCF Approved
145887,CELEBRITY URBAN DEVELOPMENT,250 TREMONT AVE,0705,East Orange City,07018    ,Suspected
63624,CELLOFILM CORP,45 45 CORNELIA ST,0714,Newark City,07101    ,No SRP Oversight Required
221829,CENTER CITY HOUSING 9C,46 50 KINNEY ST,0714,Newark City,07102    ,RAO-A (Unrestricted Use)
397861,CENTER CLEANERS,212 214 N LIVINGSTON AVE,0710,Livingston Twp,07039    ,Known
745250,CENTER PLAYGROUND,Civic Square,0709,Irvington Twp,07111    ,LSRP Oversight
14238,CENTER POINT TERMINAL NEWARK,678 DOREMUS AVE,0714,Newark City,07105    ,LSRP Oversight
8665,CENTRAL AUTO BODY INC,274 CENTRAL AVE,0714,Newark City,07103    ,RAO-A (Restricted Use)
632713,CENTRAL AVENUE & 2ND STREET GROUND WATER CONTAMINATION,CENTRAL AVE & 2ND ST ,0714,Newark City,07103    ,Known
619100,CENTRAL AVENUE & COLDEN STREET GW CONTAMINATION,CENTRAL AVE & COLDEN ST,0714,Newark City,07102    ,Known
48387,CENTRAL GULF SERVICE STATION,415 CENTRAL AVE,0705,East Orange City,07017    ,LSRP Oversight
42930,CENTRAL OLDSMOBILE INC,352 CENTRAL AVE,0705,East Orange City,07018    ,RAO-A (Unrestricted Use)
53983,CENTRAL PRESBYTERIAN CHURCH,46 PARK ST,0713,Montclair Twp,07042    ,LSRP Oversight
648533,CENTRAL VALLEY BROWNFIELDS DEVELOPMENT AREA,UNKNOWN,0717,Orange City Twp,07050    ,LSRP Oversight
27368,CENTRO VERDE 36 VALLEY ROAD BUILDING,36 VALLEY RD,0713,Montclair Twp,07042    ,Verified Unknown Source
478618,CENTRO VERDE @ MONTCLAIR,VALLEY RD & BLOOMFIELD AVE,0713,Montclair Twp,07042    ,RAO-Entire Site (Restricted Use)
753668,CFA - LOWER BROADWAY FSU,2 28 BROADWAY,0714,Newark City,07104    ,LSRP Oversight
606237,CFS 2907 NEWARK MCCLELLAN,176 192 MCCLELLAN ST,0714,Newark City,07114    ,LSRP Oversight
714224,CGJ CORP,907 917 FRELINGHUYSEN AVE,0714,Newark City,07114    ,RAO-ISRA Entire Site (Restricted Use)
63648,CHALLENGER ACQUISITION CORP,16 HERBERT ST,0714,Newark City,07199    ,LSRP Oversight
584907,CHAMPION LEARNING,19 MILL RD,0709,Irvington Twp,07111    ,RAO-A (Unrestricted Use)
757773,CHANCELLOR AVE & MAPLE AVE GW CONTAMINATION,CHANCELLOR AVE & MAPLE AVE,0714,Newark City,07112    ,Known
9094,CHANIN CLEANERS,392 MARTIN LUTHER KING BLVD,0705,East Orange City,07058    ,Known
192446,CHAPEL ESTATES PROPERTY FORMER,60 66 CHAPEL ST,0714,Newark City,07105    ,Suspected
50331,CHARLES BAHR & SON INC,52 56 DURRELL ST,0720,Verona Twp,07044    ,RAO-Entire Site (Unrestricted Use)
9036,CHARLES BESELER CO CORP,219 S 18TH ST,0705,East Orange City,07019    ,Known
14928,CHASE LABORATORIES INC,280 CHESTNUT ST,0714,Newark City,07105    ,LSRP Oversight
8597,CHASEN & SON INC,20 ESTHER ST,0714,Newark City,07105    ,RAO-Entire Site (Restricted Use)
20823,CHEKER STAMPING & MFG CORP,56 58 ELM ST,0714,Newark City,07105    ,RAO-Entire Site (Unrestricted Use)
45216,CHEM FLEUR INC,200 PULASKI ST,0714,Newark City,07105    ,Known
52947,CHEMICAL COATING MATERIALS CO,40 LITTLE ST,0701,Belleville Twp,07109    ,Verified Unknown Source
145863,CHEMICAL WASTE MANAGEMENT OF NJ,100 LISTER AVE,0714,Newark City,07105    ,Known
41703,CHEMOS CORP,225 235 EMMET ST,0714,Newark City,07114    ,Completed-Area of Concern Limited Restricted Use
63719,CHEM SYSTEMS INC RESEARCH CENTER,1 EVANS ST,0707,Fairfield Twp,07006    ,Suspected
15977,CHEMTRADE SOLUTIONS ,330 DOREMUS AVE,0714,Newark City,07105    ,Known
469184,CHESTER AVENUE & NORTH 16TH STREET,CHESTER AVE & N 16TH ST,0702,Bloomfield Twp,07003    ,Known
479167,CHESTNUT RESIDENCE,205 CHRISTOPHER ST,0713,Montclair Twp,08873    ,RAO-A (Unrestricted Use)
702770,CHESTNUT STREET & HERMON STREET GROUND WATER CONTAMINATION,CHESTNUT ST & HERMON ST,0714,Newark City,07101    ,Known
518534,CHESTNUT STREET VAPOR INVESTIGATION,CHESTNUT ST ,0714,Newark City,07105    ,Known
8729,CHEVRON #204274,651 BLOOMFIELD AVE,0713,Montclair Twp,07042    ,LSRP Oversight
749522,CHILD CARE PROPOSED,1020 CLINTON AVE,0709,Irvington Twp,07111    ,RAO-Entire Site (Unrestricted Use)
360199,CHILD DEVELOPMENT PRESCHOOL CENTER INC,942 SANFORD AVE,0709,Irvington Twp,07111    ,LSRP Oversight
228815,CHILDRENS HOUSE INC,437 POMPTON AVE,0704,Cedar Grove Twp,07009    ,CCF Approved
228820,CHILDTIME LEARNING CENTER,105 LOCK ST ,0714,Newark City,07103    ,CCF Approved
437893,CHRIS GATLING RECREATION CENTER PROPOSED,285 UNION AVE,0709,Irvington Twp,07111    ,CCF Approved
760681,CHRIST CHURCH NURSERY SCHOOL,100 EAST LN,0712,Millburn Twp,07078    ,CCF Approved
225768,CHRIST EPISCOPAL CHURCH,422 MARTIN LUTHER KING BLVD,0705,East Orange City,070183210,Suspected
360205,CHRISTIAN FAMILY DAY CARE CENTER,17 N ESSEX AVE,0717,Orange City Twp,07050    ,CCF Approved
382981,CHRISTIAN PENTECOSTAL HARRISON PLACE PROPOSED,98 HARRISON PL,0709,Irvington Twp,07111    ,CCF Approved
360204,CHRISTIAN PENTECOSTAL HOME AWAY FROM HOME,971 CLINTON AVE,0709,Irvington Twp,07111    ,CCF Approved
652594,CHRISTOPHER STREET GROUND WATER CONTAMINATION ,CHRISTOPHER ST,0717,Orange City Twp,07050    ,Known
64132,CHURCH OF GOD SISTERS OF CHRIST,585 S 13TH ST,0714,Newark City,07101    ,Suspected
360206,CHURCH OF OUR SAVIOR HEAD START CENTER,542 N 7TH ST,0714,Newark City,07107    ,CCF Approved
9262,CINTAS CORP,137 141 RALPH ST,0701,Belleville Twp,07109    ,LSRP Oversight
8861,CIRCLE CLEANERS,291 MT PLEASANT AVE W,0710,Livingston Twp,07039    ,RAO-Entire Site (Limited Restricted Use)
67329,CITIBAG CORP,768 FRELINGHUYSEN AVE,0714,Newark City,07114    ,Verified Unknown Source
63903,CITY AUTO BODY II CORP,84 JOHNSON ST,0714,Newark City,07199    ,Suspected
74154,CITY CEMETERY,24 74 BESSEMER ST,0714,Newark City,07105    ,LSRP Oversight
64601,CITY NATIONAL BANK OF NJ,900 BROAD ST,0714,Newark City,07199    ,Known
63844,CITY SALVAGE CO,WILSON AVE,0714,Newark City,07101    ,Suspected
15687,CLARA MAASS MEDICAL CENTER,1 CLARA MAASS DR,0701,Belleville Twp,07109    ,LSRP Oversight
524215,CLAREMONT,189 SPRINGFIELD AVE,0714,Newark City,07103    ,RAO-Entire Site (Restricted Use)
54481,CLARIDGE LINCOLN MERCURY INC,33 39 GREENWOOD AVE,0713,Montclair Twp,07042    ,Verified Unknown Source
8769,CLAR PINE SERVICENTER,40 CLAREMONT AVE,0713,Montclair Twp,07042    ,LSRP Oversight
498201,CLASSIC CAR CARE,55 WEST ST,0702,Bloomfield Twp,07003    ,Verified Unknown Source
51351,CLASSIC LAMINATING CORP,100 TIFFANY BLVD,0714,Newark City,07104    ,Known
44020,CLIMATE CONTROL SYSTEMS INC,301 BADGER AVE,0714,Newark City,07114    ,CEA Lifted
618612,CLINTON AVENUE & LINCOLN PARK GW CONTAMINATION,CLINTON AVE,0714,Newark City,10025    ,Known
646331,CLINTON HILL COMM EARLY CHILDHOOD CENTER,22 46 DEMAREST ST,0714,Newark City,07112    ,LSRP Oversight
360209,CLINTON HILL COMMUNITY EARLY CHILDHD CENTER,420 HAWTHORNE AVE,0714,Newark City,07112    ,CCF Approved
618187,CLINTON HILL EARLY LEARNING CENTER 11,21 DEWEY ST,0714,Newark City,07112    ,LSRP Oversight
8529,CLINTON MILK CO,339 365 MORRIS AVE,0714,Newark City,07103    ,LSRP Oversight
58011,CLINTON MILK CO,403 405 S 6TH ST,0714,Newark City,07108    ,Known
8642,CLINTON SQUARE AUTO PARTS CORP,221 FRELINGHUYSEN AVE,0714,Newark City,07114    ,RAO-A (Unrestricted Use)
48377,CLINTON TIRE CO INC,1292 CLINTON AVE,0709,Irvington Twp,07111    ,LSRP Oversight
51287,CLOVER ENTERPRISES,155 WASHINGTON ST,0714,Newark City,07102    ,LSRP Oversight
8737,CLYDESDALE AUTO BODY,554 VALLEY RD,0713,Montclair Twp,07043    ,RAO-A (Unrestricted Use)
18456,C&M MFG CO INC DURITE CIRCUITS DIV,141 RIVER RD,0716,Nutley Twp,07110    ,Known
18342,COASTAL SPORTS,22 MADISON RD,0707,Fairfield Twp,07004    ,Known
76077,COBEHN INC,226 PASSAIC AVE,0707,Fairfield Twp,07006    ,LSRP Oversight
264399,COHEN ANNETTE & MICHAEL,22 CRESTWOOD DR,0711,Maplewood Twp,07040    ,Suspected
27015,COHERE BEAUTY CEDAR GROVE INC,10 CLIFFSIDE DR,0704,Cedar Grove Twp,07009    ,Completed-Area of Concern Limited Restricted Use
44429,COLDEBELLA BROTHERS INC,119 121 VERONA AVE,0714,Newark City,07104    ,LSRP Oversight
752183,COLGATE PARK,110 NORTH DAY ST,0717,Orange City Twp,07050    ,LSRP Oversight
8636,COLLOIDS INC,394 406 FRELINGHUYSEN AVE,0714,Newark City,07114    ,RAO-ISRA Entire Site (Restricted Use)
20356,COLONIAL PIPELINE CO NEWARK FACILITY,830 839 DOREMUS AVE,0714,Newark City,07101    ,LSRP Oversight
14924,COLONNADE APARTMENTS,25 CLIFTON AVE,0714,Newark City,07104    ,Known
83878,COLUMBIA ART STORE EQUIPMENT CO,46 56 CORDIER ST,0709,Irvington Twp,07111    ,Known
83870,COLUMBIA AUTO ELECTRIC,845 18TH AVE,0709,Irvington Twp,07111    ,Suspected
222274,COLUMBIA CONTAINER SERVICES,279 295 DOREMUS AVE,0714,Newark City,07105    ,RAO-A (Restricted Use)
516930,COLUMBIA CONTAINER SERVICES,191 DOREMUS AVE,0714,Newark City,07105    ,LSRP Oversight
743269,COLUMBUS CLEANERS INC FORMER COLOCATION,CRANE ST,0714,Newark City,07104    ,Suspected
14227,COLUMBUS HOSPITAL LTACH,495 N 13TH ST,0714,Newark City,071071390,Verified Unknown Source
63647,COMET CHEMICAL CO,410 ADAMS ST,0714,Newark City,07199    ,LSRP Oversight
652688,COMMERCE ROAD & VILLAGE PARK ROAD GW CONTAMINATION,COMMERCE RD & VILLAGE PARK RD,0704,Cedar Grove Twp,07009    ,Known
63713,COMMERCIAL BUILDING,411 443 WILSON AVE,0714,Newark City,07199    ,LSRP Oversight
382632,COMMERCIAL BUILDING @ 226 248 HALSEY STREET,222 236 HALSEY ST,0714,Newark City,07102    ,Suspected
556691,COMMERCIAL BUILDING @ 98 116 HALSEY STREET,98 116 HALSEY ST,0714,Newark City,07102    ,RAO-A (Unrestricted Use)
494992,COMMERCIAL BUILDINGS @ BLOCK #52,679 705 BROAD ST,0714,Newark City,07102    ,RAO-A (Unrestricted Use)
8604,COMMERCIAL LAMINATES INC,49 EMPIRE ST,0714,Newark City,07114    ,LSRP Oversight
74091,COMMERCIAL PROPERTY,60 70 HALSEY ST,0714,Newark City,07105    ,Suspected
619873,COMMONS BLUE DOORS,23 55 14TH AVE,0714,Newark City,07103    ,RAO-A (Unrestricted Use)
619856,COMMONS YELLOW DOORS,228 260 HUNTERDON ST,0714,Newark City,07103    ,RAO-A (Unrestricted Use)
360213,COMMUNITY DAY NURSERY,115 S MUNN AVE,0705,East Orange City,07018    ,CCF Approved
360217,COMMUNITY HILLS EARLY LEARNING CENTER,85 IRVINE TURNER BLVD,0714,Newark City,07103    ,CCF Approved
746068,COMMUNITY PARK PLAYGROUND IMPROVEMENTS,99 SLATTERY RD,0704,Cedar Grove Twp,07009    ,LSRP Oversight
8301,COMPASS LINCOLN MERCURY AUTO BODY SHOP FORMER,200 CENTRAL AVE,0717,Orange City Twp,07050    ,LSRP Oversight
20163,COMPENSATING TENSION CONTROLS INC @ ESSEX PASSAIC IND PK,11 YORK AVE,0721,West Caldwell Twp,07007    ,RAO-Entire Site (Unrestricted Use)
710313,CONBAHR PROPERTIES,470 GROVE ST,0709,Irvington Twp,07111    ,RAO-A (Unrestricted Use)
410305,CONCERNED MOM SOAR ON EAGLES WINGS PROPOSED,905 907 CHANCELLOR AVE,0709,Irvington Twp,07111    ,CCF Approved
54728,CONDOMINIUMS @ 413 CHESTNUT STREET,413 CHESTNUT ST,0714,Newark City,07105    ,LSRP Oversight
381510,CONGREGATION AGUDATH ISRAEL OF WEST ESSEX,20 ACADEMY RD,0703,Caldwell Boro,07006    ,RAO-Child Care Facility (Unrestricted Use)
228002,CONGREGATION AHAWAS ACHIM BNAI J&D,700 PLEASANT VALLEY WAY,0722,West Orange Twp,07052    ,Suspected
381297,CONGREGATION BETH EPHRAIM CHILD CARE PROPOSED,113 117 PARKER AVE,0711,Maplewood Twp,07040    ,LSRP Oversight
360219,CONGREGATION BNAI JESHURUN EARLY CHILDHOOD CENTER,1025 S ORANGE AVE,0712,Millburn Twp,07041    ,CCF Approved
53096,CONGREGATION DHEB SHALOM,170 SCOTLAND RD,0719,South Orange Village Twp,07079    ,Suspected
712980,CONRAIL,NYE AVE @ CONRAIL YARD,0709,Irvington Twp,07111    ,LSRP Oversight
65223,CONRAIL CORP BRILLS YARD,HAWKINS ST,0714,Newark City,07114    ,Suspected
64969,CONRAIL CORP MAHER TERMINALS,E YARD,0714,Newark City,07105    ,Suspected
8325,CONRAIL CORP OAK ISLAND TERMINAL,611 DELANCEY ST,0714,Newark City,07101    ,LSRP Oversight
623291,CONRAIL PROPERTY,357 391 WILSON AVE,0714,Newark City,07150    ,RAO-Entire Site (Unrestricted Use)
95760,CONTRACT FILLING INC,10 STEWART PL,0707,Fairfield Twp,07004    ,RAO-Entire Site (Restricted Use)
21921,CONTROL INSTRUMENTS CORP,25 LAW DR,0707,Fairfield Twp,07006    ,RAO-A (Limited Restricted Use)
655418,CONTROL POWER SYSTEMS INC,20 SPIELMAN RD,0707,Fairfield Twp,07004    ,RAO-ISRA Entire Site (Unrestricted Use)
409163,CONVERTING MACHINERY TECHNOLOGY,5 INDUSTRIAL RD,0707,Fairfield Twp,07004    ,RAO-A (Unrestricted Use)
14938,COOKSON PIGMENTS AMERICA INC,256 VANDERPOOL ST,0714,Newark City,071142494,LSRP Oversight
63781,COOK THOMAS H,49 DICKERSON ST,0714,Newark City,07101    ,Suspected
45546,COOPER INDUSTRIES INC WISS DIV,33 LITTLETON AVE,0714,Newark City,07107    ,LSRP Oversight
14010,COOPER LIGHTING INC P&K POLE PRODUCTS,84 FOUNDRY ST,0714,Newark City,07114    ,RAO-A (Unrestricted Use)
647162,CORCER,1 3 ST MARYS PL,0701,Belleville Twp,07109    ,RAO-A (Unrestricted Use)
74715,CORNELIA STREET,CORNELIA ST,0714,Newark City,07105    ,Suspected
41413,COUNTY CONCRETE CORP,64 GLENWOOD PL,0705,East Orange City,07017    ,LSRP Oversight
63750,COURTESY CONTAINER CORP SLF,105 135 HYATT LN,0714,Newark City,07101    ,LSRP Oversight
8649,COURT TOWERS URBAN RENEWAL,1 COURT ST,0714,Newark City,07102    ,LSRP Oversight
455519,COURTYARD BY MARRIOTT NEWARK DOWNTOWN,858 BROAD ST,0714,Newark City,07102    ,LSRP Oversight
8443,COVAR CORP,252 WRIGHT ST,0714,Newark City,071142631,Verified Unknown Source
73875,COVE GARDENS APARTMENTS,562 566 SCOTLAND RD,0717,Orange City Twp,07050    ,Suspected
9293,COVINOS SUNOCO SERVICE STATION,520 JORALEMON ST,0701,Belleville Twp,07109    ,LSRP Oversight
13986,COWDIN PRINTING @ WEST CALDWELL IND VILLAGE,8 FAIRFIELD CRESCENT,0721,West Caldwell Twp,07064    ,Known
8094,COZZOLINO CUSTOM MILLWORK INC,20 STANDISH AVE,0722,West Orange Twp,07052    ,CEA Established (Limited Restricted Use)
670096,CP MANAGEMENT GODDARD SCHOOL & SOUTH LIVINGSTON,92 S LIVINGSTON AVE,0710,Livingston Twp,07039    ,LSRP Oversight
8918,CRAIG MANUFACTURING INC,20 30 LORETTO ST,0709,Irvington Twp,07111    ,RAO-ISRA Entire Site (Restricted Use)
360221,CREATIVE BEGINNINGS PRESCHOOL,36 GOULD ST,0720,Verona Twp,07044    ,CCF Approved
70396,CREATIVE CONCEPTS CDC II PROPOSED,105 109 MILL RD,0709,Irvington Twp,07960    ,LSRP Oversight
360225,CREATIVE CONCEPTS CHILD DEVELOPMENT CENTER 2,219 223 ORANGE AVE,0709,Irvington Twp,07111    ,Suspected
376711,CREATIVE CONCEPTS CHILD DEVELOPMENT CENTER II,343 347 16TH AVE,0709,Irvington Twp,07111    ,CCF Approved
218067,CREATIVE FLOWERS & GIFTS SINGH & SONS TRAVEL,34 PARK AVE,0705,East Orange City,07107    ,LSRP Oversight
55765,CREATIVE GLASSICS INC,559 TREMONT AVE,0717,Orange City Twp,07050    ,No SRP Oversight Required
343422,CREST COMMUNITY DEVELOPMENT CORP,11TH ST & SPRINGFIELD AVE,0714,Newark City,07103    ,No SRP Oversight Required
20064,CROMPTON & KNOWLES COLORS INC,50 WEST ST,0702,Bloomfield Twp,07003    ,Verified Unknown Source
8255,CROMPTON & KNOWLES CORP,10 KINGSLAND ST,0716,Nutley Twp,07111    ,LSRP Oversight
8719,CROMPTON & KNOWLES CORP,52 AMSTERDAM ST,0714,Newark City,07105    ,LSRP Oversight
55883,CROSSTOWN PLUMBING SUPPLY,196 GROVE ST S,0705,East Orange City,07018    ,RAO-A (Unrestricted Use)
428094,CROW DISPOSAL & CONSTRUCTION,14 45TH ST,0711,Maplewood Twp,07040    ,RAO-A (Unrestricted Use)
36529,CRUZ CONSTRUCTION GARAGE,293 WILSON AVE,0714,Newark City,07105    ,RAO-A (Unrestricted Use)
8105,CRYSTAL CLEANERS,457 MT PLEASANT AVE,0722,West Orange Twp,07052    ,RAO-A (Restricted Use)
47834,CRYSTAL ICE CREAM CO,588 602 MARKET ST,0714,Newark City,07105    ,RAO-A (Unrestricted Use)
367633,CSS REALTY,57 75 PEDDIE ST,0714,Newark City,07108    ,RAO-Entire Site (Unrestricted Use)
8280,C&T EXPRESS SERVICE STATION FORMER,408 418 ALDEN ST,0717,Orange City Twp,07052    ,Known
278424,CUMMINS METROPOWER INC,RT 1/9 & 22,0714,Newark City,07114    ,Known
46674,CUMMINS POWER SYSTEMS,41 65 DOREMUS AVE,0714,Newark City,07105    ,RAO-Entire Site (Restricted Use)
55995,CURTO FRANK,51 WALNUT ST,0713,Montclair Twp,07042    ,RAO-A (Unrestricted Use)
649973,CVS PHARMACY,331 337 & 339 347 FERRY ST,0714,Newark City,07105    ,LSRP Oversight
8116,CVS PHARMACY #02813,217 MAIN ST,0722,West Orange Twp,07052    ,Known
129616,CVS PHARMACY NUTLEY,213 HARRISON ST,0716,Nutley Twp,07110    ,RAO-A (Unrestricted Use)
704446,DAAB KIDS 2,127 LINCOLN AVE,0717,Orange City Twp,07050    ,LSRP Oversight
63796,DAJ INC,418 CENTRAL AVE,0714,Newark City,07101    ,Suspected
617026,DALOIA AUTO,30 MAIN ST,0717,Orange City Twp,07050    ,LSRP Oversight
23328,DAMONS FOREIGN CAR CARE INC,295 HIGH ST,0717,Orange City Twp,07050    ,RAO-A (Unrestricted Use)
8102,DAN OIL CORP GULF SERVICE STATION,23 25 PARK AVE,0722,West Orange Twp,07052    ,LSRP Oversight
46273,DARDENS EXXON SERVICE STATION #31677,516 WILLIAM ST,0705,East Orange City,07018    ,LSRP Oversight
8440,DARLING DELAWARE CO INC,825 WILSON AVE,0714,Newark City,07105    ,Known
220984,DAVEN INDUSTRIES INC,5 JUST RD,0707,Fairfield Twp,07004    ,RAO-Entire Site (Unrestricted Use)
25541,DAVION INC @ RIVERSIDE IND PK,45 55 RIVERSIDE AVE,0714,Newark City,07104    ,RAO-A (Unrestricted Use)
120987,DAYTONA CARTING FORMER,171 BLANCHARD ST FORMER,0714,Newark City,07101    ,No SRP Oversight Required
30662,DCH MILLBURN AUDI,2185 2213 MILLBURN AVE,0711,Maplewood Twp,07040    ,RAO-A (Unrestricted Use)
42515,DEEPER LIFE BIBLE CHURCH,23 93 S 20TH ST,0709,Irvington Twp,07111    ,Known
360227,DEES HOMEWORK HELP PROGRAM,293 1ST AVE,0714,Newark City,07107    ,CCF Approved
424562,DE FRANK PAVING INC,90 92 WALNUT ST,0716,Nutley Twp,07110    ,RAO-A (Unrestricted Use)
14925,DELEET MERCHANDISING INC,26 36 BLANCHARD ST,0714,Newark City,07105    ,CEA Established (Limited Restricted Use)
9029,DELTA,37 CLINTON RD,0707,Fairfield Twp,07073    ,RAO-A (Unrestricted Use)
9256,DELTA OF BELLEVILLE,69 UNION AVE,0701,Belleville Twp,07109    ,LSRP Oversight
57125,DELTA PATAWALIA FOOD MART INC,185 PENNSYLVANIA AVE,0714,Newark City,07114    ,LSRP Oversight
8617,DELTA PLASTIC CORP,536 564 FERRY ST,0714,Newark City,07105    ,Known
8110,DELTA SERVICE STATION,385 MAIN ST,0722,West Orange Twp,07850    ,LSRP Oversight
8129,DELTA SERVICE STATION,3 CENTRAL AVE,0722,West Orange Twp,07801    ,RAO-A (Unrestricted Use)
8200,DELTA SERVICE STATION,451 IRVINGTON AVE,0719,South Orange Village Twp,07079    ,LSRP Oversight
8205,DELTA SERVICE STATION,252 IRVINGTON AVE,0719,South Orange Village Twp,07079    ,RAO-A (Limited Restricted Use)
8236,DELTA SERVICE STATION,67 73 S ESSEX AVE,0717,Orange City Twp,07050    ,LSRP Oversight
8241,DELTA SERVICE STATION,294 SCOTLAND RD,0717,Orange City Twp,07050    ,LSRP Oversight
8296,DELTA SERVICE STATION,29 35 FRANKLIN AVE,0716,Nutley Twp,07110    ,LSRP Oversight
8488,DELTA SERVICE STATION,638 RAYMOND BLVD,0714,Newark City,071050000,RAO-A (Unrestricted Use)
8552,DELTA SERVICE STATION,1126 1134 MCCARTER HWY,0714,Newark City,07102    ,RAO-A (Unrestricted Use)
8659,DELTA SERVICE STATION,151 CORBIN ST,0714,Newark City,07114    ,LSRP Oversight
8680,DELTA SERVICE STATION,194 CHANCELLOR AVE,0714,Newark City,07112    ,Known
8702,DELTA SERVICE STATION,315 BLOOMFIELD AVE,0714,Newark City,07107    ,LSRP Oversight
8863,DELTA SERVICE STATION,400 MT PLEASANT AVE W,0710,Livingston Twp,07039    ,LSRP Oversight
8917,DELTA SERVICE STATION,754 LYONS AVE,0709,Irvington Twp,07111    ,LSRP Oversight
9223,DELTA SERVICE STATION,141 BLOOMFIELD AVE,0702,Bloomfield Twp,07003    ,LSRP Oversight
55315,DELTA SERVICE STATION,822 CLINTON AVE,0714,Newark City,07108    ,LSRP Oversight
55677,DELTA SERVICE STATION,51 MARTIN LUTHER KING BLVD,0705,East Orange City,07018    ,LSRP Oversight
15976,DELTECH RESIN CO,49 RUTHERFORD ST,0714,Newark City,07105    ,LSRP Oversight
8681,DELUXE CLEANERS,202 204 CHANCELLOR AVE,0714,Newark City,07112    ,Suspected
20342,DEMACO INDUSTRIES INC,59 65 JANNARONE ST,0701,Belleville Twp,07109    ,RAO-Entire Site (Unrestricted Use)
51660,DEPHILLIPS BENEDICT & HELEN,259 PROSPECT ST,0714,Newark City,07104    ,No SRP Oversight Required
9033,DEPT OF VETERANS AFFAIRS MEDICAL CENTER,385 TREMONT AVE,0705,East Orange City,07019    ,RAO-A (Unrestricted Use)
56997,DESANTIS & ASSOC,617 CENTRAL AVE,0714,Newark City,07107    ,LSRP Oversight
85095,DES CHAMPS LABORATORIES INC,66 OKNER PKWY,0710,Livingston Twp,07039    ,Known
65039,DEVINO SLF #3,AVE I,0714,Newark City,07152    ,Suspected
39164,DEVINO TRUCKS & PARTS INC,190 DOREMUS AVE,0714,Newark City,07101    ,LSRP Oversight
35956,DIAMOND ALKALI SUPERFUND SITE,80 LISTER AVE,0714,Newark City,07105    ,Known
15723,DIAMOND HARD CHROMIUM CO INC,461 467 NEW JERSEY RAILROAD AVE,0714,Newark City,07104    ,LSRP Oversight
16688,DIKRAN DRY CLEANERS,49 CENTRAL AVE,0705,East Orange City,07018    ,RAO-Entire Site (Unrestricted Use)
44497,DIRECT GRAVURE SERVICE INC,11 ROBERT ST,0716,Nutley Twp,07110    ,CEA Lifted
8505,DIRECT WASTE SERVICES,213 217 POINIER ST,0714,Newark City,07104    ,RAO-A (Unrestricted Use)
31726,DISTILLATION ENGINEERING CO INC,105 DORSA AVE,0710,Livingston Twp,07039    ,LSRP Oversight
14220,DISTRIBUTION CENTER @ 60 LISTER AVENUE,60 LISTER AVE,0714,Newark City,07101    ,LSRP Oversight
39127,DISTRIBUTION CENTER @ 888 DOREMUS AVENUE,888 DOREMUS AVE,0714,Newark City,07114    ,CEA Established (Limited Restricted Use)
123591,DIVA LOUNGE,369 BLOOMFIELD AVE,0713,Montclair Twp,07042    ,LSRP Oversight
63795,D&J DISPOSAL,AVE A,0714,Newark City,07199    ,Suspected
126011,DOBBS INTERNATIONAL SERVICES,156 PORT ST,0714,Newark City,07114    ,RAO-A (Unrestricted Use)
26412,DOMESTIC LINEN SUPPLY CO INC,265 CORTLANDT ST,0701,Belleville Twp,07109    ,RAO-A (Limited Restricted Use)
43658,DOMINICK & ENZO SERVICE CENTER,921 925 18TH AVE,0714,Newark City,07106    ,RAO-A (Unrestricted Use)
352735,DOMINO MFG CORP,370 ORANGE ST,0714,Newark City,07102    ,LSRP Oversight
8414,DONALD M PAYNE SR SCHOOL OF TECHNOLOGY,498 544 W MARKET ST,0714,Newark City,07107    ,RAO-Entire Site (Restricted Use)
16655,DONNELLY INDUSTRIES INC,26 N CENTER ST,0717,Orange City Twp,07050    ,Verified Unknown Source
182760,DOREMUS,914 DELANCEY ST,0714,Newark City,07105    ,LSRP Oversight
8311,DOUBLETREE HOTEL,128 FRONTAGE RD,0714,Newark City,07114    ,RAO-Entire Site (Restricted Use)
620120,DOUGLAS HOMES,15 21 23 27 HILL ST,0714,Newark City,07103    ,LSRP Oversight
616317,DOUGLAS PARK,1 23 SOMERSET ST ,0714,Newark City,07101    ,CEA Established (Limited Restricted Use)
64737,DOUGS AUTO REPAIR,46 TOMPKINS ST,0722,West Orange Twp,07052    ,Suspected
360229,DOVE COMMUNITY CHILD CARE ACADEMY INC 3,105 GROVE TER,0714,Newark City,07106    ,CCF Approved
259499,DOVE COMMUNITY CHILD CARE ACADEMY INC II,980 18TH AVE,0714,Newark City,07106    ,Suspected
228842,DOVE COMMUNITY CHILD CARE ACADEMY INC IV,913 915 STUYVESANT AVE,0709,Irvington Twp,07111    ,Suspected
378496,DOVE COMMUNITY CHILD CARE MAGGIES KIDZ,1331 SPRINGFIELD AVE,0709,Irvington Twp,07111    ,CCF Approved
2055,DOWELL ASSOC,15 GARDNER RD,0707,Fairfield Twp,07006    ,RAO-ISRA Leasehold (Unrestricted Use)
14007,DOWNTOWN EXXON SERVICE STATION #31874,427 LAFAYETTE ST,0714,Newark City,07105    ,RAO-A (Restricted Use)
8610,DOWNTOWN FUEL SERVICE STATION,1 ELIZABETH AVE,0714,Newark City,07108    ,Verified Unknown Source
119101,DOWNWORLD INC,646 FRELINGHUYSEN AVE,0714,Newark City,07114    ,LSRP Oversight
9102,D&P AUTO GROUP,4 AMPERE PKWY,0705,East Orange City,07018    ,LSRP Oversight
48070,DREHER INC,42 GARDEN ST,0714,Newark City,07105    ,Known
31999,DRISCOLL LABEL CO INC @ PIO COSTA IND PK,1275 BLOOMFIELD AVE,0707,Fairfield Twp,07006    ,RAO-A (Unrestricted Use)
61639,DR KING PLAZA URBAN RENEWAL,560 MARTIN LUTHER KING BLVD,0705,East Orange City,07019    ,Known
64635,DR MARTIN L KING BOULEVARD,MARTIN LUTHER KING BLVD,0714,Newark City,07101    ,Suspected
690360,D&R ORANGE II LINCOLN APARTMENTS,51 LINCOLN AVE,0717,Orange City Twp,07050    ,LSRP Oversight
224463,DRUG FAIR SHOPPING CENTER,397 RT 46,0707,Fairfield Twp,07004    ,LSRP Oversight
742983,DURANTE CLEANERS FORMER COLOCATION,HICKORY ST,0717,Orange City Twp,07050    ,Suspected
742958,DU RITE CLEANERS & DRYERS FORMER COLOCATION,TREMONT AVE,0705,East Orange City,07018    ,Suspected
695315,DWIGHT PLACE & SPIELMAN ROAD GROUND WATER CONTAMINATION,DWIGHT PL & SPIELMAN RD,0707,Fairfield Twp,07004    ,Known
19463,DZENIS LABORATORIES INC,154 PINE ST,0713,Montclair Twp,07042    ,RAO-ISRA Entire Site (Unrestricted Use)
8112,EAGLE ROCK BUS CO,63 MISSISSIPPI AVE,0722,West Orange Twp,07052    ,RAO-A (Unrestricted Use)
8210,EAGLE ROCK EISENHOWER CONVENIENCE & SERVICE STATION,550 EAGLE ROCK AVE,0718,Roseland Boro,07068    ,LSRP Oversight
8123,EAGLE ROCK EXXON SERVICE STATION #31047,659 EAGLE ROCK AVE,0722,West Orange Twp,07052    ,LSRP Oversight
184598,EARLY CHILDCARE EDUCATION CENTER,38 WASHINGTON ST,0722,West Orange Twp,07052    ,LSRP Oversight
360230,EARLY LEARNING CENTER,56 PIER LN,0707,Fairfield Twp,07004    ,CCF Approved
8889,EAST CEDAR EXXON SERVICE STATION ,327 E NORTHFIELD RD,0710,Livingston Twp,07039    ,LSRP Oversight
377595,EAST COAST PRECISION MACHINERY INC,115 121 HANFORD ST,0714,Newark City,07101    ,RAO-Entire Site (Unrestricted Use)
23936,EASTERN CONCRETE MATERIALS INC NEWARK PLANT,1194 1212 MCCARTER HWY,0714,Newark City,07104    ,LSRP Oversight
13988,EASTERN CONCRETE MATERIALS ROSELAND PLANT,117 HARRISON AVE,0718,Roseland Boro,070681728,LSRP Oversight
44603,EASTERN TIRE CO,91 MAIN ST,0717,Orange City Twp,07050    ,Suspected
8888,EASTGREEN INC AIG DATA CENTER,2 PEACH TREE HILL RD,0710,Livingston Twp,07039    ,RAO-A (Unrestricted Use)
9066,EAST ORANGE CAMPUS HIGH SCHOOL,339 345 PROSPECT ST,0705,East Orange City,07019    ,LSRP Oversight
341246,EAST ORANGE CITY BD OF ED 4TH AVENUE SCHOOL,199 4TH AVE,0705,East Orange City,07017    ,RAO-A (Unrestricted Use)
48641,EAST ORANGE CITY BD OF ED ADULT CENTER,74 HALSTED ST,0705,East Orange City,07018    ,Suspected
48643,EAST ORANGE CITY BD OF ED ASHLAND ANNEX,189 LINCOLN ST,0705,East Orange City,07017    ,RAO-A (Unrestricted Use)
381001,EAST ORANGE CITY BD OF ED CAMPUS HIGH SCHOOL,340 344 PROSPECT ST,0705,East Orange City,07017    ,RAO-A (Unrestricted Use)
559973,EAST ORANGE CITY BD OF ED CICELY L TYSON PERFORMING & FINE ARTS COMPLEX ,45 N ARLINGTON AVE,0705,East Orange City,07018    ,LSRP Oversight
48644,EAST ORANGE CITY BD OF ED CJ SCOTT SCHOOL,129 RENSHAW AVE,0705,East Orange City,07017    ,RAO-A (Unrestricted Use)
360207,EAST ORANGE CITY BD OF ED CLARK SCHOOL,671 PARK AVE,0705,East Orange City,07017    ,LSRP Oversight
48648,EAST ORANGE CITY BD OF ED COLUMBIAN SCHOOL,404 N GROVE ST ,0705,East Orange City,07017    ,RAO-Entire Site (Unrestricted Use)
48645,EAST ORANGE CITY BD OF ED FRANKLIN SCHOOL,215 DODD ST,0705,East Orange City,07017    ,RAO-A (Unrestricted Use)
48635,EAST ORANGE CITY BD OF ED HART MIDDLE SCHOOL,116 HAMILTON ST,0705,East Orange City,07017    ,LSRP Oversight
48649,EAST ORANGE CITY BD OF ED HIGH SCHOOL FORMER,34 N WALNUT ST,0705,East Orange City,07017    ,RAO-A (Unrestricted Use)
48637,EAST ORANGE CITY BD OF ED JACKSON ACADEMY,106 PROSPECT ST,0705,East Orange City,07017    ,RAO-A (Unrestricted Use)
48636,EAST ORANGE CITY BD OF ED LINCOLN SCHOOL,120 CENTRAL AVE,0705,East Orange City,07018    ,RAO-A (Unrestricted Use)
48639,EAST ORANGE CITY BD OF ED MILDRED BARRY GARVIN ELEMENTARY SCHOOL,1 GROVE PL,0705,East Orange City,07017    ,LSRP Oversight
48638,EAST ORANGE CITY BD OF ED NASSAU SCHOOL,330 CENTRAL AVE,0705,East Orange City,07018    ,RAO-A (Unrestricted Use)
214086,EAST ORANGE CITY BD OF ED SCHOOL DISTRICT BUILDING,16 WINANS ST,0705,East Orange City,07018    ,LSRP Oversight
48647,EAST ORANGE CITY BD OF ED STOCKTON SCHOOL,98 GREENWOOD AVE,0705,East Orange City,07017    ,RAO-A (Unrestricted Use)
48640,EAST ORANGE CITY BD OF ED TYSON JR HIGH SCHOOL,161 ELMWOOD AVE,0705,East Orange City,07018    ,RAO-A (Unrestricted Use)
48646,EAST ORANGE CITY BD OF ED WASHINGTON SCHOOL,175 SANFORD ST,0705,East Orange City,07017    ,RAO-A (Unrestricted Use)
43278,EAST ORANGE CITY DPW CENTRAL GARAGE,327 333 GLENWOOD AVE,0705,East Orange City,07019    ,LSRP Oversight
45870,EAST ORANGE CITY ELMWOOD PARK,ELMWOOD AVE,0705,East Orange City,07018    ,RAO-Entire Site (Restricted Use)
47173,EAST ORANGE CITY FIRE DEPT,468 MARTIN LUTHER KING BLVD,0705,East Orange City,07018    ,LSRP Oversight
47174,EAST ORANGE CITY FIRE DEPT,60 MARTIN LUTHER KING BLVD,0705,East Orange City,07018    ,LSRP Oversight
47175,EAST ORANGE CITY FIRE DEPT,321 DODD ST,0705,East Orange City,07017    ,LSRP Oversight
47176,EAST ORANGE CITY FIRE DEPT,410 SPRINGDALE AVE,0705,East Orange City,07017    ,LSRP Oversight
47177,EAST ORANGE CITY FIRE DEPT,205 ELMWOOD AVE,0705,East Orange City,07018    ,LSRP Oversight
14234,EAST ORANGE CITY GENERAL HOSPITAL,300 CENTRAL AVE,0705,East Orange City,070182819,RAO-A (Restricted Use)
433621,EAST ORANGE CITY GOLF COURSE,440 PARSONAGE HILL RD,0712,Millburn Twp,07078    ,Known
45948,EAST ORANGE CITY HALL COURTYARD,44 CITY HALL PLAZA,0705,East Orange City,07018    ,LSRP Oversight
45867,EAST ORANGE CITY MIDLAND AVENUE YARD,133 MIDLAND AVE,0705,East Orange City,07017    ,LSRP Oversight
45868,EAST ORANGE CITY NORTH PARK STREET GARAGE,110 N PARK ST,0705,East Orange City,07017    ,RAO-A (Unrestricted Use)
437029,EAST ORANGE CITY ROWLEY PARK,91 N ARLINGTON AVE,0705,East Orange City,07017    ,Suspected
57223,EAST ORANGE CITY SOVEREL PARK,SPRINGDALE AVE,0705,East Orange City,07017    ,RAO-Entire Site (Restricted Use)
434431,EAST ORANGE CITY SR HOUSING COPPERGATE HOUSE,780 SPRINGDALE AVE,0705,East Orange City,07017    ,LSRP Oversight
8792,EAST ORANGE CITY WATER COMM,300 PARSONAGE HILL RD,0712,Millburn Twp,07041    ,LSRP Oversight
453156,EAST ORANGE CITY WATER COMM,441 PARSONAGE HILL RD,0712,Millburn Twp,07018    ,RAO-A (Unrestricted Use)
41262,EAST ORANGE FUEL SEERVICE STATION,67 HOFFMAN BLVD,0705,East Orange City,07017    ,Suspected
559320,EAST ORANGE HOUSING AUTHORITY,160 HALSTED ST,0705,East Orange City,07018    ,LSRP Oversight
45632,EAST ORANGE MOVING CENTER,141 FREEWAY DR E,0705,East Orange City,07018    ,LSRP Oversight
9133,EAST ORANGE OFFICE OF EMERGENCY MANAGEMENT,402 SPRINGDALE AVE,0705,East Orange City,07017    ,LSRP Oversight
48113,EAST ORANGE SR CITIZENS HOUSING BROOKSIDE APARTMENTS,777 780 SPRINGDALE AVE,0705,East Orange City,07017    ,Verified Unknown Source
57888,EAST SIDE COMMUNITY CENTER CORP,296 FERRY ST,0714,Newark City,07101    ,LSRP Oversight
357442,EBS TRUCKING SPILL,72 AVE L,0714,Newark City,07114    ,No SRP Oversight Required
23724,EDDIES AUTO SERVICE CENTER,46 NEW YORK AVE,0714,Newark City,07105    ,RAO-A (Limited Restricted Use)
52638,EDDIES SERVICE CENTER INC,325 BLOOMFIELD AVE,0714,Newark City,07109    ,RAO-A (Unrestricted Use)
376714,EDENS COVE DAY CARE CENTER,988 STUYVESANT AVE,0709,Irvington Twp,07111    ,LSRP Oversight
63996,EDGERLEY & GILSON INC,41 ARCH ST,0702,Bloomfield Twp,07003    ,Verified Unknown Source
63616,EDISON NATIONAL HISTORIC SITE,MAIN ST,0722,West Orange Twp,07052    ,Suspected
360239,EDNA R THOMAS I II III,432 15TH ST,0714,Newark City,07103    ,Suspected
360240,EDUCATION STATION DAY CARE INC,156 WASHINGTON ST,0702,Bloomfield Twp,07003    ,LSRP Oversight
8645,EIC ASSOC INC,148 182 DOREMUS AVE,0714,Newark City,07105    ,LSRP Oversight
64139,EISENHOWER PARKWAY & DORSA AVENUE,EISENHOWER PKWY & DORSA AVE,0710,Livingston Twp,07039    ,Suspected
8429,EJ BROOKS CO INC,164 192 N 13TH ST,0714,Newark City,07107    ,Verified Unknown Source
21656,ELCAM PRINTING SERVICES,9 KULICK RD,0707,Fairfield Twp,07004    ,RAO-A (Unrestricted Use)
43430,ELECTRIFIED COMPANIES INC,101 N PARK ST,0705,East Orange City,07017    ,LSRP Oversight
24204,ELECTRONIC MFG CO,71 NEWARK WAY,0711,Maplewood Twp,07040    ,Suspected
29850,ELECTRONIC TECHNOLOGY INC,511 LYONS AVE,0709,Irvington Twp,07111    ,RAO-A (Limited Restricted Use)
47971,ELECTRO PROTECTIVE CORP,60 LAFAYETTE ST,0714,Newark City,07102    ,Suspected
8243,ELEGANTE CLEANERS INC,575 SCOTLAND RD,0717,Orange City Twp,07050    ,Known
444204,ELITE KIDS ACADEMY PROPOSED,508 S LIVINGSTON AVE,0710,Livingston Twp,07039    ,RAO-Entire Site (Unrestricted Use)
148812,ELLIOT HOMES INVESTING CO PROPERTY,68 TREMONT AVE,0705,East Orange City,07018    ,LSRP Oversight
370351,ELM STREET CHILDCARE CENTER,182 VAN BUREN ST,0714,Newark City,07105    ,Suspected
55446,ELTEE INC @ WEST CALDWELL IND VILLAGE,19 FAIRFIELD PL,0721,West Caldwell Twp,07006    ,LSRP Oversight
74349,ELWOOD AVENUE & ERIE PLACE,ELWOOD AVE & ERIE PL,0714,Newark City,07105    ,Known
742922,ELWOOD CLEANERS & DYERS FORMER COLOCATION,ELWOOD AVE,0714,Newark City,07104    ,Suspected
360243,EMMANUELS WEE GARDEN CENTER,54 IRVINE TURNER BLVD,0714,Newark City,07103    ,Suspected
438966,EMMET GLOBAL ,196 208 EMMET ST,0714,Newark City,07114    ,LSRP Oversight
43863,EMMET STREET SOUTH,303 309 EMMET ST,0714,Newark City,07114    ,LSRP Oversight
50642,ENCH ROOFING SUPPLY INC,76 ASHLAND AVE,0722,West Orange Twp,07052    ,RAO-A (Unrestricted Use)
8653,ENGELHARD CORP,391 505 DELANCY ST,0714,Newark City,07105    ,LSRP Oversight
9248,ENRITE SERVICE STATION,605 WASHINGTON AVE,0701,Belleville Twp,07109    ,LSRP Oversight
9014,ENVIRONMENTAL & GEOTECHNICAL SERVICES CORP,301 FAIRFIELD RD,0707,Fairfield Twp,07004    ,LSRP Oversight
26452,EPOLIN INC,358 364 ADAMS ST,0714,Newark City,07000    ,LSRP Oversight
14222,EQUISTAR CHEMICALS,300 DOREMUS AVE,0714,Newark City,07105    ,Known
42859,ERNEST HUNTS SERVICE CENTER,267 NYE AVE,0714,Newark City,07112    ,RAO-A (Unrestricted Use)
46517,ESI IDUSTRIAL INC,26 BUFFINGTON AVE,0709,Irvington Twp,07111    ,LSRP Oversight
8999,ESSEX CNTY AIRPORT,27 WRIGHT WAY,0707,Fairfield Twp,07006    ,LSRP Oversight
171274,ESSEX CNTY COLLEGE,303 UNIVERSITY AVE,0714,Newark City,07102    ,Suspected
182525,ESSEX CNTY COMMUNITY COLLEGE WEST ESSEX CAMPUS,730 BLOOMFIELD AVE,0721,West Caldwell Twp,07006    ,RAO-A (Unrestricted Use)
8366,ESSEX CNTY COMPLEX,465 MARTIN LUTHER KING BLVD,0714,Newark City,07102    ,LSRP Oversight
40484,ESSEX CNTY CORRECTIONAL FACILITY,354 DOREMUS AVE,0714,Newark City,07105    ,LSRP Oversight
52351,ESSEX CNTY COUNTRY CLUB,350 MT PLEASANT AVE,0722,West Orange Twp,07052    ,Known
64660,ESSEX CNTY COURT HOUSE GARAGE,50 NELSON PL,0714,Newark City,07199    ,LSRP Oversight
141531,ESSEX CNTY DEPT OF PARKS BRANCH BROOK PARK,24 124 CLIFTON AVE,0714,Newark City,07104    ,RAO-Entire Site (Unrestricted Use)
65576,ESSEX CNTY DEPT OF PARKS RIVERBANK PARK,706 784 RAYMOND BLVD,0714,Newark City,07104    ,Known
8081,ESSEX CNTY DEPT OF PARKS TURTLE BACK ZOO,560 NORTHFIELD AVE,0722,West Orange Twp,07104    ,RAO-A (Unrestricted Use)
8589,ESSEX CNTY DPW BRANCH BROOK PARK MAINTENANCE GARAGE ,30 HELLER PKWY ,0714,Newark City,07102    ,RAO-A (Limited Restricted Use)
9112,ESSEX CNTY DPW FLEET MANAGEMENT,99 W BRADFORD AVE,0704,Cedar Grove Twp,07009    ,LSRP Oversight
13990,ESSEX CNTY DPW GARAGE,543 THOMAS BLVD,0717,Orange City Twp,07050    ,RAO-Entire Site (Restricted Use)
13043,ESSEX CNTY DPW SOUTH MOUNTAIN RESERVATION SLF,S ORANGE AVE,0712,Millburn Twp,07104    ,LSRP Oversight
18862,ESSEX CNTY DPW WEEQUAHIC PARK MAINTENANCE GARAGE,ELIZABETH AVE & CHANCELLOR AVE,0714,Newark City,07112    ,LSRP Oversight
51909,ESSEX CNTY FOOD STAMP OFFICE,1013 1015 BROAD ST,0714,Newark City,07102    ,CEA Established (Limited Restricted Use)
46422,ESSEX CNTY FRANCIS A BYRNE GOLF COURSE,1100 PLEASANT VALLEY WAY,0722,West Orange Twp,07052    ,RAO-A (Limited Restricted Use)
47898,ESSEX CNTY HENDRICKS FIELD GOLF CLUB,502 BELLEVILLE AVE,0701,Belleville Twp,071090000,LSRP Oversight
44001,ESSEX CNTY HOSPITAL CENTER FIREHOUSE,FAIRVIEW AVE,0704,Cedar Grove Twp,07009    ,Known
581065,ESSEX CNTY HOSPITAL DEMOLITION,FAIRVIEW AVE,0704,Cedar Grove Twp,07009    ,LSRP Oversight
86483,ESSEX CNTY IMROVEMENT AUTH BRIDGE STREET SITE,BROAD BRIDGE DIVISION ST & MCCARTER HWY,0714,Newark City,07199    ,RAO-A (Unrestricted Use)
9132,ESSEX CNTY POLICE ACADEMY @ ESSEX CNTY COLLEGE,250 GROVE AVE,0704,Cedar Grove Twp,07009    ,RAO-A (Unrestricted Use)
445545,ESSEX CNTY RIVERFRONT PARK,BRILL ST & RAYMOND BLVD,0714,Newark City,07105    ,RAO-Entire Site (Restricted Use)
64786,ESSEX CNTY SANITARIUM,FAIRVIEW AVE ,0704,Cedar Grove Twp,07009    ,Suspected
65047,ESSEX CNTY SANITARIUM DPW SWDA,W BRADFORD AVE,0704,Cedar Grove Twp,07009    ,No SRP Oversight Required
58278,ESSEX CNTY UTIL AUTH,120 FAIRVIEW AVE,0704,Cedar Grove Twp,07009    ,RAO-A (Unrestricted Use)
8441,ESSEX CNTY VOC TECH SCHOOL NEWARK TECH,91 W MARKET ST,0714,Newark City,07107    ,RAO-Entire Site (Unrestricted Use)
8138,ESSEX CNTY WEST CALDWELL TECH,620 PASSAIC AVE,0721,West Caldwell Twp,07006    ,LSRP Oversight
54054,ESSEX DEVELOPMENT CORP RESEARCH BUILDING,99 NEW DUTCH LN,0707,Fairfield Twp,07006    ,RAO-A (Unrestricted Use)
42372,ESSEX FELLS BORO,307 RUNNYMEDE RD,0706,Essex Fells Boro,07021    ,Known
50964,ESSEX FELLS BORO BD OF ED ELEMENTARY SCHOOL,102 HAWTHORNE RD,0706,Essex Fells Boro,07021    ,RAO-A (Unrestricted Use)
64186,ESSEX FELLS BORO WATER DEPT WELL 13,DODD RD & RUNNYMEDE RD,0721,West Caldwell Twp,07007    ,Known
750603,ESSEX FELLS BORO WATER TREATMENT PLANT,DEVON RD REAR,0706,Essex Fells Boro,07021    ,LSRP Oversight
52853,ESSEX FELLS COUNTRY CLUB,219 DEVON RD,0722,West Orange Twp,070211598,RAO-A (Unrestricted Use)
8091,ESSEX GREEN SUNOCO SERVICE STATION #0007-0391,480 482 PROSPECT AVE,0722,West Orange Twp,07052    ,RAO-A (Unrestricted Use)
48135,ESSEX LINOLEUM CO,5 7 MERCHANT ST,0714,Newark City,07105    ,RAO-A (Unrestricted Use)
95069,ESSEX MACHINE REPAIRING CO INC,471 MULBERRY ST,0714,Newark City,07114    ,Deed Notice Terminated
699333,ESTATE OF ANISE P KILGEN,41OLD OAK RD,0708,Glen Ridge Boro,07028    ,RAO-A (Unrestricted Use)
189408,ESTATE OF WILLIAM METZGER,753 NORTHFIELD AVE,0722,West Orange Twp,07052    ,LSRP Oversight
374016,ESTELLES PLACE,706 CHANCELLOR AVE,0709,Irvington Twp,07111    ,Known
20035,ETHICAL PRODUCTS INC,216 1ST AVE,0714,Newark City,07107    ,Known
185324,ETHICAL PRODUCTS INC,27 FEDERAL PLAZA ,0702,Bloomfield Twp,07003    ,LSRP Oversight
8628,E TRANS INC TRUCK YARD,470 472 FRELINGHUYSEN AVE,0714,Newark City,07114    ,LSRP Oversight
20247,EUREKA SPRING CO INC,9 15 MANUFACTURERS PL,0714,Newark City,07105    ,Known
53027,EVERGREEN REALTY CORP,2 AVE C,0714,Newark City,07114    ,RAO-A (Unrestricted Use)
59332,EVERGREEN RECYCLING SOLUTIONS,110 EVERGREEN AVE,0714,Newark City,07114    ,LSRP Oversight
54364,EVERLAST SUPPLY CO INC,864 CLINTON AVE,0714,Newark City,071081031,RAO-A (Unrestricted Use)
50309,EVERSEAL MFG CO INC,32 50 BUFFINGTON AVE,0709,Irvington Twp,07101    ,Suspected
659905,EWERTSEN RESIDENCE,15 PROSPECT TER,0713,Montclair Twp,07042    ,RAO-A (Unrestricted Use)
14217,EXACTA GARMENT,118 JOHN F KENNEDY DR N,0702,Bloomfield Twp,07670    ,RAO-ISRA Entire Site (Restricted Use)
173304,EXCALIBUR MIRETTI GROUP,285 ELDRIDGE RD,0707,Fairfield Twp,07004    ,RAO-ISRA Entire Site (Unrestricted Use)
86126,EXCELLENTIA INTERNATIONAL,30 STEWART PL,0707,Fairfield Twp,07006    ,RAO-Entire Site (Unrestricted Use)
31682,EXCLUSIVE MOTORCARS INC,256 PARK ST,0713,Montclair Twp,07043    ,RAO-Entire Site (Unrestricted Use)
360245,EXECUTIVE BABY INC,102 BROAD ST,0702,Bloomfield Twp,07003    ,CCF Approved
225398,EXECUTIVE DRIVE REDEVELOPMENT,100 200 EXECUTIVE DR,0722,West Orange Twp,07052    ,RAO-A (Unrestricted Use)
15975,EXECUTIVE HOUSE,175 PROSPECT ST,0705,East Orange City,07017    ,Suspected
8713,EXPRESS CONTAINER CORP,177 205 AVE L,0714,Newark City,07105    ,LSRP Oversight
8683,EXXON SERVICE STATION #30003,432 BROADWAY,0714,Newark City,07104    ,RAO-A (Unrestricted Use)
8916,EXXON SERVICE STATION #30065 FORMER,693 LYONS AVE,0709,Irvington Twp,07111    ,LSRP Oversight
8189,EXXON SERVICE STATION #30115,101 BLOOMFIELD AVE,0720,Verona Twp,07044    ,RAO-A (Limited Restricted Use)
34684,EXXON SERVICE STATION #30209,551 CENTRAL AVE,0705,East Orange City,07019    ,LSRP Oversight
8218,EXXON SERVICE STATION #31039,191 EAGLE ROCK AVE,0718,Roseland Boro,07068    ,Suspected
22647,EXXON SERVICE STATION #31060,259 CENTRE ST,0716,Nutley Twp,07110    ,LSRP Oversight
9201,EXXON SERVICE STATION #31245,1069 1073 BROAD ST,0702,Bloomfield Twp,07003    ,RAO-A (Unrestricted Use)
8160,EXXON SERVICE STATION #31467,813 BLOOMFIELD AVE,0721,West Caldwell Twp,07006    ,LSRP Oversight
9119,EXXON SERVICE STATION #31665,379 POMPTON AVE,0704,Cedar Grove Twp,07009    ,LSRP Oversight
9097,EXXON SERVICE STATION #31994,250 254 CENTRAL AVE,0705,East Orange City,07018    ,LSRP Oversight
8886,EXXON SERVICE STATION #32144,222 N LIVINGSTON AVE,0710,Livingston Twp,07039    ,LSRP Oversight
8873,EXXON SERVICE STATION #32186,226 228 W NORTHFIELD RD,0710,Livingston Twp,07039    ,RAO-A (Limited Restricted Use)
49384,EXXON SERVICE STATION #32233,1129 S ORANGE AVE,0714,Newark City,07106    ,RAO-A (Limited Restricted Use)
8800,EXXON SERVICE STATION #33416,238 MAIN ST,0712,Millburn Twp,07041    ,RAO-A (Limited Restricted Use)
19049,EXXON SERVICE STATION #36907,1425 MCCARTER HWY,0714,Newark City,07102    ,RAO-A (Unrestricted Use)
46562,EXXON SERVICE STATION #37496,26 MAIN ST,0712,Millburn Twp,07041    ,RAO-A (Limited Restricted Use)
8554,EXXON SERVICE STATION #38951,1244 1254 MCCARTER HWY,0714,Newark City,07104    ,RAO-A (Unrestricted Use)
8524,EXXON SERVICE STATION #39785,242 PARK AVE,0714,Newark City,07107    ,RAO-A (Limited Restricted Use)
52757,FABER CASTELL CORP,41 DICKERSON ST,0714,Newark City,07105    ,Known
586407,FABUWOOD CABINETRY CORP,69 BLANCHARD ST,0714,Newark City,07105    ,LSRP Oversight
83291,FAIRFIELD BUSINESS CENTER,376 HOLLYWOOD AVE,0707,Fairfield Twp,07004    ,RAO-A (Limited Restricted Use)
9007,FAIRFIELD CLEANERS,16 LITTLE FALLS RD,0707,Fairfield Twp,07004    ,LSRP Oversight
547778,FAIRFIELD CORNER,64 LITTLE FALLS RD,0707,Fairfield Twp,07004    ,RAO-A (Unrestricted Use)
13047,FAIRFIELD ENERGY INVESTOR,245 RT 46,0707,Fairfield Twp,07006    ,LSRP Oversight
8981,FAIRFIELD FUEL SERVICE STATION,254 RT 46,0707,Fairfield Twp,07006    ,LSRP Oversight
29793,FAIRFIELD LAUNDRY MACHINERY CORP,5 MONTESANO RD,0707,Fairfield Twp,07006    ,Verified Unknown Source
43632,FAIRFIELD MAINTENANCE INC,414 FAIRFIELD RD,0707,Fairfield Twp,07006    ,RAO-A (Unrestricted Use)
9020,FAIRFIELD PEQUANNOCK LINCOLN PARK WATER DEPT,230 FAIRFIELD RD,0707,Fairfield Twp,07006    ,RAO-A (Unrestricted Use)
14933,FAIRFIELD TEXTILES CORP,55 PASSAIC AVE,0707,Fairfield Twp,070060011,LSRP Oversight
63888,FAIRFIELD TWP WELL CONTAMINATION,PASSAIC AVE & FAIRFIELD RD,0707,Fairfield Twp,07004    ,Source Identified
8658,FAIRMOUNT CEMETERY ASSN,620 CENTRAL AVE,0714,Newark City,07107    ,LSRP Oversight
168513,FAIRWAYS @ BROOKDALE ,8 LION GATE DR,0702,Bloomfield Twp,07003    ,RAO-Entire Site (Restricted Use)
747102,FAITH FELLOWSHIP CHURCH OF GOD,928 18TH AVE,0714,Newark City,07106    ,Withdrawn
381817,FAITHFUL CHILDRENS LEARNING CENTER PROPOSED,866 S ORANGE AVE,0714,Newark City,07106    ,CCF Approved
23100,FAITH TEMPLE NEW HOPE CHRISTIAN SCHOOL,30 MORTON PL,0705,East Orange City,07017    ,RAO-Entire Site (Unrestricted Use)
199618,FALONI CINDI & JAMES,31 CEDARS RD,0703,Caldwell Boro,07006    ,Known
360248,FAMILY DAY NURSERY,224 BROAD ST,0702,Bloomfield Twp,07003    ,CCF Approved
360247,FAMILY DEVELOPMENT CENTER,40 N MUNN AVE,0705,East Orange City,07017    ,Suspected
601225,FAMILY DEVELOPMENT CENTER,583 SCOTLAND RD,0717,Orange City Twp,07050    ,RAO-A (Unrestricted Use)
70969,FAMILY GROCERY STORE,130 WHITTLESEY AVE,0722,West Orange Twp,07052    ,Known
18581,FANCY HEAT INC,370 376 ADAMS ST,0714,Newark City,07114    ,RAO-A (Unrestricted Use)
629775,FARRAND STREET GROUND WATER CONTAMINATION,FARRAND ST,0702,Bloomfield Twp,07003    ,Known
633528,FATHER GLOTZBACH PARK,80 PARK AVE,0716,Nutley Twp,07110    ,RAO-Entire Site (Limited Restricted Use)
98926,F BASSO JR RUBBISH REMOVAL INC,55 93 S 20TH ST,0709,Irvington Twp,07111    ,LSRP Oversight
8708,FEDERAL BRONZE CASTING INDUSTRIES INC,9 BACKUS ST,0714,Newark City,07105    ,LSRP Oversight
30065,FEDERAL BRONZE CASTING INDUSTRIES INC,17 FERDON ST,0714,Newark City,07105    ,LSRP Oversight
47880,FEDERAL BUSINESS CENTERS STORAGE WAREHOUSES,320 ELIZABETH AVE,0714,Newark City,07106    ,Known
123595,FEDERAL EXPRESS,580 DELANCEY ST,0714,Newark City,07101    ,Known
65126,FEDERAL REFINING CO,55 71 RIVERSIDE AVE,0714,Newark City,07104    ,RAO-Entire Site (Restricted Use)
48367,FEDERATED BUILDING CO INC,31 43 MERCHANT ST,0714,Newark City,07105    ,RAO-A (Unrestricted Use)
39201,FEDERATED METALS CORP,150 ST CHARLES ST,0714,Newark City,07105    ,Known
85175,FELLS CREST ARMS APARTMENTS,178 ROSELAND AVE,0703,Caldwell Boro,07006    ,Suspected
42541,FERNANDES AUTO SERVICE INC,340 BLOOMFIELD AVE,0714,Newark City,071070000,LSRP Oversight
145868,FERNANDO AUTO REPAIR,184 192 LAFAYETTE ST,0714,Newark City,07105    ,LSRP Oversight
645277,FERNICOLA PROPERTY,433 4335 BLOOMFIELD AVE,0703,Caldwell Boro,07006    ,RAO-A (Unrestricted Use)
8757,FERRARAS AUTO BODY INC,33 37 ORANGE RD,0713,Montclair Twp,07042    ,LSRP Oversight
51555,FERRY AUTO REPAIRS,460 462 FERRY ST,0714,Newark City,07105    ,No SRP Oversight Required
76383,FERRY INDUSTRIAL PARK,331 347 FERRY ST,0714,Newark City,07105    ,RAO-A (Unrestricted Use)
64259,FERRY STREET & JACKSON STREET,FERRY ST & JACKSON ST,0714,Newark City,07118    ,Suspected
14024,F&G FUEL SERVICE STATION,1202 1210 SPRINGFIELD AVE,0709,Irvington Twp,087230000,LSRP Oversight
67370,FINEST MOLDS INC,422 432 ELIZABETH AVE,0714,Newark City,07114    ,RAO-Entire Site (Restricted Use)
9018,FINE TONER CORP,16 INDUSTRIAL RD,0707,Fairfield Twp,07004    ,Known
198764,FIORE HOLDING CO,137 161 HYATT LN,0714,Newark City,07105    ,Known
585390,FIRST CLASS LEARNING CENTER,683 BLOOMFIELD AVE,0702,Bloomfield Twp,07003    ,RAO-A (Unrestricted Use)
52725,FIRST CONGREGATIONAL CHURCH MTC,40 42 S FULLERTON AVE,0713,Montclair Twp,07042    ,CCF Approved
65793,FIRST FEDERAL SAVINGS & LOAN,323 ORANGE RD,0713,Montclair Twp,07042    ,LSRP Oversight
48261,FIRST FIDELITY BANK,500 506 BROAD ST,0714,Newark City,07192    ,LSRP Oversight
538732,FIRST FIDELITY PARKING GARAGE FORMER,951 961 MCCARTER HWY,0714,Newark City,07199    ,LSRP Oversight
57851,FIRST HOPEWELL BAPTIST CHURCH,525 ORANGE ST,0714,Newark City,07101    ,LSRP Oversight
9229,FIRST OCCUPATIONAL CENTER OF NJ,120 ARLINGTON AVE,0702,Bloomfield Twp,07003    ,Known
57097,FIRST PRESBYTERIAN CHURCH IN ORANGE,424 MAIN ST ,0717,Orange City Twp,07051    ,RAO-A (Unrestricted Use)
360251,FIRST PRESBYTERIAN CHURCH WEEK DAY NURSERY SCHOOL,326 BLOOMFIELD AVE,0703,Caldwell Boro,07006    ,Suspected
65777,FIRST SEVENTH DAY ADVENTIST CHURCH,202 NORMAN ST,0714,Newark City,07101    ,Suspected
58093,FIRST UNION NATIONAL BANK,936 BROAD ST,0714,Newark City,07102    ,Verified Unknown Source
220946,FISHER AUTO TRANSMISSIONS INC,81 RT 46,0707,Fairfield Twp,07006    ,RAO-A (Unrestricted Use)
14236,FISKE BROTHERS REFINING CO,129 LOCKWOOD ST,0714,Newark City,07105    ,LSRP Oversight
387317,FIVE STAR AUTO CENTER INC,510 UNION AVE,0701,Belleville Twp,07109    ,RAO-A (Unrestricted Use)
71450,FJ MAYER CORP,17 29 E RUNYON ST,0714,Newark City,07105    ,RAO-ISRA Entire Site (Unrestricted Use)
8383,FLAT RATE MOVING,99 EVERGREEN AVE,0714,Newark City,07114    ,Known
460617,FLEET 390 WEST MARKET,390 MARKET ST W,0714,Newark City,07107    ,RAO-A (Unrestricted Use)
83554,FLEETWASH INC,273 PASSAIC AVE,0707,Fairfield Twp,07004    ,Suspected
63649,FLEXCRAFT INDUSTRIES,527 AVE P,0714,Newark City,07101    ,Suspected
20567,FLEXCRAFT INDUSTRIES @ TENAX FINISHING,390 ADAMS ST,0714,Newark City,07101    ,RAO-ISRA Leasehold (Unrestricted Use)
9245,FLEXON INDUSTRIES CORP,630 WASHINGTON AVE,0701,Belleville Twp,071090000,RAO-Entire Site (Restricted Use)
15725,FLM GRAPHICS CORP,123 LEHIGH DR,0707,Fairfield Twp,07006    ,RAO-ISRA Entire Site (Unrestricted Use)
629815,FLORE DO MINHO,265 PARKHURST AVE,0714,Newark City,07114    ,Known
33467,FLORIDA AUTO SERVICE CORP,315 ORANGE ST,0714,Newark City,07103    ,RAO-A (Unrestricted Use)
44096,FMR REALTY CO,151 FOREST ST,0713,Montclair Twp,07043    ,RAO-A (Unrestricted Use)
21131,FOAM RUBBER FABRICATORS INC,740 WASHINGTON AVE,0701,Belleville Twp,07109    ,RAO-A (Unrestricted Use)
360255,FOCUS HISPANIC CENTER FOR COMMUNTY DEVELOPMENT INC,441 BROAD ST,0714,Newark City,07102    ,CCF Approved
201408,FOODTOWN SUPERMARKET,810 N 6TH ST,0714,Newark City,07107    ,RAO-A (Unrestricted Use)
23138,FOREIGN AID INC,207 BELLEVUE AVE,0713,Montclair Twp,07043    ,RAO-A (Unrestricted Use)
8567,FOREIGN AUTO PREPARATION SERVICE,NAVY ST,0714,Newark City,07114    ,No SRP Oversight Required
16255,FOREMOST MACHINE BUILDERS INC,23 SPIELMAN RD,0707,Fairfield Twp,07004    ,LSRP Oversight
70993,FORMER BLOOMFIELD GAS WORS,49 WEST ST,0702,Bloomfield Twp,07003    ,LSRP Oversight
730567,FORMER VFW POST 6255,970 POMPTON AVE,0704,Cedar Grove Twp,07009    ,RAO-A (Unrestricted Use)
693750,FORMER WELLS FARGO BANK NORTH CALDWELL,29 BLOOMFIELD AVE,0715,North Caldwell Boro,07006    ,RAO-A (Unrestricted Use)
8860,FORTUNE CLEANERS,8 MT PLEASANT AVE E,0710,Livingston Twp,07039    ,LSRP Oversight
8879,FOSTER WHEELER DEVELOPMENT J BLIZZARD RESEARCH CENTER,12 PEACH TREE HILL RD,0710,Livingston Twp,070395701,RAO-Entire Site (Limited Restricted Use)
408241,FOUNDRY STREET TRAILER,FOUNDRY ST,0714,Newark City,07015    ,EPA Removal Action Complete
44656,FOUR CORNERS REALTY,200 DARLING AVE,0702,Bloomfield Twp,07003    ,Known
317686,FOUR GATEWAY CENTER,100 MULBERRY ST,0714,Newark City,07102    ,RAO-A (Unrestricted Use)
65187,FOWARD AIR INC,74 AVE L,0714,Newark City,07199    ,RAO-Entire Site (Restricted Use)
14023,FRANCIS CHEVROLET,1128 SPRINGFIELD AVE,0709,Irvington Twp,087230000,RAO-A (Unrestricted Use)
286724,FRANK J DEUTSCH INC,17 SPIELMAN RD,0707,Fairfield Twp,07006    ,RAO-ISRA Entire Site (Unrestricted Use)
494600,FRANKLIN MANOR,121 127 FRANKLIN AVE ,0701,Belleville Twp,07109    ,LSRP Oversight
51514,FRANK M LEO ASSOC,554 BLOOMFIELD AVE,0702,Bloomfield Twp,07003    ,LSRP Oversight
8460,FRANK POPOLA BARREL CO INC,16 18 THORNTON ST,0714,Newark City,07105    ,RAO-Entire Site (Unrestricted Use)
8141,FRANKS AUTO BODY INC,817 PASSAIC AVE,0721,West Caldwell Twp,07006    ,CEA Established (Limited Restricted Use)
9246,FRANK SUNOCO SERVICE STATION,735 WASHINGTON AVE,0701,Belleville Twp,07109    ,LSRP Oversight
649563,FREDERICK DOUGLASS PARK,135 145 SPRUCE ST,0714,Newark City,07102    ,RAO-A (Restricted Use)
31904,FREDS EXXON SERVICE STATION,549 VALLEY RD,0722,West Orange Twp,07052    ,LSRP Oversight
364800,FREGANS AUTOMOTIVE,22 24 CENTRAL AVE,0722,West Orange Twp,07052    ,RAO-Entire Site (Restricted Use)
63657,FRESCO SILVER CO FORMER,357 BOYDEN AVE,0711,Maplewood Twp,07040    ,LSRP Oversight
41884,FRIEDMANS EXPRESS INC FORMER,191 241 AVE P,0714,Newark City,07104    ,Suspected
8161,FRIENDLY CLEANERS,883 BLOOMFIELD AVE,0721,West Caldwell Twp,07006    ,Suspected
360256,FRIENDLY FULD NEIGHBORHOOD CENTER INC HEAD START,555 MARTIN LUTHER KING BLVD,0714,Newark City,07102    ,Suspected
360257,FRIENDLY FULD NEIGHBORHOOD CENTER INC HEAD START,35 LONGWORTH ST,0714,Newark City,07102    ,Withdrawn
746716,FRIENDLY FULD NEIGHBORHOOD CENTERS INC FORMER,165 COURT ST,0714,Newark City,07103    ,No SRP Oversight Required
763750,FRIENDS OF PHILIP,341 353 CENTRAL AVE,0714,Newark City,07103    ,LSRP Oversight
358641,FRONTLINE INDUSTRIES INC,918 CLINTON AVE,0709,Irvington Twp,07111    ,RAO-A (Unrestricted Use)
13989,FUELCO,455 THOMAS BLVD,0717,Orange City Twp,07505    ,LSRP Oversight
360258,FULL GOSPEL CHRISTIAN ACADEMY,531 S ORANGE AVE,0714,Newark City,07103    ,Suspected
764502,FULL GOSPEL MONUMENT OF FAITH CHURCH,527 SOUTH ORANGE AVE,0714,Newark City,07103    ,RAO-Entire Site (Unrestricted Use)
8117,FUTURE AUTO BODY & SERVICE,239 MAIN ST,0722,West Orange Twp,07052    ,RAO-A (Unrestricted Use)
395025,FUTURE GENERATION PROPOSED ,261 BROAD ST,0702,Bloomfield Twp,07003    ,Suspected
376717,FUTURE GENIUSES DAY CARE CENTER,315 RENNER AVE,0714,Newark City,07112    ,CCF Approved
372080,FUTURE OF NEW LIFE ACADEMY,12 PROSPECT ST,0702,Bloomfield Twp,07003    ,Suspected
470561,GAP CLOTHING STORE,629 VALLEY RD,0713,Montclair Twp,07043    ,LSRP Oversight
619847,GARDENS FAMILY,14 38 14TH AVE,0714,Newark City,07103    ,RAO-A (Unrestricted Use)
360259,GARDEN SPIRES HEAD START CENTER @ GARDEN SPIRES APARTMENTS,175 1ST ST,0714,Newark City,07107    ,Suspected
620115,GARDENS SENIOR,204 218 S ORANGE AVE,0714,Newark City,07103    ,RAO-A (Unrestricted Use)
8831,GARDEN STATE GULF SERVICE STATION,2177 MILLBURN AVE,0711,Maplewood Twp,07040    ,LSRP Oversight
8281,GARYS AUTO BODY INC,335 HIGH ST,0717,Orange City Twp,07050    ,LSRP Oversight
18265,GAS 77 SERVICE STATION,962 966 18TH AVE,0714,Newark City,07106    ,LSRP Oversight
8555,GAS DIESEL SERVICE STATION,1285 1297 MCCARTER HWY,0714,Newark City,07104    ,RAO-A (Unrestricted Use)
339977,GASFLO PRODUCTS INC,19 INDUSTRIAL RD,0707,Fairfield Twp,07006    ,RAO-ISRA Entire Site (Unrestricted Use)
9089,GAS LAND INC,9 N PARK ST,0705,East Orange City,07017    ,LSRP Oversight
9082,GAS MART SERVICE STATION,66 N PARK ST,0705,East Orange City,07017    ,LSRP Oversight
37081,GATOR COMMUNICATIONS GROUP @ MADISON IND PK,175 RT 46,0707,Fairfield Twp,07004    ,RAO-A (Unrestricted Use)
14030,GENERAL HOSE PRODUCTS INC,30 SHERWOOD LN,0707,Fairfield Twp,070060011,Known
51321,GENERAL METALS MFG CO,16 24 CORDIER ST,0709,Irvington Twp,07111    ,Suspected
20632,GENERAL PNEUMATICS CO,440 WASHINGTON ST,0717,Orange City Twp,07050    ,Known
445691,GENERAL PNEUMATICS CORP,224 228 WATCHUNG AVE,0722,West Orange Twp,07050    ,LSRP Oversight
360260,GENESIS PRESCHOOL LEARNING CENTER,1038 CLINTON AVE,0709,Irvington Twp,07111    ,Suspected
20684,GEORGE PRODUCTS CO INC,104 DORSA AVE,0710,Livingston Twp,07039    ,LSRP Oversight
498215,GEORGIA KING VILLAGE APARTMENTS,4 70 LITTLETON AVE,0714,Newark City,07103    ,RAO-A (Unrestricted Use)
479375,GEORGIA PACIFIC CORP,37 67 MAGAZINE ST,0714,Newark City,07105    ,RAO-ISRA Entire Site (Restricted Use)
20442,GE POLYMERSHAPES,127 FRELINGHUYSEN AVE,0714,Newark City,07101    ,Verified Unknown Source
450816,GET JUNKED COM,964 FRELINGHUYSEN AVE,0714,Newark City,07114    ,LSRP Oversight
42012,GETTY SERVICE STATION #00348,1079 BROAD ST,0702,Bloomfield Twp,07003    ,Known
45448,GETTY SERVICE STATION #00664,953 18TH AVE,0714,Newark City,07114    ,RAO-A (Limited Restricted Use)
8378,GETTY SERVICE STATION #56039,278 BLOOMFIELD AVE,0716,Nutley Twp,07110    ,RAO-Entire Site (Limited Restricted Use)
8372,GETTY SERVICE STATION #56047,659 BLOOMFIELD AVE,0716,Nutley Twp,07110    ,RAO-A (Unrestricted Use)
9044,GETTY SERVICE STATION #56106,380 S CLINTON ST ,0705,East Orange City,07018    ,RAO-A (Limited Restricted Use)
8232,GETTY SERVICE STATION #56811,490 CENTRAL AVE,0717,Orange City Twp,07050    ,LSRP Oversight
9169,GETTY SERVICE STATION #56818,721 E PASSAIC AVE,0702,Bloomfield Twp,07003    ,Known
8374,GETTY SERVICE STATION #56844,110 CENTRE ST,0716,Nutley Twp,07110    ,Verified Unknown Source
9041,GETTY SERVICE STATION #56848,85 DODD ST,0705,East Orange City,07017    ,RAO-A (Limited Restricted Use)
45419,GETTY SERVICE STATION #56869,749 LYONS AVE,0709,Irvington Twp,07111    ,RAO-A (Limited Restricted Use)
8739,GETTY SERVICE STATION #95737,575 VALLEY RD,0713,Montclair Twp,07043    ,Known
14932,GETTY TERMINALS CORP,86 DOREMUS AVE,0714,Newark City,07105    ,LSRP Oversight
360261,GIANT STEPS LEARNING CENTER,725 MARTIN LUTHER KING BLVD,0714,Newark City,07103    ,CCF Approved
360262,GIGGLES CHILD CARE CENTER INC,593 PARK AVE,0705,East Orange City,07017    ,Suspected
344150,GIGGLES III,45 GLENWOOD PL,0705,East Orange City,07017    ,CCF Approved
360263,GIGGLES INFANT CENTER,194 SANFORD ST,0705,East Orange City,07017    ,Suspected
42373,GILCHRIST BROTHERS INC LUMBER DIST,COASTWISE ST & TYLER ST,0714,Newark City,07114    ,LSRP Oversight
182911,GIRAO GARY REV,233 HORSENECK RD,0707,Fairfield Twp,07004    ,CCF Approved
8810,GLEASON LAUNDERERS & DRY CLEANERS,7 11 PARKER AVE W,0711,Maplewood Twp,07040    ,LSRP Oversight
9215,GLENFIELD TEXACO SERVICE STATION,711 BLOOMFIELD AVE,0702,Bloomfield Twp,07003    ,RAO-A (Unrestricted Use)
48935,GLEN RIDGE BORO BD OF ED FOREST AVENUE SCHOOL,287 FOREST AVE,0708,Glen Ridge Boro,07028    ,RAO-A (Unrestricted Use)
8962,GLEN RIDGE BORO MUNICIPAL BUILDING,825 BLOOMFIELD AVE,0708,Glen Ridge Boro,07028    ,RAO-A (Unrestricted Use)
57950,GLEN RIDGE PHARMACY,855 BLOOMFIELD AVE,0708,Glen Ridge Boro,07028    ,RAO-A (Unrestricted Use)
9188,GLENWOOD AMOCO SERVICE STATION,206 GLENWOOD AVE,0702,Bloomfield Twp,07003    ,LSRP Oversight
457253,GLENWOOD VILLAGE,11 LACKAWANNA PL,0702,Bloomfield Twp,07003    ,LSRP Oversight
9292,GLITTEREX CORP,21 23 JORALEMON ST,0701,Belleville Twp,07109    ,LSRP Oversight
441479,GLOBAL INTERNATIONAL TRADING CO,422 440 FRELINGHUYSEN AVE,0714,Newark City,071141419,Deed Notice Terminated
227859,GLOBAL PROTEIN FOODS INC,170 AVE L ,0714,Newark City,07105    ,LSRP Oversight
20117,GLOBE MOTOR CAR CO INC,1230 BLOOMFIELD AVE,0707,Fairfield Twp,07006    ,LSRP Oversight
19776,GLOPAK CORP,296 SOUTH ST,0714,Newark City,07114    ,LSRP Oversight
413862,GLOTRAC BUILDERS,2104 MCCARTER HWY,0714,Newark City,07102    ,LSRP Oversight
71480,GOBI PRIMAK INC,618 SCOTLAND RD,0717,Orange City Twp,07050    ,LSRP Oversight
205477,GODDARD SCHOOL,76 LITTLE FALLS RD,0707,Fairfield Twp,07006    ,RAO-Entire Site (Unrestricted Use)
610565,GODDARD SCHOOL,303 MT PLEASANT AVE,0722,West Orange Twp,07052    ,LSRP Oversight
19065,GOETZ & RUSCHMANN INC,97 99 NEWARK WAY,0711,Maplewood Twp,07040    ,RAO-Entire Site (Unrestricted Use)
530821,GOLDEN PROMISE EQUIPMENT INC,15 LIBELLA CT,0714,Newark City,07105    ,RAO-A (Restricted Use)
43044,GOLDFINGERS CHILDRENS WORLD,34 JACKSON ST,0714,Newark City,07105    ,Historic Fill - Not Addressed
367396,GOOD DEAL FURNITURE PROPERTY,469 471 SPRINGFIELD AVE,0714,Newark City,07103    ,Suspected
54665,GOOD SHEPHERD ACADEMY,281 285 NESBIT TER,0709,Irvington Twp,07111    ,RAO-A (Unrestricted Use)
51468,GOODWILL HOME & MISSIONS INC,79 UNIVERSITY AVE,0714,Newark City,071020000,LSRP Oversight
360264,GOSPEL CHRISTIAN ACADEMY CHILD CARE & LEARNING CENTER,688 SPRINGFIELD AVE,0714,Newark City,07103    ,Suspected
469497,GOSPEL LIGHT CHRISTIAN ACADEMY,680 SPRINGFIELD AVE,0714,Newark City,07108    ,RAO-Entire Site (Unrestricted Use)
8877,GRACE CLEANERS,398 S LIVINGSTON AVE,0710,Livingston Twp,07039    ,Suspected
472094,GRACE LOUIS,221 305 IRVINE TURNER BLVD,0714,Newark City,07108    ,RAO-A (Unrestricted Use)
360265,GRACE REFORMED CHURCH BABYSITTING SERVICE,31 BLUM ST,0714,Newark City,07103    ,CCF Approved
88220,GRACE WEST MANOR APARTMENTS,301 IRVINE TURNER BLVD,0714,Newark City,07108    ,Suspected
44566,GRAMMER DEMPSEY & HUDSON INC,212 ROME ST,0714,Newark City,07101    ,RAO-Entire Site (Restricted Use)
8773,GRAND AUTO SERVICE INC,694 BLOOMFIELD AVE,0713,Montclair Twp,07042    ,RAO-A (Limited Restricted Use)
8596,GRAPHIC VEHICLES INC,100 E PEDDIE ST,0714,Newark City,07102    ,RAO-Entire Site (Restricted Use)
32130,GRAY AUTO CLINIC & TIRE SERVICES,11 15 CENTRAL AVE,0722,West Orange Twp,07052    ,LSRP Oversight
360267,GREATER ABYSSINIAN BAPTIST CHURCH HEAD START,88 LYONS AVE,0714,Newark City,07112    ,CCF Approved
173958,GREATER HILLTOP PROPERTY,MOUNTAIN AVE & ELM RD,0704,Cedar Grove Twp,07009    ,RAO-Entire Site (Unrestricted Use)
360266,GREATER MOUNT MORIAH CHRISTIAN EDUCATION ACADEMY,202 CLINTON AVE,0714,Newark City,07108    ,RAO-Entire Site (Unrestricted Use)
149877,GREATER NEWARK CONSERVANCY OUTDOOR LEARNING CENTER,32 PRINCE ST,0714,Newark City,07103    ,Known
57771,GREAT NEWARK CHARTER SCHOOL,64 72 CENTRAL AVE,0714,Newark City,07101    ,RAO-A (Unrestricted Use)
222076,GREAT OAKS CHARTER SCHOOL,21 27 CRAWFORD ST,0714,Newark City,07102    ,Suspected
222073,GREAT OAKS LEGACY CHARTER SCHOOL,17 19 CRAWFORD ST,0714,Newark City,07102    ,Suspected
60361,GREEN BROOK COUNTRY CLUB,100 W GREENBROOK RD,0715,North Caldwell Boro,07006    ,LSRP Oversight
373665,GREEN DISPATCHER SERVICE INC ,153 BADGER AVE,0714,Newark City,07108    ,RAO-A (Unrestricted Use)
9070,GREEN HARRISON CLEANERS,191 S HARRISON ST,0705,East Orange City,07018    ,Known
28977,GREWE PLASTICS INC,123 125 S 15TH ST ,0714,Newark City,07107    ,RAO-Entire Site (Unrestricted Use)
595368,GREYLOCK STEVENS,67 69 GREYLOCK AVE,0701,Belleville Twp,07109    ,CEA Established (Limited Restricted Use)
417421,GRIFFITH BLDG,605 607 BROAD ST,0714,Newark City,07105    ,RAO-A (Unrestricted Use)
229756,GROWING GARDEN PRESCHOOL,962 970 S ORANGE AVE,0714,Newark City,07106    ,CCF Approved
8701,GS OIL CORP SERVICE STATION,108 BLOOMFIELD AVE,0714,Newark City,07104    ,RAO-A (Unrestricted Use)
8705,GS OIL SERVICE STATION,466 470 BLOOMFIELD AVE,0714,Newark City,07107    ,RAO-A (Unrestricted Use)
9163,GS PKY MM 152.9 SB BROOKDALE SA #80002998,GARDEN STATE PKWY MM 152.9 S,0702,Bloomfield Twp,07003    ,LSRP Oversight
9184,GS PKY MM 153.2 NB BROOKDALE SERV PL#80011842,GARDEN STATE PKWY MM 153.0 N,0702,Bloomfield Twp,07098    ,LSRP Oversight
708242,GTE ENGINEERING,69 PARK ST,0717,Orange City Twp,07050    ,LSRP Oversight
42509,GUARDIAN FENCE CO INC,180 WRIGHT ST,0714,Newark City,071142627,RAO-A (Unrestricted Use)
9039,GULF SERVICE STATION,277 SANFORD ST,0705,East Orange City,07017    ,RAO-A (Restricted Use)
88103,GUNDY BROTHERS JUNKYARD,298 344 BADGER AVE,0714,Newark City,07199    ,Suspected
8559,GUNICA,625 MCCARTER HWY,0714,Newark City,07102    ,RAO-A (Unrestricted Use)
55551,GUR & DEEP FUEL INC,597 CHANCELLOR AVE,0709,Irvington Twp,07111    ,RAO-A (Limited Restricted Use)
8303,GUS EXXON SERVICE STATION #30026,493 CENTRAL AVE,0717,Orange City Twp,07050    ,RAO-A (Limited Restricted Use)
65549,GUYS N DOLLS,120 FRANKLIN AVE,0716,Nutley Twp,07110    ,Suspected
15750,HACKENSACK MERIDIAN HEALTH MOUNTAINSIDE MEDICAL CT,310 BAY AVE,0708,Glen Ridge Boro,07041    ,Suspected
123583,HA FERNOT CO INC,32 KULICK RD,0707,Fairfield Twp,07004    ,RAO-A (Unrestricted Use)
742933,HAIG CLEANERS FORMER COLOCATION,NEW ST,0714,Newark City,07102    ,Suspected
56167,HAITIAN LOGISTIC,180 POINIER ST,0714,Newark City,07114    ,Known
56881,HALAL COMMUNITY RESTAURANT,951 S ORANGE AVE,0705,East Orange City,07018    ,Verified Unknown Source
24848,HALKIAS GEAR & MACHINE WORKS CORP,14 18 WILLOW ST,0702,Bloomfield Twp,07003    ,RAO-Entire Site (Unrestricted Use)
8591,HALLMARK HOUSE APARTMENTS,10 HILL ST,0714,Newark City,07102    ,RAO-A (Restricted Use)
29939,HAL O MFG CO INC,137 143 MEEKER AVE,0714,Newark City,07114    ,LSRP Oversight
165271,HAMIN REALTY,468 494 PLEASANT VALLEY WAY,0722,West Orange Twp,07052    ,RAO-A (Unrestricted Use)
409085,HAMPTON VALLEY APARTMENTS,122 136 ELIZABETH AVE,0714,Newark City,07114    ,RAO-Entire Site (Unrestricted Use)
14920,HANDY STORE FIXTURES INC,337 SHERMAN AVE,0714,Newark City,07114    ,RAO-ISRA Entire Site (Unrestricted Use)
65672,HANGER 11 @ NEWARK LIBERTY INTNL AIRPORT,HANGAR 11 ,0714,Newark City,07101    ,Suspected
31461,HANGER 15 @ NEWARK LIBERTY INTNL AIRPORT,HANGAR 15 ,0714,Newark City,07114    ,LSRP Oversight
322623,HANGER 55 @ NEWARK LIBERTY INTNL AIRPORT,HANGER 55,0714,Newark City,07201    ,LSRP Oversight
633983,HANK AARON BASEBALL FIELD,56 84 PRINCE ST,0714,Newark City,07102    ,LSRP Oversight
376721,HAPPY KIDS CHILD CARE CENTER,15 WASHINGTON ST,0722,West Orange Twp,07052    ,CCF Approved
360268,HARAMBEE FAMILY ACADEMY,60 GLENWOOD AVE,0705,East Orange City,07017    ,CCF Approved
8368,HARBOT DIE CASTING CORP,52 E CENTRE ST,0716,Nutley Twp,071100000,RAO-ISRA Entire Site (Restricted Use)
360269,HARMONY DAY CARE CENTER & SPECIAL PROGRAMS,1160 CLINTON AVE,0709,Irvington Twp,07111    ,CCF Approved
8349,HARRISON PARK SQUARE,134 148 SPRUCE ST,0714,Newark City,07101    ,LSRP Oversight
65483,HART DEVELOPMENT CORP,177 N WALNUT ST,0705,East Orange City,07018    ,Suspected
456570,HARTZ MOUNTAIN INDUSTRIES AIRPORT PARKING LOT,86 144 HAYNES AVE,0714,Newark City,07114    ,CEA Established (Limited Restricted Use)
9220,HARTZ MOUNTAIN INDUSTRIES INC,192 BLOOMFIELD AVE,0702,Bloomfield Twp,07003    ,LSRP Oversight
16619,HARVARD PRESS REDEVELOPMENT,550 CENTRAL AVE,0717,Orange City Twp,07050    ,LSRP Oversight
184757,HASSAN FOOD CORP,935 S ORANGE AVE,0705,East Orange City,07017    ,RAO-A (Unrestricted Use)
193020,HAT CITY LOFTS,475 S JEFFERSON ST,0717,Orange City Twp,07050    ,RAO-Entire Site (Restricted Use)
65538,HAWTHORNE LIQUOR,338 340 HAWTHORNE AVE,0714,Newark City,07199    ,Suspected
226757,HAWTHORNE TIRE SHOP INC,507 HAWTHORNE AVE,0714,Newark City,07112    ,LSRP Oversight
8752,HAWTHORNE TOWERS,36 HAWTHORNE PL,0713,Montclair Twp,070420000,RAO-A (Unrestricted Use)
64368,HAYES CHARTER INC,83 HARTFORD ST,0714,Newark City,07103    ,RAO-A (Unrestricted Use)
64945,HAZELTON GROUP,204 212 LITTLETON AVE,0714,Newark City,07101    ,Known
483482,HEADED FOR THE STARSCHILDCARE ,85 WHITTLESEY AVE,0722,West Orange Twp,07052    ,RAO-A (Unrestricted Use)
522241,HEADS & TAILS,124 WALNUT ST,0713,Montclair Twp,07042    ,LSRP Oversight
687026,HECKEL STREET & BROOK STREET GROUND WATER CONTAMINATION,HECKEL ST & BROOK ST,0701,Belleville Twp,07109    ,Known
23045,HEINKEL AUTOMOTIVE INC,1443 SPRINGFIELD AVE,0711,Maplewood Twp,070400000,RAO-A (Restricted Use)
8996,HEISLER MACHINE & TOOL CO,224 PASSAIC AVE,0707,Fairfield Twp,070060000,Known
360271,HENRIETTA KING HEAD START,936 BERGEN ST,0714,Newark City,07112    ,Suspected
8608,HERAEUS PRECIOUS METALS NORTH AMERICA,65 EUCLID AVE,0714,Newark City,07105    ,Known
9001,HERAEUS QUARTZTECH INC,17 MADISON RD,0707,Fairfield Twp,07006    ,Known
42062,HERED CORP,289 HALSEY ST,0714,Newark City,07101    ,RAO-A (Unrestricted Use)
614801,HERITAGE CENTER PROPOSED,192 198 16TH AVE,0714,Newark City,07103    ,LSRP Oversight
45572,HERTZ CORP EQUIP RENTAL,67 85 DOREMUS AVE,0714,Newark City,07105    ,RAO-Entire Site (Restricted Use)
8432,HERTZ RENT A CAR @ NEWARK LIBERTY INTNL AIRPORT,BLDG 23,0714,Newark City,07114    ,LSRP Oversight
559556,HESS NEWARK LPG WORKS FORMER,672 696 DOREMUS AVE,0714,Newark City,07105    ,LSRP Oversight
8260,HESS SERVICE STATION #30238,150 WASHINGTON AVE,0716,Nutley Twp,07110    ,LSRP Oversight
8923,HESS SERVICE STATION #30507,543 553 LYONS AVE,0709,Irvington Twp,07111    ,LSRP Oversight
51814,H&G INDUSTRIES INC,6 12 MAIN ST,0701,Belleville Twp,07109    ,LSRP Oversight
8924,HIBBARD AUTOMOTIVE SERVICE INC,555 561 LYONS AVE,0709,Irvington Twp,07111    ,RAO-A (Unrestricted Use)
754211,HIGHLAND VIEWS SENIOR HOUSING PROPOSED,530 570 S 13TH ST,0714,Newark City,07103    ,LSRP Oversight
36355,HIGH SPRUCE APARTMENTS,730 742 MARTIN LUTHER KING BLVD,0714,Newark City,07102    ,Suspected
585397,HIGH STREET & LAKESIDE AVENUE GW CONTAMINATION,HIGH ST & LAKESIDE AVE,0717,Orange City Twp,07050    ,Known
9114,HILLCREST EXXON SERVICE STATION #31698,648 POMPTON AVE,0704,Cedar Grove Twp,07009    ,RAO-A (Limited Restricted Use)
8516,HILL MANOR APARTMENTS,611 MARTIN LUTHER KING BLVD,0714,Newark City,07102    ,Known
73544,HILLSIDE AVENUE & W ALPINE STREET,HILLSIDE AVE & W ALPINE ST,0714,Newark City,07105    ,Suspected
52876,HILLSIDE CLUB @ LIVINGSTON,245 251 NORTHFIELD RD,0710,Livingston Twp,07039    ,RAO-Entire Site (Unrestricted Use)
51988,HILLSIDE OFFICE BUILDING,44 GLENWOOD AVE,0705,East Orange City,07018    ,RAO-A (Unrestricted Use)
182726,HILTON BUS CO,1450 SPRINGFIELD AVE,0711,Maplewood Twp,07040    ,LSRP Oversight
8565,HILTON DAVIS CHEMICAL CO,120 LISTER AVE,0714,Newark City,07105    ,RAO-Entire Site (Restricted Use)
8436,HITECH AUTO CARE CENTER,390 WASHINGTON ST,0714,Newark City,07102    ,LSRP Oversight
165276,HOFFMAN BMW,276 278 NEWARK AVE,0702,Bloomfield Twp,07003    ,RAO-A (Limited Restricted Use)
668117,HOFFMAN BOULEVARD VAPOR INTRUSION INVESTIGATION,HOFFMAN BLVD & 1ST AVE,0705,East Orange City,07017    ,Known
20717,HOFFMAN CHEVROLET INC,425 BLOOMFIELD AVE,0702,Bloomfield Twp,07003    ,RAO-A (Restricted Use)
496247,HOFFMAN LA ROCHE WEST SIDE OF RAILRAIL TRACKS,300 438 KINGSLAND ST,0716,Nutley Twp,07110    ,Known
487215,HOFFMANN LA ROCHE,299 KINGSLAND ST,0716,Nutley Twp,07110    ,Known
360273,HOFFMANN LA ROCHE CORPORATE CHILD CARE CENTER,500 KINGSLAND ST,0716,Nutley Twp,07110    ,RAO-Entire Site (Unrestricted Use)
55266,HOLLANDER HOME FASHIONS CORP,66 78 MORRIS AVE,0714,Newark City,07103    ,LSRP Oversight
360275,HOLLOW DAY CARE CENTER,17 TALBOT ST,0713,Montclair Twp,07042    ,CCF Approved
742985,HOLLYWOOD CLEANERS FORMER COLOCATION,NORTH DAY ST,0717,Orange City Twp,07050    ,Suspected
44555,HOLLYWOOD PARK ASSOC,277 FAIRFIELD RD,0707,Fairfield Twp,07006    ,RAO-A (Unrestricted Use)
360274,HOLY FAMILY DAY NURSERY SCHOOL,174 FRANKLIN AVE,0716,Nutley Twp,07110    ,CCF Approved
452661,HOLY FAMILY NURSERY SCHOOL,180 FRANKLIN AVE,0716,Nutley Twp,07110    ,RAO-Entire Site (Unrestricted Use)
358005,HOLY TRINITY SCHOOL,153 GLENWOOD AVE,0705,East Orange City,07017    ,RAO-A (Unrestricted Use)
65714,HOMECRAFT MFG CO INC,4 42 ST FRANCIS ST,0714,Newark City,07101    ,Known
9180,HOME DEPOT INC #928,60 ORANGE ST,0702,Bloomfield Twp,07003    ,Known
65484,HOMES REALTY INC,15 WHITNEY PL,0705,East Orange City,07018    ,Suspected
76671,HONEYWELL INC,80 LITTLE FALLS RD,0707,Fairfield Twp,07006    ,RAO-ISRA Leasehold (Unrestricted Use)
79076,HOOD CHARLES R,300 COIT ST,0709,Irvington Twp,07111    ,RAO-Entire Site (Unrestricted Use)
417429,HOPEWELL BAPTIST CHURCH,781 787 MARTIN LUTHER KING BLVD ,0714,Newark City,07105    ,RAO-A (Unrestricted Use)
89701,HORSENECK GULF SERVICE STATION,223 HORSENECK RD,0707,Fairfield Twp,07004    ,RAO-A (Unrestricted Use)
14902,HOSPITAL CENTER @ ORANGE,188 S ESSEX AVE,0717,Orange City Twp,070510000,LSRP Oversight
49638,HOULE JEFFREY,5 POMONA AVE,0714,Newark City,07112    ,Suspected
23761,HOWARD KORENSTEIN SPORTSWEAR,236 SOUTH ST,0714,Newark City,07114    ,LSRP Oversight
344805,HOWARD SCHULBERG DDS,98 BROAD ST,0702,Bloomfield Twp,07003    ,RAO-Child Care Facility (Unrestricted Use)
76125,H&T MFG INC,10 AUDREY PL,0707,Fairfield Twp,07006    ,RAO-ISRA Entire Site (Unrestricted Use)
64089,HUB RECYCLING INC,INTERNATIONAL WAY,0714,Newark City,07199    ,Known
63650,HUDSAR INC,373 SOUTH ST,0714,Newark City,07199    ,LSRP Oversight
64078,HUDSON CNTY CHROMATE #149,349 ORATON ST,0714,Newark City,07105    ,Known
64442,HUDSON CNTY CHROMATE #192,EASTERN SPUR @ PIERS 10S & 11S,0714,Newark City,07114    ,Known
51773,HUDSON TOOL & DIE CO INC,18 MALVERN ST,0714,Newark City,07105    ,Known
63744,HUDSON TOOL & DIE CO INC,59 WALL ST,0714,Newark City,07101    ,Known
292982,HUMMEL LANOLIN CORP FORMER,128 144 ROANOKE AVE,0714,Newark City,07105    ,EPA Removal Action Complete
50299,HURLEY FORGE INC,70 84 MANUFACTURERS PL,0714,Newark City,07105    ,CEA Lifted
71687,HUSPRF NEWARK,397 447 FERRY ST,0714,Newark City,07105    ,LSRP Oversight
20053,HYGRADE ELECTRO PLATING CO,33 37 4TH ST,0714,Newark City,07104    ,Suspected
45765,IDT BUILDING,468 498 BROAD ST,0714,Newark City,07102    ,Verified Unknown Source
360277,IGA HEAD START CENTER I & II,94 MAPLE AVE,0714,Newark City,07112    ,CCF Approved
67432,IGLESIA CRISTIANA SURCOS DE LIBERACION,907 909 CLIFTON AVE,0714,Newark City,07104    ,Known
375810,IHS LITTLE ANGELS CHRISTIAN DAY CARE PROPOSED,1286 SPRINGFIELD AVE,0709,Irvington Twp,07111    ,CCF Approved
8211,ILLINOIS TOOL WORKS INC,565 EAGLE ROCK AVE,0718,Roseland Boro,07068    ,Known
8735,ILL MEMORIAL SOCIAL SERVICES INC,60 S FULLERTON AVE,0713,Montclair Twp,07042    ,RAO-A (Unrestricted Use)
224860,I LOVE CHILDREN LEARNING CENTER,316 CLAREMONT AVE,0713,Montclair Twp,07042    ,RAO-Child Care Facility (Unrestricted Use)
53015,IMMACULATE CONCEPTION HIGH SCHOOL,33 COTTAGE PL,0713,Montclair Twp,07042    ,RAO-Child Care Facility (Unrestricted Use)
360425,IMMACULATE CONCEPTION PARISH CENTER,1 MUNN ST,0713,Montclair Twp,07042    ,LSRP Oversight
360278,IMMACULATE HEART OF MARY DAY NURSERY,121 CONGRESS ST,0714,Newark City,07105    ,CCF Approved
29421,IMPACT MEDICAL CORP @ WEST CALDWELL IND VILLAGE,27 FAIRFIELD PL,0721,West Caldwell Twp,07006    ,RAO-Entire Site (Unrestricted Use)
60395,INDUSTRIAL BUILDING @ 10 COMMERCE ROAD,10 COMMERCE RD,0707,Fairfield Twp,07004    ,RAO-Entire Site (Unrestricted Use)
24731,INDUSTRIAL BUILDING @ 10 WASHINGTON AVENUE,10 WASHINGTON AVE,0707,Fairfield Twp,07004    ,RAO-A (Unrestricted Use)
8990,INDUSTRIAL BUILDING @ 16 LAW DRIVE,16 LAW DR,0707,Fairfield Twp,07006    ,LSRP Oversight
744060,INDUSTRIAL BUILDING @ 19 SPIELMAN ROAD,19 SPIELMAN RD,0707,Fairfield Twp,07004    ,LSRP Oversight
81217,INDUSTRIAL BUILDING @ 22 COMMERCE ROAD,22 COMMERCE RD,0707,Fairfield Twp,07004    ,RAO-A (Unrestricted Use)
437046,INDUSTRIAL BUILDING @ 23 COMMERCE ROAD,23 COMMERCE RD,0707,Fairfield Twp,07004    ,RAO-A (Unrestricted Use)
14009,INDUSTRIAL BUILDING @ 2 8 CENTRAL AVENUE,2 8 CENTRAL AVE,0705,East Orange City,07017    ,Known
21123,INDUSTRIAL BUILDING @ 305 FAIRFIELD AVENUE,305 FAIRFIELD AVE,0707,Fairfield Twp,07004    ,RAO-ISRA Leasehold (Unrestricted Use)
707108,INDUSTRIAL BUILDING @ 35 49 51 DR MARTIN LUTHER KING JR BOULEVARD,87 91 SUMMER AVE,0714,Newark City,07450    ,LSRP Oversight
27574,INDUSTRIAL BUILDING @ 37 FAIRFIELD PLACE,37 FAIRFIELD PL,0721,West Caldwell Twp,07058    ,RAO-A (Unrestricted Use)
8448,INDUSTRIAL BUILDING @ 414 WILSON AVENUE,414 WILSON AVE,0714,Newark City,07105    ,LSRP Oversight
26568,INDUSTRIAL BUILDING @ 456 466 3RD AVENUE WEST,456 466 3RD AVE,0714,Newark City,07107    ,LSRP Oversight
25175,INDUSTRIAL BUILDING @ 46 76 OLIVER STREET FORMER,46 76 OLIVER ST,0714,Newark City,07105    ,Known
14040,INDUSTRIAL BUILDING @ 545 NORTH ARLINGTON AVENUE,545 N ARLINGTON AVE,0705,East Orange City,07017    ,LSRP Oversight
22381,INDUSTRIAL BUILDING @ 564 FOREST STREET,564 FOREST ST,0717,Orange City Twp,07050    ,No SRP Oversight Required
320249,INDUSTRIAL BUILDING @ 67 69 NEWARK WAY,67 69 NEWARK WAY,0711,Maplewood Twp,07040    ,LSRP Oversight
33579,INDUSTRIAL BUILDING @ 6 STEWART PLACE,6 STEWART PL,0707,Fairfield Twp,07006    ,RAO-Entire Site (Unrestricted Use)
452118,INDUSTRIAL BUILDING @ 82 COIT STREET,82 COIT ST,0709,Irvington Twp,07111    ,LSRP Oversight
76709,INDUSTRIAL BUILDING @ 8 COMMERCE ROAD,8 COMMERCE RD,0707,Fairfield Twp,07006    ,LSRP Oversight
93053,INDUSTRIAL CENTER @ 113 125 CLINTON ROAD,113 125 CLINTON RD,0707,Fairfield Twp,07004    ,RAO-Entire Site (Limited Restricted Use)
18218,INDUSTRIAL COMPLEX @ 1 29 LISTER AVENUE,1 29 LISTER AVE,0714,Newark City,07101    ,LSRP Oversight
8922,INDUSTRIAL COMPLEX @ 511 517 LYONS AVENUE,511 517 LYONS AVE,0709,Irvington Twp,07111    ,LSRP Oversight
20886,INDUSTRIAL PARK @ 12 DANIEL RD,12 DANIEL RD E,0707,Fairfield Twp,07006    ,RAO-ISRA Entire Site (Unrestricted Use)
42168,INDUSTRIAL PETROCHEMICALS INC,128 DOREMUS AVE,0714,Newark City,07105    ,LSRP Oversight
8503,INDUSTRIAL RECYCLING & SCRAP HAULERS,120 122 POINIER ST,0714,Newark City,07064    ,No SRP Oversight Required
75966,INGENUS PHARMACEUTICALS,140 NEW DUTCH LN,0707,Fairfield Twp,07006    ,RAO-Entire Site (Unrestricted Use)
52147,INSTANT RENT A CAR,70 74 MILLBURN AVE,0712,Millburn Twp,07041    ,RAO-A (Unrestricted Use)
63970,INTERNATIONAL METALLURGICAL SERVICES INC FORMER,190 202 BLANCHARD ST FORMER,0714,Newark City,07199    ,Known
76301,INTERNATIONAL VITAMIN CORP,191 40TH ST,0709,Irvington Twp,07111    ,RAO-ISRA Entire Site (Unrestricted Use)
360279,INTERNATIONAL YOUTH ORGANIZATION,697 12TH ST S,0714,Newark City,07103    ,RAO-A (Unrestricted Use)
88905,INTERPORT MAINTENANCE CO,831 837 DOREMUS AVE,0714,Newark City,07105    ,LSRP Oversight
41642,INTERPORT MAINTENANCE CO INC,797 829 DOREMUS AVE,0714,Newark City,07114    ,LSRP Oversight
486082,INTERPORT MAINTENANCE CO INC,830 DOREMUS AVE,0714,Newark City,07105    ,RAO-A (Restricted Use)
85077,INVAMED INC,12 DWIGHT PL,0707,Fairfield Twp,07006    ,LSRP Oversight
489248,INVESTORS BANK PROPOSED,24 28 E NORTHFIELD RD,0710,Livingston Twp,07039    ,LSRP Oversight
360280,IRIS BERMAN NURSERY SCHOOL,85 MT PLEASANT AVE W,0710,Livingston Twp,07039    ,CCF Approved
228936,IRONBOUND COMMUNITY CENTER,432 LAFAYETTE ST,0714,Newark City,07105    ,CCF Approved
353684,IRONBOUND COMMUNITY SCHOOL,1 NEW YORK AVE,0714,Newark City,07105    ,LSRP Oversight
691920,IRONBOUND INTERMODAL INDUSTRIES INC,65 JABEZ ST,0714,Newark City,07105    ,Known
732989,IRONBOUND LITTLE LEAGUE FIELD,441 455 CHESTNUT ST,0714,Newark City,07105    ,LSRP Oversight
64021,IRONBOUND RECREATION CENTER,226 ROME ST,0714,Newark City,07105    ,Known
181524,IRONBOUND SELF STORAGE CORP,21 57 HYATT AVE,0714,Newark City,071055020,LSRP Oversight
123612,IRONBOUND TRANSPORT PARK,436 478 WILSON AVE,0714,Newark City,07105    ,LSRP Oversight
83857,IRVINGTON REDEVELOPMENT PROPERTIES,1239 SPRINGFIELD AVE,0709,Irvington Twp,07111    ,RAO-Entire Site (Unrestricted Use)
83859,IRVINGTON REDEVELOPMENT PROPERTIES,32 GRACE ST,0709,Irvington Twp,07111    ,LSRP Oversight
83860,IRVINGTON REDEVELOPMENT PROPERTIES,1138 GROVE ST ,0709,Irvington Twp,07111    ,RAO-A (Unrestricted Use)
83861,IRVINGTON REDEVELOPMENT PROPERTIES,849 853 SPRINGFIELD AVE,0709,Irvington Twp,07111    ,LSRP Oversight
83867,IRVINGTON REDEVELOPMENT PROPERTIES,35 ELLIS AVE,0709,Irvington Twp,07111    ,Suspected
83869,IRVINGTON REDEVELOPMENT PROPERTIES,252 MYRTLE AVE,0709,Irvington Twp,07111    ,LSRP Oversight
83871,IRVINGTON REDEVELOPMENT PROPERTIES,433 439 14TH AVE,0709,Irvington Twp,07111    ,Known
83872,IRVINGTON REDEVELOPMENT PROPERTIES,484 486 21ST ST,0709,Irvington Twp,07111    ,Known
83873,IRVINGTON REDEVELOPMENT PROPERTIES,121 MONTGOMERY AVE,0709,Irvington Twp,07111    ,Suspected
83874,IRVINGTON REDEVELOPMENT PROPERTIES,23 39 S 20TH ST,0709,Irvington Twp,07111    ,Suspected
83875,IRVINGTON REDEVELOPMENT PROPERTIES,492 LYONS AVE,0709,Irvington Twp,07111    ,Suspected
83876,IRVINGTON REDEVELOPMENT PROPERTIES,86 BEVERLY ST,0709,Irvington Twp,07111    ,Suspected
83879,IRVINGTON REDEVELOPMENT PROPERTIES,42 CORDIER ST,0709,Irvington Twp,07111    ,Known
64521,IRVINGTON SERVICE STATION,645 647 18TH AVE,0709,Irvington Twp,07111    ,Suspected
48164,IRVINGTON TWP BD OF ED MADISON AVENUE SCHOOL,173 MADISON AVE,0709,Irvington Twp,07111    ,RAO-Entire Site (Unrestricted Use)
407410,IRVINGTON TWP BD OF ED MIDDLE SCHOOL #2,20TH AVE & 22ND ST,0709,Irvington Twp,07111    ,LSRP Oversight
48161,IRVINGTON TWP BD OF ED TRANSPORTATION DEPT,503 UNION AVE,0709,Irvington Twp,07111    ,LSRP Oversight
45294,IRVINGTON TWP DPW,408 COIT ST,0709,Irvington Twp,07000    ,LSRP Oversight
45295,IRVINGTON TWP DPW,328 334 16TH AVE,0709,Irvington Twp,07111    ,LSRP Oversight
53190,IRVINGTON TWP HOUSING AUTH CAMPTOWN GARDENS APARTMENTS,624 NYE AVE,0709,Irvington Twp,07111    ,Suspected
45293,IRVINGTON TWP PUBLIC SAFETY BUILDING,1 CIVIC SQUARE ,0709,Irvington Twp,07111    ,LSRP Oversight
45292,IRVINGTON TWP WAGNER PLACE FIRE STATION,21 WAGNER PL,0709,Irvington Twp,071110000,LSRP Oversight
463369,IRVINGTON YOUTH SAFE HAVEN,340 EASTERN PKWY,0709,Irvington Twp,07111    ,LSRP Oversight
56338,ISABELLA MOTORS,782 792 S ORANGE AVE,0714,Newark City,07102    ,Known
360282,ISAIAH HOUSE INFANTS & TINY TOTS DAY CARE,238 N MUNN AVE,0705,East Orange City,07017    ,CCF Approved
9088,ISLAMIC CENTER OF AMERICA,215 N ORATON PKWY,0705,East Orange City,07019    ,LSRP Oversight
14908,ISP VAN DYK INC,93 107 MAIN ST,0701,Belleville Twp,07109    ,LSRP Oversight
360283,ITS MY PLACE,238 BERKELEY AVE,0714,Newark City,07107    ,RAO-Entire Site (Unrestricted Use)
51862,ITT AEROSPACE COMMUNICATIONS NUTLEY RADIANZ HOSTING CENTER,492 RIVER RD,0716,Nutley Twp,07110    ,Deed Notice Terminated
50971,JA CAVANAUGH CONTRACTORS INC,10 19 RT 46,0707,Fairfield Twp,07006    ,RAO-A (Unrestricted Use)
376722,JACK & JILLS NURSERY TIME,576 BLOOMFIELD AVE,0716,Nutley Twp,07110    ,Suspected
64400,JACKSON STREET BRIDGE,JACKSON ST,0714,Newark City,07199    ,Known
229728,JAJO LEARNING CENTER,410 IRVINGTON AVE,0719,South Orange Village Twp,07079    ,Suspected
8954,JAYS SERVICE STATION INC,558 CHANCELLOR AVE,0709,Irvington Twp,071110000,LSRP Oversight
184999,JCC METROWEST,760 NORTHFIELD AVE,0722,West Orange Twp,07052    ,LSRP Oversight
760150,JCP&L 277 EISENHOWER PARKWAY,277 EISENHOWER PKWY,0710,Livingston Twp,07039    ,LSRP Oversight
760808,JCP&L IN-FRONT-OF 355 EISENHOWER PARKWAY,355 EISENHOWER PKWY,0710,Livingston Twp,07039    ,LSRP Oversight
8585,J DUNCAN OIL CO,360 364 HAWTHORNE AVE,0714,Newark City,07112    ,LSRP Oversight
717090,JEFFERSON PRINTING SERVICES,184 JEFFERSON ST,0714,Newark City,07105    ,RAO-ISRA Leasehold (Unrestricted Use)
29808,JENSON & MITCHELL INC,280 FRELINGHUYSEN AVE,0714,Newark City,07114    ,Known
85407,JERRY SIMEONE FARM,217 BIG PIECE RD,0707,Fairfield Twp,07006    ,Suspected
510619,JERSEY CHICKEN,289 297 ELIZABETH AVE,0714,Newark City,07112    ,LSRP Oversight
55144,JETGO AUTO REPAIRS,1001 18TH AVE,0714,Newark City,07101    ,LSRP Oversight
46475,J&L EXXON SERVICE STATION #35331 FORMER,690 BLOOMFIELD AVE,0713,Montclair Twp,07042    ,RAO-A (Restricted Use)
20892,J&M AUTO REPAIRING CO,3 HONISS ST,0701,Belleville Twp,07109    ,RAO-Entire Site (Restricted Use)
535426,JOANELL LABS INC,102 DORSA AVE,0710,Livingston Twp,07039    ,RAO-Entire Site (Unrestricted Use)
9233,JOES GULF SERVICE STATION,368 FRANKLIN AVE,0701,Belleville Twp,07109    ,Known
182692,JOHN DESIMIONE INC,2 6 LION GATE DR,0702,Bloomfield Twp,07005    ,Known
42605,JOHN DUFFY FUEL INC,453 469 MULBERRY ST,0714,Newark City,071140000,RAO-Entire Site (Restricted Use)
14003,JOHN L ARMITAGE & CO,245 THOMAS ST,0714,Newark City,07114    ,Known
167734,JOHNNIE COCKRAN JR ACADEMY,190 MIDLAND AVE,0705,East Orange City,07017    ,LSRP Oversight
52815,JOHN ROBERTS & CO,609 CENTRAL AVE,0714,Newark City,07102    ,LSRP Oversight
20052,JOHNSON FORGING WORKS INC,294 306 THOMAS ST,0714,Newark City,07114    ,LSRP Oversight
218968,JOSEPH AUTO ELECTRIC,78 80 SANFORD ST,0705,East Orange City,07018    ,RAO-A (Restricted Use)
367581,JOSEPH JINGOLI & SONS INC FORMER,10 N WALNUT ST,0705,East Orange City,07017    ,Suspected
141099,JP MORGAN CHASE & CO,600 VALLEY RD,0713,Montclair Twp,07310    ,Verified Unknown Source
687257,J&R MAIN STREET,156 MAIN ST,0712,Millburn Twp,07041    ,LSRP Oversight
9126,JS AMOCO SERVICE STATION GAS & WASH,10 SUSSEX AVE,0705,East Orange City,07018    ,RAO-A (Limited Restricted Use)
8906,JSL AUTO SALES & SERVICE CENTER,1359 SPRINGFIELD AVE,0709,Irvington Twp,07111    ,LSRP Oversight
63698,JTG CONSTRUCTION INC,312 EMMET ST,0714,Newark City,07199    ,LSRP Oversight
399418,JUST FOR KIDS DAYCARE PROPOSED,174 BLOOMFIELD AVE,0716,Nutley Twp,07110    ,Suspected
24528,JUSTINS BEAUTY SUPPLY INC,14 BELLEVILLE AVE,0702,Bloomfield Twp,07003    ,LSRP Oversight
14226,KAMPACK INC,100 FRONTAGE RD,0714,Newark City,07114    ,RAO-A (Unrestricted Use)
360285,KARATE FOR YOUTH CHILD CARE CENTER INC,2 UNION AVE,0709,Irvington Twp,07111    ,RAO-Entire Site (Unrestricted Use)
360286,KARATE FOR YOUTH CHILD CARE CENTER INC,1812 SPRINGFIELD AVE,0711,Maplewood Twp,07040    ,Suspected
692656,KARATE FOR YOUTH CHILD DEVELOPMENT CENTER,57 NEW ST,0709,Irvington Twp,07111    ,LSRP Oversight
44960,KARLS AUTOCENTER,20 22 S ESSEX AVE,0717,Orange City Twp,070500000,RAO-A (Limited Restricted Use)
42797,KASLANDER LUMBER CO INC,373 5TH ST,0714,Newark City,07107    ,RAO-A (Unrestricted Use)
42581,KAY AMC JEEP INC,1633 SPRINGFIELD AVE,0711,Maplewood Twp,07040    ,LSRP Oversight
360288,KAYS CHRISTIAN PLACE,45 MCWHORTER ST,0714,Newark City,07105    ,Suspected
14916,KB NEWARK,500 DOREMUS AVE,0714,Newark City,07105    ,RAO-A (Unrestricted Use)
36557,K CALDWELL CLEANERS,381 383 BLOOMFIELD AVE,0703,Caldwell Boro,07006    ,LSRP Oversight
719692,KCS CAR WASH FORMER,360 THOMAS BLVD,0717,Orange City Twp,07050    ,CEA Established (Limited Restricted Use)
366528,KDDS III INC,28 DWIGHT PL,0707,Fairfield Twp,07004    ,RAO-Entire Site (Unrestricted Use)
23806,KEANS CLEANERS,168 MAPLEWOOD AVE,0711,Maplewood Twp,07040    ,RAO-A (Unrestricted Use)
76367,KEARFOTT GUIDANCE & NAVIGATION CORP,90 NEW DUTCH LN,0707,Fairfield Twp,07424    ,Verified Unknown Source
458174,KEARNY FEDERAL SAVINGS,111 115 DUNNELL RD,0711,Maplewood Twp,07040    ,RAO-A (Limited Restricted Use)
20782,KEARNY STEEL CONTAINER CORP,401 SOUTH ST,0714,Newark City,07015    ,Suspected
228949,KELOB CHILDRENS ACADEMY DAY CARE,520 WILLIAMS ST,0705,East Orange City,07017    ,LSRP Oversight
49939,KENNYS @ SCHOOLHOUSE PLAZA,387 MILLBURN AVE,0712,Millburn Twp,07041    ,LSRP Oversight
42941,KENT STEEL CORP,NAVY ST & NEPTUNE ST,0714,Newark City,07114    ,Completed-Area of Concern Limited Restricted Use
83866,KENTUCKY FRIED CHICKEN,841 SPRINGFIELD AVE,0709,Irvington Twp,07111    ,LSRP Oversight
54425,KENTUCKY FRIED CHICKEN RESTAURANT,929 S ORANGE AVE,0705,East Orange City,07017    ,RAO-A (Unrestricted Use)
8648,KESTER SOLDER,88 90 FERGUSON ST,0714,Newark City,07105    ,Deed Notice Terminated
8213,KETCHAM & MCDOUGALL INC,465 EAGLE ROCK AVE,0718,Roseland Boro,07068    ,Known
8388,KEYSTONE FOLDING BOX CO,367 381 VERONA AVE,0714,Newark City,07104    ,RAO-A (Unrestricted Use)
64146,KGB PRECISION MACHINE CO INC,21 LINCOLN ST,0702,Bloomfield Twp,07003    ,Suspected
451261,K HOVNANIAN HILLTOP REDEVELOPMENT PARCEL 3,WHITE ROCK RD & HILLTOP DR,0715,North Caldwell Boro,07006    ,LSRP Oversight
8288,KH VENTURES WOROCO SERVICE STATION,248 FRANKLIN AVE,0716,Nutley Twp,07110    ,RAO-A (Unrestricted Use)
438876,KIDDIE ACADEMY,810 PASSAIC AVE,0721,West Caldwell Twp,07004    ,RAO-Entire Site (Restricted Use)
360291,KIDDIE KAMPUS CHILD CARE CENTER,108 BLOOMFIELD AVE,0703,Caldwell Boro,07006    ,RAO-Child Care Facility (Unrestricted Use)
257480,KIDDIE KORNER LEARNING CENTER,740 S 18TH ST,0714,Newark City,07103    ,CCF Approved
257953,KIDDIE KORNER LEARNING CENTER,317 321 VERONA AVE,0714,Newark City,07104    ,CCF Approved
257534,KIDDIE QUARTERS INC,1174 STUYVESANT AVE,0709,Irvington Twp,07111    ,CCF Approved
360294,KIDDIE WORLD DAYCARE,147 GROVE ST,0702,Bloomfield Twp,07003    ,CCF Approved
81401,KIDS CAMPUS,1153 STUYVESANT AVE,0709,Irvington Twp,07111    ,LSRP Oversight
441287,KIDS FIRST PROPOSED,1120 S ORANGE AVE,0714,Newark City,07106    ,LSRP Oversight
376724,KIDS FOUNDATION DAY CARE CENTER CORP,382 CENTRAL AVE,0705,East Orange City,07018    ,CCF Approved
360293,KIDS IN THE WORK PLACE NEWARK,540 BROAD ST,0714,Newark City,07102    ,Suspected
518091,KIDZ AT PLAY,452 454 AVON AVE,0714,Newark City,07108    ,LSRP Oversight
449880,KIDZ @ PLAY CHILD CARE,281 MAIN ST,0701,Belleville Twp,07109    ,RAO-A (Unrestricted Use)
360297,KINDERCARE LEARNING CENTER #1371,132 CABINET ST,0714,Newark City,07107    ,Suspected
360296,KINDERCARE @ WORK #1271,100 OLD SHORT HILLS RD,0710,Livingston Twp,07039    ,Suspected
427980,KINDERENRICHMENT PROPOSED,550 RIDGEWOOD RD,0711,Maplewood Twp,07040    ,RAO-A (Unrestricted Use)
517089,KINDER TOWERS,400 HOOVER AVE,0702,Bloomfield Twp,07003    ,RAO-A (Unrestricted Use)
360295,KING MEMORIAL,224 W KINNEY ST,0714,Newark City,07103    ,CCF Approved
50298,KING OLDSMOBILE INC FORMER,115 BLOOMFIELD AVE,0720,Verona Twp,07044    ,RAO-A (Limited Restricted Use)
491886,KINGS PLAZA,700 800 MORRIS TPKE,0712,Millburn Twp,07078    ,RAO-A (Unrestricted Use)
422514,KINGS & QUEENS DAYCARE PROPOSED,1 15 LESLIE ST,0714,Newark City,07108    ,Suspected
257828,KINGS SUPER MARKETS INC,255 281 S LIVINGSTON AVE,0710,Livingston Twp,07039    ,Verified Unknown Source
76623,KINTOCK,50 FENWICK ST,0714,Newark City,07114    ,Known
47572,KIPP BOLD & THRIVE ACADEMY,229 18TH AVE,0714,Newark City,07108    ,LSRP Oversight
532269,KIPP RISE ACADEMY FIELD PROJECT,21 ASHLAND ST,0714,Newark City,07102    ,Suspected
8430,KIPP UPPER ROSEVILLE ACADEMY,300 N 13TH ST,0705,East Orange City,07107    ,LSRP Oversight
634280,KIRKS AUTO CENTER,152 CENTRAL AVE,0717,Orange City Twp,07050    ,RAO-A (Unrestricted Use)
168457,KLABIN FRAGRANCES INC,71 VILLAGE PARK RD,0704,Cedar Grove Twp,07009    ,RAO-Entire Site (Unrestricted Use)
202278,KLOCKNER CHEMICAL & AMERICAN SELECT DISTRIBUTION CENTER,94 120 FRELINGHUYSEN AVE,0714,Newark City,07114    ,RAO-Entire Site (Restricted Use)
360298,KNOWLEDGE BEGINNINGS,3 ADP BLVD,0718,Roseland Boro,07068    ,CCF Approved
19232,KOLTEX APARTMENTS,121 125 ELIZABETH AVE,0714,Newark City,07108    ,Suspected
21048,KONNERS CHEVROLET INC,950 BLOOMFIELD AVE,0721,West Caldwell Twp,07006    ,RAO-Entire Site (Unrestricted Use)
40118,KOPPERS WOOD TREATING FACILITY FORMER,MARITIME ST & TYLER ST,0714,Newark City,07114    ,Known
360246,KORPORATE KIDS LEARNING CENTER,155 COMMERCE RD,0704,Cedar Grove Twp,07009    ,Suspected
25850,KRAFT INTERNATIONAL MARKETING INC,51 DWIGHT PL,0707,Fairfield Twp,07006    ,Suspected
376725,KREATIVE KIDZ CHILDRENS ACADEMY,1405 CLINTON AVE,0709,Irvington Twp,07111    ,Suspected
21768,KREMENTZ & CO,375 MCCARTER HWY,0714,Newark City,07114    ,Known
362403,KRICH BROTHERS,1021 1031 BROAD ST,0714,Newark City,07102    ,RAO-A (Restricted Use)
56359,KRISMARK TRANSPORTATION CO INC,630 FREEMAN ST,0717,Orange City Twp,07051    ,RAO-A (Limited Restricted Use)
189050,K&R MANAGEMENT,57 BLOOMFIELD AVE,0703,Caldwell Boro,07006    ,RAO-A (Unrestricted Use)
220983,KROWNE METAL CORP,255 267 VERONA AVE,0714,Newark City,07104    ,CEA Established (Limited Restricted Use)
63787,KULICK ROAD & GLORIA LANE,KULICK RD & GLORIA LN,0707,Fairfield Twp,07006    ,Suspected
625748,KUNA TERRACE & CHANCELLOR AVENUE GROUND WATER CONTAMINATION,KUNA TER & CHANCELLOR AVE,0709,Irvington Twp,07111    ,Known
360299,KUZURI KIJIJI DEVELOPMENT HEAD START,19 FREEWAY DR E,0705,East Orange City,07018    ,CCF Approved
8811,LABARRE & SCHUCH INC,30 BLEEKER ST,0712,Millburn Twp,07041    ,RAO-A (Limited Restricted Use)
365193,LA CASA DE DON PEDRO EARLY CHILDHOOD ,202 216 1ST ST,0714,Newark City,07104    ,CCF Approved
360300,LA CASA DE DON PEDRO EARLY CHILDHOOD DEVELOPMENT CENTER,75 PARK AVE,0714,Newark City,07104    ,CCF Approved
360301,LA CASA DE DON PEDRO EARLY CHILDHOOD DEVELOPMENT CENTER,39 BROADWAY,0714,Newark City,07104    ,Suspected
227985,LACASA YOUTH & FAMILY SERVICES DIV,23 BROADWAY,0714,Newark City,07104    ,CCF Approved
228962,LADY BUG MONTESSORI LEARNING CENTER,617 WASHINGTON AVE,0701,Belleville Twp,07109    ,CCF Approved
8614,LAFARGE NORTH AMERICAN INC GYPSUM FACILITY,265 DISTRIBUTION ST,0714,Newark City,07114    ,LSRP Oversight
342905,LAFAYETTE STREET ASSOC,197 217 MULBERRY ST,0714,Newark City,07102    ,RAO-A (Unrestricted Use)
652194,LA FRANCE AVENUE & ELMWOOD AVENUE GW CONTAMINATION,LA FRANCE AVE & ELMWOOD AVE,0702,Bloomfield Twp,07003    ,Known
757114,LAKESIDE AVENUE BROWNFIELD DEVELOPMENT AREA,VARIOUS ST,0722,West Orange Twp,07052    ,Suspected
43964,LAKESIDE EXXON SERVICE STATION,241 BLOOMFIELD AVE,0714,Newark City,07104    ,RAO-A (Limited Restricted Use)
19860,LA PICCIRILLO INC,10 12 RICHARDS ST,0714,Newark City,07105    ,RAO-A (Restricted Use)
56952,LARAMKRIS CORP,68 74 COIT ST,0709,Irvington Twp,07111    ,LSRP Oversight
46799,LASKY CO CORP,56 67 E WILLOW ST,0712,Millburn Twp,07041    ,RAO-A (Unrestricted Use)
742990,LAURENZI MARIO FORMER COLOCATION,GLEBE ST,0717,Orange City Twp,07050    ,Suspected
160367,LAWRENCE METALS INC,21 HYATT AVE,0714,Newark City,07105    ,LSRP Oversight
229194,LEAGUERS INC,113 MONTGOMERY AVE,0709,Irvington Twp,07111    ,CCF Approved
412146,LEAGUERS PROPOSED DAYCARE,100 LINDEN AVE,0709,Irvington Twp,07111    ,CCF Approved
378497,LEARN TO LOVE,23 MILL RD,0709,Irvington Twp,07111    ,RAO-A (Unrestricted Use)
389325,LEARN TO LOVE DAYCARE PROPOSED,1187 1191 STUYVESANT AVE,0709,Irvington Twp,07111    ,Suspected
24333,LEATHER HANDLE MFG CO INC,44 DICKERSON ST,0714,Newark City,07103    ,No SRP Oversight Required
743203,LE BOUEF CLEANERS FORMER COLOCATION,AMHERST ST,0705,East Orange City,07018    ,Suspected
441386,LECARE LEARNING CENTER PROPOSED,1379 1383 CLINTON AVE,0709,Irvington Twp,07111    ,LSRP Oversight
149999,LEE MYLES TRANSMISSIONS FORMER,667 BLOOMFIELD AVE,0720,Verona Twp,07044    ,RAO-Entire Site (Limited Restricted Use)
18146,LEGGETT & PLATT INC,750 FRELINGHUYSEN AVE,0714,Newark City,07114    ,RAO-Entire Site (Restricted Use)
743208,LEGION LAUNDRY INC CLEANERS FORMER COLOCATION,HECKEL ST,0701,Belleville Twp,07109    ,Suspected
9217,LEHIGH GAS SERVICE STATION,461 BLOOMFIELD AVE,0702,Bloomfield Twp,07003    ,LSRP Oversight
14045,LEHIGH GAS SERVICE STATION,171 BLOOMFIELD AVE,0702,Bloomfield Twp,07017    ,Verified Unknown Source
8641,LEMCOR INC,170 FRELINGHUYSEN AVE,0714,Newark City,07114    ,LSRP Oversight
50938,LEMCOR INC,221 FOUNDRY ST,0714,Newark City,07105    ,LSRP Oversight
76792,LENZE POWER TRANSMISSION @ WEST CALDWELL IND VILLAGE,311 RT 46,0707,Fairfield Twp,07006    ,RAO-ISRA Leasehold (Unrestricted Use)
630794,LEONARDO DAVINCI  ACADEMY,57 PARK ST,0702,Bloomfield Twp,07003    ,RAO-Entire Site (Restricted Use)
206126,LEO REALTY COMPANIES,460 FRANKLIN ST,0702,Bloomfield Twp,07003    ,RAO-A (Unrestricted Use)
124488,LEOS TIRE & AUTO REPAIR,43 45 STANTON ST,0714,Newark City,07105    ,LSRP Oversight
471579,LEPARC,237 LORRAINE AVE,0713,Montclair Twp,07043    ,Withdrawn
521801,LE PARC PLACE,195 MAPLEWOOD AVE,0711,Maplewood Twp,07040    ,RAO-A (Unrestricted Use)
628653,LE PETIT ACADEMY,1707 SPRINGFIELD AVE,0711,Maplewood Twp,07040    ,LSRP Oversight
375100,LEPETIT ACADEMY,1529 SPRINGFIELD AVE,0711,Maplewood Twp,07040    ,CCF Approved
8994,LESLIE CONTROLS INC,8 SPIELMAN RD,0707,Fairfield Twp,07006    ,RAO-ISRA Entire Site (Unrestricted Use)
63980,LEVOLOR LORENTZEN INC,210 FAIRFIELD RD,0707,Fairfield Twp,07006    ,LSRP Oversight
9081,L HAROLD KARNS BUILDING,682 PARK AVE,0705,East Orange City,07017    ,LSRP Oversight
367634,LH ENTERPRISES,256 POMPTON AVE,0704,Cedar Grove Twp,07009    ,LSRP Oversight
198486,LIBERFARB INC,48 S DAY ST,0717,Orange City Twp,07050    ,RAO-Entire Site (Restricted Use)
56444,LIBERTY SERVICE,620 THOMAS BLVD,0705,East Orange City,07019    ,LSRP Oversight
142580,LIGHTHOUSE ENVIRONMENTAL INC,56 OAKWOOD AVE,0717,Orange City Twp,07050    ,RAO-A (Unrestricted Use)
64157,LIMITED PARTNERSHIP PROPERTY NEWARK,64 HILLSIDE AVE,0714,Newark City,07199    ,Suspected
755047,LINCOLN AVENUE & CRANE STREET GROUNDWATER CONTAMINATION,LINCOLN AVE & CRANE ST,0717,Orange City Twp,07050    ,Known
701260,LINCOLN ESTATES CONDOS,129 141 LINCOLN AVE,0714,Newark City,07104    ,RAO-A (Unrestricted Use)
18096,LINCOLN MOTEL INC,422 BROAD ST,0714,Newark City,07102    ,RAO-A (Unrestricted Use)
220298,LINCOLN PARK COAST CULTURAL DISTRICT,478 480 WASHINGTON ST,0714,Newark City,07102    ,RAO-Entire Site (Restricted Use)
8304,LINCOLN PARK TOWERS APARTMENTS,31 33 LINCOLN AVE,0714,Newark City,07101    ,RAO-A (Unrestricted Use)
22891,LINDE GAS NORTH AMERICA CORP,320 MT PLEASANT AVE,0714,Newark City,07108    ,RAO-A (Unrestricted Use)
394066,LINK COMMUNTIY SCHOOL,23 PENNSYLVANIA AVE,0714,Newark City,07114    ,RAO-A (Unrestricted Use)
14006,LINK INDUSTRIAL WAREHOUSE,2107 2143 MCCARTER HWY,0714,Newark City,71019    ,Known
8085,LINOS SERVICE STATION,36 S VALLEY RD,0722,West Orange Twp,070520000,RAO-A (Unrestricted Use)
26058,LION EXTRUDING CORP,106 RUTHERFORD ST,0714,Newark City,07105    ,LSRP Oversight
371308,LITTLE ANGELS CHRISTIAN MONTESSORI SCHOOL,304 S LIVINGSTON AVE,0710,Livingston Twp,07039    ,CCF Approved
427519,LITTLE ANGELS DAY CARE CENTER PROPOSED,825 829 CLINTON AVE,0714,Newark City,07108    ,CCF Approved
360316,LITTLE ANGELS NURSERY SCHOOL,188 WASHINGTON AVE,0716,Nutley Twp,07110    ,CCF Approved
378499,LITTLE HANDS & FEET LEARNING CENTER,415 417 BOYDEN AVE,0711,Maplewood Twp,07040    ,CCF Approved
228999,LITTLE IMAGE,1442 SPRINGFIELD AVE,0709,Irvington Twp,07111    ,RAO-A (Unrestricted Use)
381167,LITTLE LAMBS ACADEMY PROPOSED,60 66 PARK ST,0717,Orange City Twp,07050    ,Suspected
360314,LITTLE SCHOLAR,444 UNION AVE,0701,Belleville Twp,07109    ,CCF Approved
360319,LITTLE SMILES CHILDCARE,540 UNION AVE,0701,Belleville Twp,07109    ,CCF Approved
659915,LITTLE STAGES,14 S ORANGE AVE,0719,South Orange Village Twp,07079    ,LSRP Oversight
376726,LITTLE STAGES CORP,60 TAYLOR PL,0719,South Orange Village Twp,07079    ,Suspected
586370,LITTLE STAGES SOUTH ORANGE,179 IRVINGTON AVE,0719,South Orange Village Twp,07079    ,RAO-A (Unrestricted Use)
360317,LITTLE STARS CHILD CARE CENTER,16 ORANGE ST,0702,Bloomfield Twp,07003    ,CCF Approved
371673,LITTLE STEPPERS DAY CARE,103 N 17TH ST,0705,East Orange City,07017    ,Suspected
476507,LITTLE STREET & RAYMOND STREET UNKNOWN SOURCE,LITTLE ST & RAYMOND ST,0701,Belleville Twp,07109    ,Suspected
622446,LITTLETON AVENUE & CABINET STREET GROUND WATER CONTAMINATION,LITTLETON AVE & CABINET ST,0714,Newark City,07107    ,Known
594143,LIVINGSTON ASSISTED LIVING FACILITY,346 E CEDAR ST,0710,Livingston Twp,07039    ,LSRP Oversight
8897,LIVINGSTON AUTOBAHN SERVICE STATION,16 E NORTHFIELD RD,0710,Livingston Twp,07039    ,LSRP Oversight
190142,LIVINGSTON CLEANERS,114 S LIVINGSTON AVE,0710,Livingston Twp,07039    ,LSRP Oversight
64965,LIVINGSTON COMMUNITY HOSPITAL,204 HILLSIDE AVE,0710,Livingston Twp,07039    ,Suspected
613868,LIVINGSTON HOMES,112 BOYD ST,0714,Newark City,07108    ,LSRP Oversight
614256,LIVINGSTON HOMES,168 LIVINGSTON ST,0714,Newark City,07108    ,LSRP Oversight
8847,LIVINGSTON SHELL SERVICE STATION,37 MT PLEASANT AVE W,0710,Livingston Twp,07039    ,LSRP Oversight
360321,LIVINGSTONS LITTLE LEARNERS,105 E MCCLELLAN AVE,0710,Livingston Twp,07039    ,CCF Approved
8874,LIVINGSTON SUNOCO,247 S LIVINGSTON AVE,0710,Livingston Twp,070390000,RAO-A (Unrestricted Use)
49847,LIVINGSTON TWP BD OF ED MOUNT PLEASANT MIDDLE SCHOOL,11 BROADLAWN DR,0710,Livingston Twp,07039    ,LSRP Oversight
8844,LIVINGSTON TWP BD OF ED SR HIGH SCHOOL,30 ROBERT HARP DR,0710,Livingston Twp,07039    ,LSRP Oversight
8887,LIVINGSTON TWP BRENDAN TELVIN MEMORIAL FIELDS,101 OKNER PKWY,0710,Livingston Twp,07059    ,Known
688330,LIVINGSTON TWP CONGRESSIONAL WELLHOUSE,CONGRESSIONAL PKWY,0710,Livingston Twp,07039    ,RAO-A (Unrestricted Use)
58286,LIVINGSTON TWP DPW,CONGRESSIONAL PKWY,0710,Livingston Twp,07039    ,RAO-A (Unrestricted Use)
8883,LIVINGSTON TWP DPW GARAGE,235 S LIVINGSTON AVE,0710,Livingston Twp,07000    ,LSRP Oversight
8853,LIVINGSTON TWP DPW TREATMENT FACILITY WELL #8,MADISON CT,0710,Livingston Twp,07039    ,Source Identified
64421,LIVINGSTON TWP DPW WELL #4,WAHLER RD,0710,Livingston Twp,07039    ,Known
8843,LIVINGSTON TWP DPW WELLS #3 & #5,DORSA AVE,0710,Livingston Twp,07039    ,Source Identified
58025,LIVINGSTON TWP DPW WELLS #5 & #9,RT 10 & EISENHOWER PKWY,0710,Livingston Twp,07039    ,Source Identified
8882,LIVINGSTON TWP FIRE DEPT HDQTRS,62 S LIVINGSTON AVE,0710,Livingston Twp,08000    ,LSRP Oversight
8876,LIVINGSTON TWP MUNICIPAL & POLICE BUILDING,357 S LIVINGSTON AVE,0710,Livingston Twp,07039    ,LSRP Oversight
177770,LIVINGSTON TWP WATER DEPT WELL #11,LIVINGSTON AVE,0710,Livingston Twp,07039    ,Known
532381,LIVINGSTON TWP WELL #6,51 OLD RD,0710,Livingston Twp,07039    ,Known
216620,LLOYDS AUTO REPAIR,584 SCOTLAND RD,0717,Orange City Twp,07050    ,RAO-A (Unrestricted Use)
369187,LOCAL 617 SERVICE EMPLOYEES INTERNATIONAL,51 57 CENTRAL AVE,0714,Newark City,07102    ,LSRP Oversight
168314,LOGOCHEM INC,9 LAW DR,0707,Fairfield Twp,07004    ,RAO-A (Unrestricted Use)
229874,LOOKING GLASS CHILDRENS CENTER,16 BELLEVUE AVE,0702,Bloomfield Twp,07003    ,Suspected
577711,LORD SIGNS & PRINTING,158 ADAMS ST,0714,Newark City,07114    ,LSRP Oversight
71579,LORI LITECRAFT CO,17 23 NEW YORK AVE,0714,Newark City,07105    ,LSRP Oversight
49087,LOTUS REALTY INVESTMENT CO,249 S ARLINGTON AVE,0705,East Orange City,07018    ,Known
53858,LOTUS REALTY INVESTMENT CO FORMER,18 S MUNN AVE,0705,East Orange City,07018    ,LSRP Oversight
27655,LOURENCO SERVICE STATION,820 BLOOMFIELD AVE,0721,West Caldwell Twp,07006    ,LSRP Oversight
645043,LOVE 2 LEARN EARLY CHILDHOOD ACADEMY,20 NORTHFIELD AVE,0722,West Orange Twp,07052    ,LSRP Oversight
713262,LOVE 2 LEARN EARLY CHILDHOOD ACADEMY,100 NORTHFIELD AVE,0722,West Orange Twp,07052    ,RAO-Child Care Facility (Unrestricted Use)
518435,LOVE LAUGH LEARN ACADEMY CHILDCARE,601 POMPTON AVE,0704,Cedar Grove Twp,07009    ,LSRP Oversight
360322,LOVE & LEARN PRESCHOOLS,80 FRANKLIN ST,0701,Belleville Twp,07109    ,CCF Approved
66537,LOVICKS HOLINESS CHURCH,680 S 16TH ST,0714,Newark City,07103    ,Known
52398,LPS INDUSTRIES INC,113 N 13TH ST,0714,Newark City,07107    ,RAO-A (Unrestricted Use)
63843,LUCAS AEROSPACE,155 RT 46,0707,Fairfield Twp,07004    ,RAO-Entire Site (Limited Restricted Use)
661296,LUCKY HANDZ PROMOTIONS,1032 CLINTON AVE,0709,Irvington Twp,07111    ,LSRP Oversight
44582,LUCKY PLAZA BUILDING,290 FERRY ST,0714,Newark City,07104    ,RAO-ISRA Entire Site (Restricted Use)
124496,LUCYS DINER,467 BLOOMFIELD AVE,0720,Verona Twp,07044    ,RAO-A (Unrestricted Use)
9048,LUKOIL SERVICE STATION #57202,544 WILLIAM ST,0705,East Orange City,07018    ,LSRP Oversight
8225,LUKOIL SERVICE STATION #57232,62 68 CENTRAL AVE,0717,Orange City Twp,07050    ,LSRP Oversight
9330,LUKOIL SERVICE STATION #57233,389 FRANKLIN AVE,0701,Belleville Twp,07109    ,RAO-A (Limited Restricted Use)
8740,LUKOIL SERVICE STATION #57285,632 VALLEY RD,0713,Montclair Twp,07043    ,RAO-A (Limited Restricted Use)
8551,LUKOIL SERVICE STATION #57298,1086 MCCARTER HWY,0714,Newark City,07102    ,RAO-A (Limited Restricted Use)
9103,LUKOIL SERVICE STATION #57347,100 CENTRAL AVE,0705,East Orange City,07018    ,LSRP Oversight
8122,LUKOIL SERVICE STATION #57348,645 654 EAGLE ROCK AVE,0722,West Orange Twp,07052    ,RAO-A (Limited Restricted Use)
8214,LUKOIL SERVICE STATION #57350,525 EAGLE ROCK AVE,0718,Roseland Boro,07068    ,RAO-A (Limited Restricted Use)
9205,LUKOIL SERVICE STATION #57728,1414 BROAD ST,0702,Bloomfield Twp,07003    ,RAO-A (Limited Restricted Use)
9198,LUMMUS TECHNOLOGY INC,1515 BROAD ST,0702,Bloomfield Twp,07003    ,RAO-A (Limited Restricted Use)
743098,LUNG HOM KOON CHINESE FORMER COLOCATION,PARK ST,0717,Orange City Twp,07017    ,Suspected
52794,LUSITANIA SAVINGS BANK,107 PULASKI ST ,0714,Newark City,07015    ,RAO-A (Limited Restricted Use)
43842,L VITILLO INC,32 REVEREND ROBERTS PL,0716,Nutley Twp,07110    ,Known
8278,LYCORED CORP,377 CRANE ST,0717,Orange City Twp,070510759,LSRP Oversight
8300,MAACO AUTO PAINTING & BODYWORKS,46 CENTRAL AVE,0717,Orange City Twp,07050    ,LSRP Oversight
63836,MACARTHUR PETROLEUM & SOLVENT CO INC,123 129 RIVERSIDE AVE,0714,Newark City,07199    ,LSRP Oversight
51430,MACYS DEPT STORE,8 FRANKLIN ST,0702,Bloomfield Twp,07003    ,LSRP Oversight
735442,MADISON INVESTORS,343 351 SOUTH ST,0714,Newark City,07105    ,LSRP Oversight
360324,MAGIC COTTAGE,393 WASHINGTON AVE,0701,Belleville Twp,07109    ,Suspected
53723,MAGLEYS IRVINGTON GARAGE INC,360 366 UNION AVE,0709,Irvington Twp,07111    ,RAO-A (Unrestricted Use)
25234,MAHDIS GETTY SERVICE STATION,10 S 13TH ST,0714,Newark City,07103    ,LSRP Oversight
626900,MAIN STREET & LLEWELLYN AVENUE GROUND WATER CONTAMINATION,MAIN ST & LLEWELLYN AVE,0722,West Orange Twp,07052    ,Known
627113,MAIN STREET & SHEPARD TERRACE GROUND WATER CONTAMINATION,MAIN ST & SHEPARD TER,0722,West Orange Twp,07631    ,Known
8587,MANHATTAN LAUNDRIES INC LAUNDRY LEASING SERVICES,50 64 GOULD AVE,0714,Newark City,07107    ,RAO-A (Restricted Use)
37320,MANISCHEWITZ CO,62 90 AVE K,0714,Newark City,07105    ,LSRP Oversight
8528,MANNYS EXXON SERVICE STATION,536 MARKET ST,0714,Newark City,07105    ,LSRP Oversight
8714,MANOPCO INC,207 215 AVE L,0714,Newark City,07105    ,LSRP Oversight
33157,MAPLE AUTO SUPPLY,919 STUYVESANT AVE,0709,Irvington Twp,07111    ,RAO-A (Unrestricted Use)
218582,MAPLECREST SHELTER HOUSE @ MAPLECREST PARK,TUSCAN RD & SPRINGFIELD AVE,0711,Maplewood Twp,07040    ,Known
186910,MAPLEWOOD APARTMENTS,187 189 MAPLEWOOD AVE,0711,Maplewood Twp,07040    ,LSRP Oversight
55548,MAPLEWOOD GARAGE INC,79 DUNNELL RD,0711,Maplewood Twp,07040    ,LSRP Oversight
164589,MAPLEWOOD HILTON BRANCH LIBRARY,1668 SPRINGFIELD AVE,0711,Maplewood Twp,07040    ,RAO-A (Unrestricted Use)
8823,MAPLEWOOD SHELL SERVICE STATION,490 494 VALLEY ST,0711,Maplewood Twp,07040    ,RAO-A (Limited Restricted Use)
387328,MAPLEWOOD TIRE & CAR CARE CENTER INC,1659 SPRINGFIELD AVE,0711,Maplewood Twp,07040    ,LSRP Oversight
55892,MAPLEWOOD TWP DPW,359 BOYDEN AVE,0711,Maplewood Twp,07040    ,LSRP Oversight
49875,MAPLEWOOD TWP POLICE DEPT HDQTRS,125 DUNNELL RD,0711,Maplewood Twp,07040    ,LSRP Oversight
8965,MAQUET GETINGE GROUP,15 LAW DR,0707,Fairfield Twp,070060700,RAO-ISRA Entire Site (Unrestricted Use)
182690,MARANGE PRINTING INC,83 87 VALLEY ST,0701,Belleville Twp,07109    ,Known
29235,MARCHEM NORTHEAST INC,84 WAYDELL ST,0714,Newark City,07105    ,LSRP Oversight
390922,MARIA VARISCO ROGERS CHARTER SCHOOL PROPOSED,18 HELLER PKWY ,0714,Newark City,07104    ,LSRP Oversight
750724,MARINE CLEANERS FORMER COLOCATION,NIAGARA ST,0714,Newark City,07105    ,Suspected
363431,MARION P THOMAS CHARTER SCHOOL,344 358 S 7TH ST,0714,Newark City,07103    ,Suspected
8824,MARIOS EXXON SERVICE STATION #31799,744 752 IRVINGTON AVE,0711,Maplewood Twp,07040    ,RAO-A (Unrestricted Use)
153096,MARRIOTT SPRINGHILL SUITES,652 HAYNES AVE,0714,Newark City,07114    ,CEA Established (Limited Restricted Use)
76473,MARTIN DENNIS CO,859 SUMMER AVE,0714,Newark City,07104    ,Verified Unknown Source
64741,MARTIN LUTHER KING BOULEVARD LOT,MARTIN LUTHER KING BLVD,0714,Newark City,07199    ,Suspected
64780,MARTIN LUTHER KING BOULEVARD & ORANGE STREET SOUTH,MARTIN LUTHER KING BLVD & ORANGE ST S,0714,Newark City,07199    ,Suspected
57057,MARTINS AUTO BODY SHOP,497 499 BERGEN ST,0714,Newark City,07108    ,LSRP Oversight
64406,MARVE DEVELOPMENT CORP,251 GROVE AVE ,0720,Verona Twp,07044    ,LSRP Oversight
123582,MARVEL MFG CO,159 DWIGHT PL,0707,Fairfield Twp,07004    ,RAO-Entire Site (Unrestricted Use)
165843,MARY WHEELER EDUCATION CENTER,447 18TH AVE,0714,Newark City,07104    ,Suspected
27218,MASTEK CONTROLS INC,299 FAIRFIELD AVE,0707,Fairfield Twp,07006    ,Suspected
64676,MATT DRIVE GROUNDWATER CONTAMINATION,8 MATT DR,0707,Fairfield Twp,07006    ,Source Identified
55625,MATTRESS WAREHOUSE,605 609 21ST ST,0709,Irvington Twp,07111    ,Suspected
64401,MAX MARK COLOR CORP,292 COIT ST,0709,Irvington Twp,07111    ,Suspected
48618,MAYFAIR FOODTOWN,260 LAFAYETTE ST,0714,Newark City,07105    ,LSRP Oversight
750727,MAYFAIR RETAIL CLEANERS FORMER COLOCATION,16TH AVE,0714,Newark City,07103    ,Suspected
63755,MAYS CHEMICAL CO,107 LEHIGH DR,0707,Fairfield Twp,07006    ,RAO-ISRA Leasehold (Unrestricted Use)
577757,MBDF,142 146 HAWTHORNE AVE,0714,Newark City,07112    ,LSRP Oversight
8163,MBF AUTO RE,1220  1120 BLOOMFIELD AVE,0721,West Caldwell Twp,07006    ,RAO-A (Unrestricted Use)
352839,MB GARRIGAN CO,99 111 GOTTHART ST,0714,Newark City,07105    ,LSRP Oversight
722658,MCCALMONT,176 WALNUT ST,0702,Bloomfield Twp,07003    ,RAO-A (Unrestricted Use)
447212,MCCANFIELD & SONS FORMER,MARROW ST & CORNERSTONE LN,0714,Newark City,07103    ,Known
655548,MCCARTER HIGHWAY GROUND WATER CONTAMINATION,MCCARTER HWY,0714,Newark City,07102    ,Known
598584,MCDONALDS RESTAURANT,145 147 MAIN ST,0717,Orange City Twp,07050    ,LSRP Oversight
591294,MCDONALDS USA,573 NORTHFIELD AVE ,0722,West Orange Twp,07052    ,RAO-A (Unrestricted Use)
497637,MCFRELING,896 FRELINGHUYSEN AVE,0714,Newark City,07114    ,LSRP Oversight
8151,MCGRAW EDISON CO COOPER INDUSTRIES @ WEST CALDWELL IND VILLAGE,7 FAIRFIELD CRESCENT,0721,West Caldwell Twp,07006    ,LSRP Oversight
63966,MCGRAW EDISON CO SERVICE DIV,142 CLINTON RD,0707,Fairfield Twp,07006    ,LSRP Oversight
44643,M CHASEN & SON INC,123 S 20TH ST,0709,Irvington Twp,07111    ,LSRP Oversight
33921,MCKESSON ENVIROSYSTEMS CO,600 DOREMUS AVE,0714,Newark City,07114    ,Known
533202,MCP BLOOMFIELD JOINT VENTURE,617 BLOOMFIELD AVE,0702,Bloomfield Twp,07003    ,RAO-Entire Site (Limited Restricted Use)
756201,MEADOWBROOK GROUND WATER CONTAMINATION,MEADOWBROOK RD,0712,Millburn Twp,07078    ,Suspected
32002,M EAGLES TOOL WAREHOUSE INC,178 192 SHERMAN AVE,0714,Newark City,07114    ,RAO-A (Unrestricted Use)
376727,MEG DU DAY CARE ACADEMY CORP,847 STUYVESANT AVE,0709,Irvington Twp,07111    ,CCF Approved
592005,MELROSE AVENUE & 18TH AVENUE GROUND WATER CONTAMINATION,MELROSE AVE & 18TH AVE,0714,Newark City,07106    ,Known
9024,MENASHA CORP NJ PACKAGING  DIV,6 COMMERCE RD,0707,Fairfield Twp,070061682,RAO-A (Unrestricted Use)
619991,MERCY LAND DAY CARE,396 15TH AVE,0714,Newark City,07108    ,LSRP Oversight
38586,MESSINGER TRUCKING & WAREHOUSE @ MESSINGER IND COMPLEX,84 132 LOCKWOOD ST,0714,Newark City,07114    ,RAO-Entire Site (Restricted Use)
9111,METAL CUTTING CORP,59 VILLAGE PARK RD,0704,Cedar Grove Twp,070091212,RAO-Entire Site (Restricted Use)
50232,METAL FINISH INC,9 15 LEGAL ST,0714,Newark City,07114    ,RAO-ISRA Entire Site (Restricted Use)
8647,METAL MANAGEMENT NORTHEAST INC,214 266 DOREMUS AVE,0714,Newark City,071050000,RAO-A (Unrestricted Use)
8396,METAL PARTS PROCESSING CO INC,165 171 DELANCEY ST,0714,Newark City,07105    ,LSRP Oversight
358443,METALS USA INC,182 FRELINGHUYSEN AVE,0714,Newark City,07114    ,LSRP Oversight
737576,METCALF PARK IMPROVEMENTS PHASE 2,717 VALLEY ST,0717,Orange City Twp,07050    ,CEA Established (Limited Restricted Use)
71598,METRO MARBLE INC,324 WASHINGTON ST,0717,Orange City Twp,07050    ,LSRP Oversight
360327,METROPOLITAN HEAD START,149 SPRINGFIELD AVE,0714,Newark City,07102    ,LSRP Oversight
54089,MFG RESERVE SUPPLY CO,16 22 WOOLSEY ST,0709,Irvington Twp,07111    ,RAO-Entire Site (Restricted Use)
98915,MFG VILLAGE,340 364 GLENWOOD AVE,0705,East Orange City,07017    ,Known
54532,MICROTRONICS CORP @ W ESSEX IND PK,4 HENDERSON DR,0721,West Caldwell Twp,07006    ,LSRP Oversight
23961,MIDAS MUFFLER & BRAKE SHOP,371 BLOOMFIELD AVE,0702,Bloomfield Twp,07000    ,Suspected
51987,MID ESSEX PROFESSIONAL BUILDING,144 S HARRISON ST,0705,East Orange City,07018    ,RAO-A (Unrestricted Use)
8942,M&I FUEL INC SERVICE STATION,1029 CLINTON AVE,0709,Irvington Twp,07111    ,LSRP Oversight
435566,MIGHTY DREAMER ACADEMY PROPOSED,192 COLUMBIA AVE,0709,Irvington Twp,07111    ,No SRP Oversight Required
426362,MIGHTY OAKS LEARNING CENTER,96 S 6TH ST,0714,Newark City,07107    ,CCF Approved
55419,MIKES SERVICE STATION,403 IRVINGTON AVE,0719,South Orange Village Twp,07079    ,RAO-A (Unrestricted Use)
670831,MILLBURN AVENUE & DAMEO PLACE GROUND WATER CONTAMINATION,MILLBURN AVE & DAMEO PL,0712,Millburn Twp,07078    ,Known
451548,MILLBURN TWP,101 ESSEX ST,0712,Millburn Twp,07041    ,RAO-A (Unrestricted Use)
360329,MILLBURN TWP CO OPERATIVE NURSERY SCHOOL,951 RIDGEWOOD RD,0712,Millburn Twp,07041    ,CCF Approved
46448,MILLBURN TWP DPW GARAGE,345 ESSEX ST,0712,Millburn Twp,07041    ,LSRP Oversight
46444,MILLBURN TWP DPW PUMP STATION #3,148 CANOE BROOK RD,0712,Millburn Twp,07041    ,CEA Lifted
46447,MILLBURN TWP DPW PUMP STATION #4,51 JFK PKWY,0712,Millburn Twp,07041    ,RAO-A (Unrestricted Use)
423270,MILLBURN TWP TAYLOR PARK & POND,100 MAIN ST,0712,Millburn Twp,07041    ,LSRP Oversight
9231,MILLENNIUM FUEL INC,113 119 FRANKLIN ST,0701,Belleville Twp,07109    ,LSRP Oversight
356646,MILLER STREET ABANDONED DRUMS,MILLER ST,0714,Newark City,07114    ,No SRP Oversight Required
23689,MILLNER GEORGE,77 HUGHES ST,0711,Maplewood Twp,07040    ,Suspected
672639,MILL STREET FACILITY,1 MILL ST,0701,Belleville Twp,07109    ,LSRP Oversight
714684,MILZAZ KIDZ ACADEMY,19 HUTTON AVE,0722,West Orange Twp,07052    ,LSRP Oversight
8623,MINCING TRADING CORP,528 FERRY ST,0714,Newark City,07105    ,RAO-Entire Site (Restricted Use)
24610,MISCIA SERVICE STATION,277 BLOOMFIELD AVE,0720,Verona Twp,070440000,LSRP Oversight
488247,MITCHELL SUPREME FUEL CO,103 GROVE ST ,0713,Montclair Twp,07042    ,RAO-Entire Site (Unrestricted Use)
48918,MITCHELL SUPREME FUEL CO INC,85 WALNUT ST,0713,Montclair Twp,07042    ,CCF Approved
616084,MIXED USE BUILDING @ 1 SEYMOUR PLAZA,1 SEYMOUR PLAZA ,0713,Montclair Twp,07042    ,RAO-A (Restricted Use)
33201,M&J MACHINE PRODUCTS INC,99 PENNINGTON ST,0714,Newark City,07032    ,LSRP Oversight
426172,M&M EAST CENTRE STREET APARTMENTS,57 E CENTRE ST,0716,Nutley Twp,07110    ,RAO-A (Unrestricted Use)
8251,M&M GROUP INC,21 N DAY ST,0717,Orange City Twp,07050    ,LSRP Oversight
396296,MOBIL SERVICE STATION #15J8K,695 697 IRVINGTON AVE ,0714,Newark City,08880    ,RAO-A (Limited Restricted Use)
8694,MOBIL SERVICE STATION #2634877,1226 BROAD ST,0714,Newark City,07114    ,RAO-A (Limited Restricted Use)
304921,MODERN AUTO BODY INC,451 VALLEY ST,0719,South Orange Village Twp,07079    ,RAO-A (Unrestricted Use)
356867,MODERN IRON WORKS,406 TOMPKINS ST,0717,Orange City Twp,07050    ,Suspected
8753,MOLINE KRONBERG CLEANERS,225 LORRAINE AVE,0713,Montclair Twp,07043    ,Known
376728,MOMMY & DADDYS HELPER CHILDCARE CORP,100 BLOOMFIELD AVE,0713,Montclair Twp,07042    ,CCF Approved
477031,MOMS HOUSE DAYCARE,11 HUTTON AVE,0722,West Orange Twp,07052    ,RAO-A (Unrestricted Use)
40535,MONSON ENGINEERING CO,6 DANIEL RD E,0707,Fairfield Twp,07004    ,Known
158058,MONTAGUE MOVING & STORAGE CO INC,247 SNYDER ST,0717,Orange City Twp,07050    ,RAO-A (Unrestricted Use)
19283,MONTCLAIR AUTO TOP & SEAT COVER CO CORP,195 GLENRIDGE AVE,0713,Montclair Twp,07042    ,RAO-A (Unrestricted Use)
8961,MONTCLAIR CHILD DEVELOPMENT CENTER HEAD START,272 BALDWIN ST,0708,Glen Ridge Boro,07028    ,RAO-A (Unrestricted Use)
360332,MONTCLAIR CHILD DEVELOPMENT CENTER INC,261 WILLIAM ST,0717,Orange City Twp,07050    ,CCF Approved
360337,MONTCLAIR CHILD DEVELOPMENT CENTER INC,33 FULTON ST,0713,Montclair Twp,07042    ,Suspected
46624,MONTCLAIR CITGO SERVICE STATION FORMER,527 529 VALLEY RD,0713,Montclair Twp,07042    ,LSRP Oversight
360336,MONTCLAIR COMMUNITY PRE K,49 ORANGE RD,0713,Montclair Twp,07042    ,CCF Approved
43281,MONTCLAIR DODGE,10 ELM ST,0713,Montclair Twp,07042    ,LSRP Oversight
87685,MONTCLAIR FIRE HEADQUARTERS,1 PINE ST,0713,Montclair Twp,07042    ,RAO-A (Unrestricted Use)
168733,MONTCLAIR HIGH SCHOOL ATHLETIC FIELDS,28 ESSEX AVE,0713,Montclair Twp,07042    ,Known
64841,MONTCLAIR INN,27 HILLSIDE AVE,0713,Montclair Twp,07042    ,Suspected
557962,MONTCLAIR MEWS APARTMENT BUILDING,77 GROVE ST ,0713,Montclair Twp,07042    ,No SRP Oversight Required
81532,MONTCLAIR TIMES CO,114 VALLEY RD,0713,Montclair Twp,07042    ,RAO-A (Unrestricted Use)
47036,MONTCLAIR TWP DPW,219 N FULLERTON AVE,0713,Montclair Twp,07042    ,LSRP Oversight
64117,MONTCLAIR TWP GROUNDWATER CONTAMINATION,LORRAINE AVE & VALLEY RD,0713,Montclair Twp,07028    ,LSRP Oversight
47097,MONTCLAIR TWP POLICE HEADQUARTERS,647 BLOOMFIELD AVE,0713,Montclair Twp,07042    ,LSRP Oversight
44972,MONTCLAIR TWP PUBLIC LIBRARY,50 S FULLERTON AVE,0713,Montclair Twp,07042    ,RAO-A (Unrestricted Use)
45019,MONTCLAIR TWP WATER DEPT,54 WATCHUNG AVE,0713,Montclair Twp,07043    ,LSRP Oversight
364285,MONTCLAIR URBAN RENEWAL CORP,11 PINE ST,0713,Montclair Twp,07042    ,LSRP Oversight
587244,MONTESANO ROAD GROUNDWATER CONTAMINATION,MONTESANO RD,0707,Fairfield Twp,07004    ,Known
581834,MONTGOMERY HEIGHTS CHILD DEVELOPMENT CENTER,671 MARTIN LUTHER KING BLVD,0714,Newark City,07103    ,LSRP Oversight
360331,MONT VAIL DAY CARE CENTER,865 871 SANFORD AVE,0709,Irvington Twp,00       ,CCF Approved
8191,MONTY MOTORS,209 VALLEY ST,0719,South Orange Village Twp,07079    ,RAO-A (Unrestricted Use)
257863,MORGAN & BROTHER MANHATTAN STORAGE CO INC ,641 BLOOMFIELD AVE,0713,Montclair Twp,07042    ,LSRP Oversight
376729,MORNING STAR DAY CARE CENTER INC,1219 SPRINGFIELD AVE,0709,Irvington Twp,07111    ,LSRP Oversight
57600,MORROW MEMORIAL METHODIST CHURCH,600 RIDGEWOOD RD,0711,Maplewood Twp,07040    ,RAO-A (Unrestricted Use)
378502,MOTHERS CARE,746 SPRINGFIELD AVE,0709,Irvington Twp,07111    ,Suspected
615062,MOUNTAINSIDE MEDICAL OFFICE BUILDING,311 BAY AVE,0713,Montclair Twp,07028    ,Suspected
376730,MOUNT CARMEL GUILD CARES,658 SUMMER AVE,0714,Newark City,07104    ,Suspected
8252,MOUNT CARMEL TOWERS,268 278 OAKWOOD AVE,0717,Orange City Twp,07050    ,RAO-A (Unrestricted Use)
80635,MOUNT OLIVE BAPTIST CHURCH,11 ASHLAND AVE,0705,East Orange City,07019    ,Suspected
360341,MOUNT PLEASANT,100 MONTGOMERY ST,0714,Newark City,07102    ,CCF Approved
13993,MOUNT VERNON SUNOCO SERVICE STATION,786 SANFORD AVE,0714,Newark City,71019    ,No SRP Oversight Required
57670,MOUNT ZION BAPTIST CHURCH,208 BROADWAY,0714,Newark City,07101    ,Suspected
8201,M&P AUTO BODY SHOP INC,362 LACKAWANNA PL,0719,South Orange Village Twp,07079    ,RAO-A (Unrestricted Use)
26255,MPM DISPLAY INC,74 WOOLSEY ST,0709,Irvington Twp,07111    ,RAO-A (Unrestricted Use)
177186,MP PRODUCTS ,27 VERONA AVE,0714,Newark City,07104    ,Known
518526,MPT FACILITY INC PROPERTY,121 129 SUSSEX AVE,0714,Newark City,07103    ,RAO-Entire Site (Restricted Use)
8857,MT PLEASANT EXXON SERVICE STATION,38 E MT PLEASANT AVE ,0710,Livingston Twp,07039    ,LSRP Oversight
8384,MULBERRY HAMILTON PARKING LOT,69 91 LAFAYETTE ST,0714,Newark City,07102    ,RAO-Entire Site (Unrestricted Use)
65652,MULBERRY STREET,MULBERRY ST,0714,Newark City,07101    ,Suspected
127364,MULTIWALL PACKAGING CORP,151 161 FABYAN PL,0714,Newark City,07112    ,RAO-ISRA Entire Site (Restricted Use)
721062,MUNICIPAL SQUARE @ 80 MAIN STREET OF WEST ORANGE,80 MAIN ST,0722,West Orange Twp,07052    ,RAO-A (Unrestricted Use)
27242,MURPHY VARNISH LOFTS,225 239 MCWHORTER ST,0714,Newark City,07105    ,LSRP Oversight
600899,MURRAY STREET & GOBLE STREET GROUND WATER CONTAMINATION,MURRAY ST & GOBLE ST ,0714,Newark City,07114    ,Known
9120,MW JENKINS SONS INC,444 POMPTON AVE,0704,Cedar Grove Twp,07009    ,Known
394333,MY 1ST TIME CHILD CARE CENTER PROPOSED,23 ORANGE ST,0702,Bloomfield Twp,07003    ,CCF Approved
665748,MY 1ST TIME LEARNING CENTER,45 DODD ST,0702,Bloomfield Twp,07003    ,LSRP Oversight
750726,MYLES CLEANERS FORMER COLOCATION,SUSSEX AVE,0714,Newark City,07107    ,Suspected
522477,MYUNG SOOK PARK PROPERTY,412 BROAD ST,0702,Bloomfield Twp,07003    ,RAO-A (Unrestricted Use)
55393,NANES METAL FINISHING & ASSEMBLY CORP,305 3RD AVE W,0714,Newark City,07112    ,Known
8561,NATIONAL CAR RENTAL @ NEWARK LIBERTY INTL AIRPORT,BLDG 25,0714,Newark City,07101    ,LSRP Oversight
20775,NATIONAL FUEL OIL INC,175 ORANGE ST,0714,Newark City,071030000,LSRP Oversight
8487,NATIONAL FUEL OIL INC BULK OIL STORAGE PLANT,525 RAYMOND BLVD,0714,Newark City,07104    ,Known
14550,NATIONAL LIGHTING CORP,522 CORTLANDT ST,0701,Belleville Twp,07109    ,LSRP Oversight
64321,NATIONAL MAGNETICS GROUP INC,250 SOUTH ST,0714,Newark City,07199    ,Known
19985,NATIONAL PAINT PRODUCTS CO,500 CHANCELLOR AVE,0709,Irvington Twp,07111    ,Known
468753,NATIONAL SPRING CO,49 55 E RUNYON ST,0714,Newark City,07114    ,Suspected
42433,NATIONAL WATER MAIN CLEANING,875 SUMMER AVE,0714,Newark City,07104    ,LSRP Oversight
39812,NATIONWIDE CFS INC,192 TYLER ST,0714,Newark City,07101    ,EPA Removal Action Complete
64319,NAVY STREET & PORT STREET,NAVY ST & PORT ST,0714,Newark City,07118    ,Suspected
355222,NBC AUTO PARTS,495 FRANKLIN AVE,0716,Nutley Twp,07110    ,RAO-A (Unrestricted Use)
8545,NEBRASKA MEAT CORP,124 MALVERN ST,0714,Newark City,07105    ,LSRP Oversight
52738,NEEDIES TOWING,467 CHANCELLOR AVE,0709,Irvington Twp,07111    ,LSRP Oversight
360344,NEIGHBORHOOD CHILD CARE CENTER INC,30 MAPLE AVE,0713,Montclair Twp,07042    ,CCF Approved
24446,NELSONS AUTOMOTIVE INC,145 DUNNELL RD,0711,Maplewood Twp,07040    ,LSRP Oversight
8506,NESBITT AUTO PARTS & SERVICE INC,34 38 NESBITT ST,0714,Newark City,07101    ,LSRP Oversight
16156,NEVADA STREET URBAN RENEWAL,2 NEVADA ST,0714,Newark City,07102    ,RAO-Entire Site (Limited Restricted Use)
8717,NEWARK BAY COGENERATION PLANT,414 462 AVE P,0714,Newark City,07105    ,LSRP Oversight
14891,NEWARK BOXBOARD CO,54 LOCKWOOD ST,0714,Newark City,07105    ,LSRP Oversight
16056,NEWARK BP SERVICE STATION,584 594 SPRINGFIELD AVE,0714,Newark City,07054    ,No SRP Oversight Required
458031,NEWARK CITY,127 141 CLAY ST,0714,Newark City,07104    ,LSRP Oversight
620710,NEWARK CITY #845878 @ 55 UNION STREET,28 50 MCWHORTER ST,0714,Newark City,07105    ,RAO-Entire Site (Unrestricted Use)
183038,NEWARK CITY ARCHIVES,295 HALSEY ST,0714,Newark City,07102    ,LSRP Oversight
395843,NEWARK CITY BD OF ED NEW OLIVER STREET SCHOOL,86 OLIVER ST,0714,Newark City,07105    ,Known
64760,NEWARK CITY CAMDEN STREET LOT,CAMDEN ST,0714,Newark City,07101    ,Suspected
612540,NEWARK CITY COMBINED SEWER OVERFLOW SOLIDS & FLOATABLES CONTROL MEASURES PHASE IIIC,DELAVAN AVE & 4TH AVE & ROANOKE AVE,0714,Newark City,07105    ,LSRP Oversight
402066,NEWARK CITY DEPT OF ECONOMIC & HOUSING DEVELOPMENT,49 59 RIVERSIDE AVE,0714,Newark City,07104    ,Suspected
57533,NEWARK CITY DEPT OF SANITATION,62 FRELINGHUYSEN AVE,0714,Newark City,07101    ,LSRP Oversight
47895,NEWARK CITY DIV OF MOTOR VEHICLES VICTORIA STREET GARAGE,36 VICTORIA ST,0714,Newark City,07114    ,LSRP Oversight
469174,NEWARK CITY DOREMUS AVENUE WASTE OIL SPILL,DOREMUS AVE,0714,Newark City,07105    ,No SRP Oversight Required
381345,NEWARK CITY ECONOMIC & HOUSING DEVELOPMENT,124 128 130 FAIRMOUNT AVE,0714,Newark City,07102    ,Suspected
47758,NEWARK CITY FINANCE CENTER,828 BROAD ST,0714,Newark City,07102    ,No SRP Oversight Required
63103,NEWARK CITY FIRE DEPT COMMUNITY RELATIONS BUILDING,44 MT PROSPECT AVE,0714,Newark City,07104    ,LSRP Oversight
57804,NEWARK CITY FIRE DEPT ENGINE #14,69 71 VESEY ST,0714,Newark City,07101    ,LSRP Oversight
417396,NEWARK CITY FIRE DEPT ENGINE #21 & #26 ,420 38 SANFORD AVE,0714,Newark City,07106    ,LSRP Oversight
57839,NEWARK CITY FIRE DEPT ENGINE CO #10,33 ASTOR ST,0714,Newark City,07101    ,LSRP Oversight
57891,NEWARK CITY FIRE DEPT ENGINE CO #19,526 528 FRELINGHUYSEN AVE,0714,Newark City,07101    ,LSRP Oversight
57892,NEWARK CITY FIRE DEPT ENGINE CO #29 TRUCK 10,1028 1030 BERGEN ST,0714,Newark City,07101    ,LSRP Oversight
48593,NEWARK CITY FIRE DEPT ENGINE CO #6 TRUCK #11,345 9TH ST S,0714,Newark City,071080000,LSRP Oversight
63113,NEWARK CITY FIRE DEPT ENGINE CO #7,296 308 W MARKET ST,0714,Newark City,07103    ,RAO-A (Unrestricted Use)
57889,NEWARK CITY FIRE DEPT ENGINE CO #9,197 199 SUMMER AVE,0714,Newark City,07101    ,LSRP Oversight
47761,NEWARK CITY FIRE DEPT HDQTRS,1010 18TH AVE,0714,Newark City,07106    ,LSRP Oversight
57981,NEWARK CITY FIRE DEPT STATION #13,714 MT PROSPECT AVE,0714,Newark City,07103    ,RAO-A (Unrestricted Use)
57984,NEWARK CITY FIRE DEPT STATION #15,269 271 PARK AVE,0714,Newark City,07103    ,LSRP Oversight
63112,NEWARK CITY FIRE SIGNAL,344 SPRINGFIELD AVE,0714,Newark City,07103    ,LSRP Oversight
47759,NEWARK CITY HAYES PARK EAST POOL,608 630 FERRY ST,0714,Newark City,071050000,LSRP Oversight
8638,NEWARK CITY HOUSING AUTH 12 UNIT LWRSE SETH BOYDEN,741 811 FRELINGHUYSEN AVE,0714,Newark City,07103    ,LSRP Oversight
8473,NEWARK CITY HOUSING AUTH BAXTER TERRACE APARTMENTS,57 SUSSEX AVE,0714,Newark City,07103    ,RAO-Entire Site (Restricted Use)
494359,NEWARK CITY HOUSING AUTH BRICK TOWERS,685 715 MARTIN LUTHER KING BLVD,0714,Newark City,07102    ,LSRP Oversight
47424,NEWARK CITY HOUSING AUTH EDWARD SCUDDER HOMES 2-19 FORMER,165 COURT ST,0714,Newark City,07103    ,RAO-A (Unrestricted Use)
203554,NEWARK CITY HOUSING AUTH IRVINE TURNER HOMES,105 119 MUHAMMED ALI BLVD,0714,Newark City,07103    ,LSRP Oversight
8515,NEWARK CITY HOUSING AUTH JOS P BRADLEY CT NJ 2-14,46 N MUNN AVE,0714,Newark City,07103    ,Suspected
47421,NEWARK CITY HOUSING AUTH OTTO KRETCHMER HOMES 2 10,71 LUDLOW ST,0714,Newark City,07114    ,LSRP Oversight
8710,NEWARK CITY HOUSING AUTH REV WM HAYES ELDERLY 2-18,68 BOYD ST,0714,Newark City,07101    ,Suspected
47420,NEWARK CITY HOUSING AUTH TERRELL HOMES #NJ209,35 RIVERVIEW CT,0714,Newark City,07105    ,Suspected
393317,NEWARK CITY JESSE ALLEN PARK,41 55 AVON AVE,0714,Newark City,07108    ,RAO-Entire Site (Restricted Use)
220697,NEWARK CITY NAT RURNER PARK,251 289 18TH AVE,0714,Newark City,07108    ,LSRP Oversight
63776,NEWARK CITY OAK ISLAND SLF,DELANCEY ST,0714,Newark City,07101    ,Suspected
515124,NEWARK CITY PARKING LOT SITE #10,97 LAFAYETTE ST,0714,Newark City,07102    ,No SRP Oversight Required
397641,NEWARK CITY PASSAIC RIVER WATERFRONT PARK,RAYMOND BLVD & JERSEY ST,0714,Newark City,07105    ,LSRP Oversight
64094,NEWARK CITY POLICE ACADEMY FORMER,294 308 AVE P,0714,Newark City,07101    ,LSRP Oversight
170399,NEWARK CITY POLICE & COURT BUILDING,31 GREEN ST,0714,Newark City,07102    ,LSRP Oversight
48680,NEWARK CITY POLICE DEPARTMENT FIREARMS RANGE,704 738 DOREMUS AVE,0714,Newark City,07199    ,LSRP Oversight
57809,NEWARK CITY POLICE DEPT EAST DIST,649 MARKET ST,0714,Newark City,07101    ,LSRP Oversight
47756,NEWARK CITY POLICE DEPT NORTH DIST,1 LINCOLN AVE,0714,Newark City,07102    ,LSRP Oversight
47613,NEWARK CITY POLICE DEPT SOUTH DIST,254 W BIGELOW ST,0714,Newark City,07102    ,LSRP Oversight
57837,NEWARK CITY POLICE DEPT WEST DIST,10 17TH AVE,0714,Newark City,07103    ,LSRP Oversight
129398,NEWARK CITY PUBLIC LIBRARY,5 WASHINGTON ST,0714,Newark City,07102    ,LSRP Oversight
307932,NEWARK CITY PUBLIC SCHOOLS ,34 LONGWORTH ST,0714,Newark City,07103    ,LSRP Oversight
8725,NEWARK CITY PUBLIC SCHOOLS ALEXANDER STREET SCHOOL,43 ALEXANDER ST,0714,Newark City,07102    ,LSRP Oversight
47558,NEWARK CITY PUBLIC SCHOOLS BARRINGER HIGH SCHOOL,90 PARKER ST,0714,Newark City,07101    ,RAO-A (Unrestricted Use)
366059,NEWARK CITY PUBLIC SCHOOLS BELMONT RUNYON SCHOOL,1 BELMONT RUNYON WAY,0714,Newark City,07105    ,LSRP Oversight
47565,NEWARK CITY PUBLIC SCHOOLS BURNET STREET SCHOOL,28 BURNET ST,0714,Newark City,07102    ,LSRP Oversight
8671,NEWARK CITY PUBLIC SCHOOLS CHANCELLOR AVENUE SCHOOL,321 CHANCELLOR AVE,0714,Newark City,07112    ,RAO-A (Unrestricted Use)
47569,NEWARK CITY PUBLIC SCHOOLS CHESTNUT STREET SCHOOL,42 CHESTNUT ST,0714,Newark City,07102    ,RAO-A (Restricted Use)
50766,NEWARK CITY PUBLIC SCHOOLS EAST SIDE HIGH SCHOOL,238 VAN BUREN ST,0714,Newark City,07105    ,LSRP Oversight
8485,NEWARK CITY PUBLIC SCHOOLS ELLIOTT STREET SCHOOL,721 SUMMER AVE,0714,Newark City,07104    ,RAO-Entire Site (Restricted Use)
420981,NEWARK CITY PUBLIC SCHOOLS GLADYS HILLMAN JONES MIDDLE SCHOOL PARKING LOT,27 37 7TH AVE E,0714,Newark City,07102    ,LSRP Oversight
47575,NEWARK CITY PUBLIC SCHOOLS HARRIET TUBMAN SCHOOL,504 10TH ST S,0714,Newark City,07103    ,RAO-A (Unrestricted Use)
40721,NEWARK CITY PUBLIC SCHOOLS LUIE MUNOZ MARIN ELEMENTARY SCHOOL,663 BROADWAY,0714,Newark City,07114    ,Known
8419,NEWARK CITY PUBLIC SCHOOLS MADISON ELEMENTARY SCHOOL,823 S 16TH ST,0714,Newark City,07114    ,LSRP Oversight
14911,NEWARK CITY PUBLIC SCHOOLS MALCOLM X SHABAZZ HIGH SCHOOL,80 JOHNSON AVE,0714,Newark City,07108    ,RAO-A (Unrestricted Use)
47578,NEWARK CITY PUBLIC SCHOOLS MAPLE AVENUE SCHOOL,33 47 MAPLE AVE,0714,Newark City,07114    ,LSRP Oversight
17997,NEWARK CITY PUBLIC SCHOOLS MOTOR POOL TRANSPORTATION DEPT,497 511 NEW JERSEY RAILROAD AVE,0714,Newark City,07114    ,LSRP Oversight
49325,NEWARK CITY PUBLIC SCHOOLS NEW N WARD ELEMENTARY SCHOOL,345 BROADWAY,0714,Newark City,07104    ,RAO-A (Unrestricted Use)
368143,NEWARK CITY PUBLIC SCHOOLS NEW UNIVERSITY HIGH SCHOOL PROPOSED,HAWTHORNE AVE & DEMAREST ST,0714,Newark City,07112    ,LSRP Oversight
32147,NEWARK CITY PUBLIC SCHOOLS PARK ELEMENTARY SCHOOL,120 MANCHESTER PL,0714,Newark City,07101    ,Known
8493,NEWARK CITY PUBLIC SCHOOLS RIDGE STREET SCHOOL,735 RIDGE ST,0714,Newark City,07104    ,RAO-A (Restricted Use)
47588,NEWARK CITY PUBLIC SCHOOLS ROBERTO CLEMENTE ANNEX,2 24 MT PLEASANT AVE,0714,Newark City,07104    ,LSRP Oversight
146109,NEWARK CITY PUBLIC SCHOOLS SCIENCE PARK HIGH SCHOOL PROPOSED,63 69 RICHMOND ST,0714,Newark City,07107    ,RAO-Entire Site (Restricted Use)
8502,NEWARK CITY PUBLIC SCHOOLS SOUTH STREET BD OF ED ELEMENTARY SCHOOL,34 48 HERMON ST,0714,Newark City,07105    ,LSRP Oversight
378673,NEWARK CITY PUBLIC SCHOOLS STADIUM,516 566 ROSEVILLE AVE,0714,Newark City,07107    ,Known
368133,NEWARK CITY PUBLIC SCHOOLS UNIVERSITY HIGH SCHOOL PROPOSED,28 HOBSON ST,0714,Newark City,071121307,No SRP Oversight Required
47598,NEWARK CITY PUBLIC SCHOOLS WEST SIDE HIGH SCHOOL,397 433 S ORANGE AVE,0714,Newark City,07101    ,LSRP Oversight
47600,NEWARK CITY PUBLIC SCHOOLS WILSON AVENUE SCHOOL,19 WILSON AVE,0714,Newark City,07105    ,Known
47757,NEWARK CITY REHABILITATION CENTER,9 19 ROSEVILLE AVE,0714,Newark City,071070000,LSRP Oversight
594230,NEWARK CITY RIVERFRONT PARK EXPANSION AREA B,950 972 MCCARTER HWY,0714,Newark City,07102    ,LSRP Oversight
65254,NEWARK CITY SUBWAY EXTENSION,239 283 GROVE ST,0702,Bloomfield Twp,07114    ,Known
47593,NEWARK CITY SUSSEX AVENUE PUBLIC SCHOOL,307 319 SUSSEX AVE,0714,Newark City,07106    ,RAO-A (Restricted Use)
57965,NEWARK CITY TRAFFIC BUREAU HDQTRS,441 BROADWAY,0714,Newark City,07104    ,LSRP Oversight
47762,NEWARK CITY VINDICATE SOCIETY,17 21 HALSEY ST,0714,Newark City,071020000,LSRP Oversight
41717,NEWARK CITY WATER & SEWER UTIL,239 CENTRAL AVE,0714,Newark City,07103    ,LSRP Oversight
348285,NEWARK COMMUNITY HEALTH CENTER INC,741 BROADWAY,0714,Newark City,07114    ,LSRP Oversight
65036,NEWARK CTY DEVINO SLF 1,845 DOREMUS AVE,0714,Newark City,07199    ,Suspected
94220,NEWARK DAY CENTER,305 HALSEY ST,0714,Newark City,07103    ,CCF Approved
63802,NEWARK DISPOSAL CO,380 ELM ST,0714,Newark City,07101    ,Suspected
379338,NEWARK ENERGY CENTER,955 DELANCEY ST,0714,Newark City,07101    ,Suspected
75517,NEWARK ENVELOPE CO,98 104 MADISON ST,0714,Newark City,07105    ,Suspected
434810,NEWARK FARMERS MARKET DEMOLITION OF STRUCTURE,2 44 CORNELIA ST,0714,Newark City,07105    ,RAO-A (Unrestricted Use)
8656,NEWARK GAS CORP,447 491 CENTRAL AVE,0714,Newark City,07107    ,LSRP Oversight
617104,NEWARK HADDAD HOLDING I,1223 1229 BROAD ST,0714,Newark City,07114    ,RAO-A (Restricted Use)
87154,NEWARK HOSPITALITY CONDO COMPLEX,618 620 RT 1/9,0714,Newark City,07199    ,Known
76410,NEWARK INDUSTRIAL & OFFICE PLAZA,412 426 FERRY ST,0714,Newark City,07105    ,RAO-Entire Site (Restricted Use)
433211,NEWARK LDS,128 136 ORANGE ST,0714,Newark City,07102    ,RAO-A (Restricted Use)
146122,NEWARK LIBERTY INTERNATIONAL AIRPORT,3 BREWSTER RD,0714,Newark City,07102    ,LSRP Oversight
30023,NEWARK MOLD & TOOL INC,141 147 NEW JERSEY RAILROAD AVE,0714,Newark City,07105    ,LSRP Oversight
21814,NEWARK MORNING LEDGER CO,1 STAR LEDGER PLAZA ,0714,Newark City,07101    ,RAO-Entire Site (Restricted Use)
14014,NEWARK MOTOR & EXPORT CORP,573 589 FERRY ST,0714,Newark City,710190000,Suspected
330354,NEWARK MUSEUM,49 WASHINGTON ST,0714,Newark City,07102    ,RAO-A (Unrestricted Use)
76204,NEWARK NEWS DEALERS,520 S ORANGE AVE,0714,Newark City,07103    ,RAO-A (Restricted Use)
120620,NEWARK NORFOLK CORP,NEWARK ST & NORFOLK ST,0714,Newark City,07103    ,Known
8445,NEWARK OPERATING INC,185 WILSON AVE,0714,Newark City,07105    ,LSRP Oversight
17178,NEWARK PERFORMING ARTS CORP SYMPHONY HALL,1020 BROAD ST,0714,Newark City,07102    ,Suspected
65920,NEWARK PORT AUTH,TYLER ST & CORBIN ST,0714,Newark City,07101    ,Suspected
486597,NEWARK PRESCHOOL COUNCIL COMMUNITY DEVELOPMENT CORP,276 300 CLINTON AVE,0714,Newark City,07102    ,No SRP Oversight Required
376734,NEWARK PRESCHOOL COUNCIL HEAD START @ ELIZABETH,43 45 ELIZABETH AVE,0714,Newark City,07108    ,CCF Approved
376733,NEWARK PRESCHOOL COUNCIL HEAD START @ ST FRANCIS,87 89 93 ST FRANCIS ST,0714,Newark City,07105    ,CCF Approved
229954,NEWARK PRESCHOOL COUNCIL INC,177 CENTRAL AVE,0714,Newark City,07103    ,RAO-A (Unrestricted Use)
376732,NEWARK PRESCHOOL COUNCIL INC,444 CENTRAL AVE,0714,Newark City,07107    ,Suspected
370260,NEWARK PRESCHOOL COUNCIL INC HEAD START PROGRAM,292 296 CHANCELLOR AVE,0714,Newark City,07102    ,LSRP Oversight
360403,NEWARK PRESCHOOL SHARPE JAMES I II III IV,221 BROAD ST,0714,Newark City,07104    ,RAO-Entire Site (Unrestricted Use)
92922,NEWARK REDEVELOPMENT,SCOTT ST,0714,Newark City,07102    ,LSRP Oversight
193017,NEWARK REDEVELOPMENT CORP,225 235 12TH ST N,0714,Newark City,07102    ,LSRP Oversight
8343,NEWARK REFRIGERATED WAREHOUSE,104 AVE C,0714,Newark City,07114    ,LSRP Oversight
740213,NEWARK RIVERFRONT PARK- COUNTY PARCEL,699 785 RAYMONND BLVD,0714,Newark City,07105    ,LSRP Oversight
594223,NEWARK RIVERFRONT PARK EXPANSION AREA A,57 67 BRIDGE ST,0714,Newark City,07102    ,Suspected
307939,NEWARK RIVERFRONT PARK EXPANSION AREA C,932 MCCARTER HWY,0714,Newark City,07103    ,LSRP Oversight
64425,NEWARK RIVERFRONT PARK EXPANSION AREA D,928 930 MCCARTER HWY,0714,Newark City,07199    ,CEA Established (Limited Restricted Use)
594597,NEWARK RIVERFRONT PARK EXPANSION AREA E,14 18 CENTRE PL ,0714,Newark City,07102    ,LSRP Oversight
594604,NEWARK RIVERFRONT PARK EXPANSION AREA F,20 32 CENTRE PL ,0714,Newark City,07102    ,LSRP Oversight
74015,NEWARK RIVERFRONT PARK EXPANSION AREA G,RIVER ST & CITY DOCK ST,0714,Newark City,07105    ,LSRP Oversight
88197,NEWARK RIVERFRONT PARK EXPANSION AREA H,48 50 66 COMMERCIAL ST,0714,Newark City,07199    ,Suspected
41892,NEWARK RIVERFRONT PARK EXPANSION AREA I,68 82 COMMERCIAL ST,0714,Newark City,07000    ,LSRP Oversight
86992,NEWARK RIVERFRONT PARK EXPANSION AREA J K L ,50 58 JERSEY ST,0714,Newark City,07199    ,RAO-Entire Site (Restricted Use)
8489,NEWARK RIVERFRONT PARK EXPANSION AREA Q,23 67 JERSEY ST,0714,Newark City,07105    ,RAO-A (Restricted Use)
594788,NEWARK RIVERFRONT PARK EXPANSION AREAS M&P,3 21 JERSEY ST,0714,Newark City,07105    ,RAO-A (Restricted Use)
594780,NEWARK RIVERFRONT PARK EXPANSION AREAS N&O,2 48 JERSEY ST,0714,Newark City,07105    ,RAO-A (Restricted Use)
372794,NEWARK SCHOOL OF DATA SCIENCE & INFORMATION TECHNOLOGY,746 SANFORD AVE,0714,Newark City,07106    ,Known
57551,NEWARK TABERNACLE CHURCH,985 S ORANGE AVE,0714,Newark City,07101    ,RAO-A (Unrestricted Use)
64095,NEWARK TOWNE SHOPPING CENTER,SPRINGFIELD AVE & S ORANGE AVE,0714,Newark City,07199    ,Known
20509,NEWARK TRADE TYPOGRAPHER CORP,177 OAKWOOD AVE,0717,Orange City Twp,07050    ,RAO-A (Unrestricted Use)
654686,NEWARK WAY & SCHAEFER ROAD GROUNDWATER CONTAMINATION,NEWARK WAY & SCHAEFER RD,0711,Maplewood Twp,07040    ,Known
496002,NEWARK WINDUSTRIAL CO,4 LIBELLA CT,0714,Newark City,07105    ,RAO-Entire Site (Restricted Use)
21498,NEWARK WIRE CLOTH CO CORP,351 VERONA AVE,0714,Newark City,07104    ,Known
360353,NEW COMMUNITY YOUTH SERVICES,56 HAYES ST,0714,Newark City,07103    ,CCF Approved
65485,NEW ERA COMMUNITY CO,40 50 PRINCETON ST,0705,East Orange City,07018    ,No SRP Oversight Required
652142,NEWFIELD STREET & ROWE STREET GW CONTAMINATION,NEWFIELD ST & ROWE ST,0705,East Orange City,07017    ,Known
585802,NEW HOPE ACADEMY INTERNATIONAL,1168 STUYVESANT AVE,0709,Irvington Twp,07111    ,No SRP Oversight Required
8442,NEW HOPE VILLAGE,195 W MARKET ST,0714,Newark City,07103    ,LSRP Oversight
653438,NEW HORIZONS,214 230 LIVINGSTON ST,0714,Newark City,07102    ,LSRP Oversight
360351,NEW HORIZONS COMMUNITY CHARTER SCHOOL,2 12 14TH AVE,0714,Newark City,07103    ,LSRP Oversight
360350,NEW LIFE CHILD CARE LEARNING CENTER,302 CHANCELLOR AVE,0714,Newark City,07112    ,CCF Approved
360355,NEW LIFE CHILD CARE PHASE 2,167 S 6TH ST,0714,Newark City,07103    ,Suspected
389977,NEW LIFE DAY CARE CENTER,222 VERONA AVE,0714,Newark City,07104    ,CCF Approved
9189,NEW LOOK EXPRESS AUTO DETAILING & HAND CAR WASH,111 FRANKLIN ST,0702,Bloomfield Twp,07003    ,CEA Lifted
8796,NEW MONTEREY CLEANERS,569 MILLBURN AVE,0712,Millburn Twp,07078    ,Known
56589,NEWPORT TRUCK REPAIR SERVICES,38 S 20TH ST,0709,Irvington Twp,07111    ,RAO-A (Unrestricted Use)
44142,NEW WEST URBAN RENEWAL LTD PROPERTY,95 ORANGE ST,0714,Newark City,07199    ,LSRP Oversight
55966,NEW WOODBRIDGE BARREL & DRUM,28 PEERLESS PL,0714,Newark City,071140000,CEA Established (Limited Restricted Use)
8808,NEW WYOMING CLEANERS INC,223 MILLBURN AVE,0712,Millburn Twp,07041    ,Known
411133,NEXT LEVEL CHILD CARE PROPOSED,220 BLOOMFIELD AVE,0713,Montclair Twp,07042    ,RAO-A (Unrestricted Use)
482042,NGUYEN RESIDENCS,17 WARREN RD,0711,Maplewood Twp,07040    ,RAO-A (Unrestricted Use)
8934,NH GAS SERVICE STATION,465 COIT ST,0709,Irvington Twp,07111    ,LSRP Oversight
8258,NICKS MOBIL SERVICE STATION,460 466 MAIN ST,0717,Orange City Twp,07050    ,RAO-A (Unrestricted Use)
360357,NINJA UNIVERSITY,33 MYRTLE AVE,0709,Irvington Twp,07111    ,CCF Approved
64463,NISEL MACHINE PRODUCTS INC,51 57 MCWHORTER ST,0714,Newark City,07199    ,Suspected
8901,NJ0258,1060 STUYVESANT AVE,0709,Irvington Twp,07111    ,RAO-A (Limited Restricted Use)
352329,NJ CHILDCARE ACADEMY OF ARTS,141 HOFFMAN BLVD,0705,East Orange City,07018    ,LSRP Oversight
8099,NJDM&VA WEST ORANGE ARMORY NATIONAL GUARD & OMS,1315 PLEASANT VALLEY WAY,0722,West Orange Twp,07052    ,LSRP Oversight
44375,NJDMV NEWARK INSPECTION DRIVER TESTING,228 FRELINGHUYSEN AVE,0714,Newark City,07101    ,LSRP Oversight
8627,NJDOC NORTHERN STATE PRISON,168 358 FRONTAGE RD,0714,Newark City,07114    ,LSRP Oversight
64752,NJDOT DOREMUS AVENUE BRIDGE,DOREMUS AVE,0714,Newark City,07105    ,Known
128939,NJDOT INTERSTATE 78 23 CONNECTOR,I-78 & RT 1/ 9,0714,Newark City,07101    ,Known
8500,NJDOT NEWARK MAINTENANCE YARD,603 RT 1/9,0714,Newark City,07101    ,LSRP Oversight
65550,NJDOT NEWARK VIADUCT SECTION #2N,MCCARTER HWY,0714,Newark City,07114    ,LSRP Oversight
74776,NJDOT ROUTE 21 PROJECT,MCCARTER HWY & POINIER ST,0714,Newark City,07105    ,LSRP Oversight
65239,NJDOT ROUTE 21 SECTION #5 PROJECT,MCCARTER HWY,0714,Newark City,07114    ,No SRP Oversight Required
63998,NJDOT SECTION #2A,RT 1/9 & SOUTH ST,0714,Newark City,07101    ,No SRP Oversight Required
119680,NJDOT SECTION #5 CD,I-78 & W PEDDIE ST,0714,Newark City,07101    ,No SRP Oversight Required
64438,NJDOT SECTION #7,I-280,0714,Newark City,07107    ,No SRP Oversight Required
182224,NJDOT UNIVERSITY HEIGHTS CONNECTOR PROJECT,UNKNOWN,0714,Newark City,07107    ,No SRP Oversight Required
74551,NJDOT WEST ORANGE ROW,7 LAUREL AVE,0722,West Orange Twp,07052    ,No SRP Oversight Required
224340,NJ GHANA SEVENTH DAY ADVENTIST CHURCH,731 S 17TH ST,0714,Newark City,07103    ,RAO-A (Unrestricted Use)
47647,NJ INSTITUTE OF TECHNOLOGY,323 MARTIN LUTHER KING BLVD,0714,Newark City,07102    ,RAO-A (Restricted Use)
52764,NJ INSTITUTE OF TECHNOLOGY,168 182 CENTRAL AVE,0714,Newark City,07102    ,LSRP Oversight
455607,NJ INSTITUTE OF TECHNOLOGY,97 103 COLDEN ST,0714,Newark City,07102    ,RAO-A (Restricted Use)
531556,NJ INSTITUTE OF TECHNOLOGY ,252 268 NEW ST,0714,Newark City,07101    ,LSRP Oversight
118778,NJ INSTITUTE TECHNOLOGY CAMPUS CENTER,120 142 BLEEKER ST,0714,Newark City,07102    ,RAO-A (Unrestricted Use)
536448,NJIT FACILITIES SERVICES BUILDING,138 156 NORFOLK ST,0714,Newark City,07102    ,CEA Established (Limited Restricted Use)
646823,NJIT GREEN @ UNIVERSITY PARK,311 313 315 317 319 ML KING BLVD,0714,Newark City,07103    ,RAO-A (Unrestricted Use)
591670,NJIT LIFE SCIENCE BUILDING,393 MARTIN LUTHER KING BLVD,0714,Newark City,07102    ,RAO-A (Unrestricted Use)
662608,NJIT WARREN STREET DORMITORY,200 WARREN ST,0714,Newark City,07103    ,RAO-A (Unrestricted Use)
8780,NJLG UST1 NJ0180 SERVICE STATION,115 BLOOMFIELD AVE,0713,Montclair Twp,07042    ,RAO-A (Limited Restricted Use)
14044,NJLG UST1 NJ0223 SERVICE STATION,211 WATCHUNG AVE,0702,Bloomfield Twp,07003    ,RAO-A (Unrestricted Use)
14897,NJ MONTCLAIR STATE UNIVERSITY,1 NORMAL AVE,0713,Montclair Twp,07043    ,LSRP Oversight
413305,NJ MONTCLAIR STATE UNIVERSITY,VALLEY RD,0713,Montclair Twp,07042    ,RAO-A (Unrestricted Use)
18733,NJ PERFORMING ARTS CENTER,1 CENTER ST ,0714,Newark City,07102    ,LSRP Oversight
747080,NJ PERFORMING ARTS CENTER,31 MULBERRY ST,0714,Newark City,07102    ,LSRP Oversight
8346,NJ RUTGERS UNIVERSITY,360 MARTIN LUTHER KING BLVD,0714,Newark City,07102    ,LSRP Oversight
215008,NJ SCHOOLS CONSTRUCTION CORP LINCOLN AVENUE SCHOOL,379 FRANKFORT ST,0717,Orange City Twp,07050    ,Known
620500,NJ SCHOOLS DEVELOPMENT AUTH,241 253 MCWHORTER ST,0714,Newark City,07105    ,LSRP Oversight
614273,NJ TPKE AUTH GARDEN STATE PKWY INTERCHANGE 145 RECONSTRUCTION CENTRAL AVENUE BRIDGE REPLACEMENT,CENTRAL AVE,0705,East Orange City,07018    ,LSRP Oversight
64137,NJ TRANSIT AUTH,SPRINGDALE AVE,0705,East Orange City,07019    ,Suspected
223206,NJ TRANSIT AUTH BROAD STREET STATION,BROAD ST & UNIVERSITY AVE,0714,Newark City,07102    ,RAO-A (Unrestricted Use)
8275,NJ TRANSIT AUTH BUS OPERATIONS BIGTREE GARAGE,1 WASHINGTON AVE,0716,Nutley Twp,07110    ,LSRP Oversight
47033,NJ TRANSIT AUTH BUS OPERATIONS LAKE STREET GARAGE,228 BLOOMFIELD AVE,0714,Newark City,07104    ,LSRP Oversight
8229,NJ TRANSIT AUTH BUS OPERATIONS ORANGE GARAGE,420 THOMAS BLVD,0717,Orange City Twp,07050    ,LSRP Oversight
8838,NJ TRANSIT AUTH GENERAL OFFICE BUILDING,180 BOYDEN AVE,0711,Maplewood Twp,07040    ,RAO-A (Unrestricted Use)
8613,NJ TRANSIT AUTH NBC II IRONBOUND,601 DOREMUS AVE,0714,Newark City,07105    ,RAO-A (Unrestricted Use)
367631,NJ TRANSIT AUTH ROSEVILLE DC SUBSTATION,25 N 13TH ST,0714,Newark City,07107    ,RAO-A (Restricted Use)
8595,NJ TRANSIT CORP ENVIRONMENTAL PROGRAMS,703 FERRY ST,0714,Newark City,07105    ,LSRP Oversight
63804,NJ TURNPIKE AUTH,NEW JERSEY TPKE MM 106,0714,Newark City,07101    ,No SRP Oversight Required
124284,NJ TURNPIKE AUTH EXPANSION,NEW JERSEY TPKE,0714,Newark City,07102    ,LSRP Oversight
47344,NJ TURNPIKE AUTH INTERCHANGE 15E TOLL PLAZA,NEW JERSEY TPKE MM 106.9,0714,Newark City,07102    ,RAO-A (Unrestricted Use)
65111,NJ TURNPIKE AUTH NEWARK BAY EXTENSION,NEW JERSEY TPKE MM 0.5 W,0714,Newark City,07114    ,No SRP Oversight Required
8365,NJ TURNPIKE AUTH NORTH DIV MAINTENANCE & INTERCHG 14,NEW JERSEY TPKE MM 104.7 S,0714,Newark City,07101    ,LSRP Oversight
178901,NJ TURNPIKE EXIT 14,NEW JERSEY TPKE EXIT 14,0714,Newark City,07101    ,RAO-A (Unrestricted Use)
64424,NJ TURNPIKE & RAYMOND BOULEVARD,NEW JERSEY TPKE & RAYMOND BLVD,0714,Newark City,07102    ,No SRP Oversight Required
86647,NJ TURNPIKE UNDER RAMP @  EXIT 14,NEW JERSEY TPKE MM 104.7,0714,Newark City,07199    ,LSRP Oversight
8678,NJ UNIVERSITY OF MEDICINE & DENTISTRY,150 CABINET ST,0714,Newark City,07107    ,RAO-A (Unrestricted Use)
50694,NON FLUID OIL CORP TECH & ADMIN CENTER,298 DELANCY ST,0714,Newark City,07101    ,Known
526904,NORFOLK SQUARE APARTMENTS PARKING LOT,17 29 HARTFORD ST,0714,Newark City,07103    ,LSRP Oversight
8776,NORGE VILLAGE LAUNDROMAT & CLEANERS,213 BELLEVUE AVE,0713,Montclair Twp,07043    ,Known
360360,NORJENES DAY CARE CENTER,61 N ARLINGTON AVE,0705,East Orange City,07017    ,CCF Approved
360363,NORJENES DAY CARE CENTER,365 LINCOLN AVE,0717,Orange City Twp,07050    ,CCF Approved
360361,NORJENES DAY CARE CENTER 3,73 HARRISON PL,0709,Irvington Twp,07111    ,CCF Approved
173770,NORMAN TOWERS APARTMENTS,500 PARKWAY DR ,0705,East Orange City,07017    ,RAO-A (Unrestricted Use)
8695,NORPAK CORP,70 BLANCHARD ST,0714,Newark City,07105    ,Known
41620,NORPAK CORP,96 126 ROANOKE AVE,0714,Newark City,07105    ,LSRP Oversight
377898,NORTH CALDWELL BORO BD OF ED GRANDVIEW ELEMENTARY SCHOOL,35 HAMILTON DR E,0715,North Caldwell Boro,07006    ,CCF Approved
465418,NORTH CALDWELL TWP PUBLIC SAFETY BUILDING,GOULD AVE,0715,North Caldwell Boro,07006    ,RAO-A (Unrestricted Use)
22054,NORTH DAY PRINTERS INC,272 CENTRAL AVE,0717,Orange City Twp,07050    ,RAO-A (Unrestricted Use)
65064,NORTH DELANCY STREET SLF,DELANCEY ST & WILSON AVE,0714,Newark City,07152    ,Suspected
123569,NORTHEASTERN BIBLE COLLEGE,222 LAUREL AVE,0710,Livingston Twp,07039    ,RAO-Entire Site (Unrestricted Use)
585012,NORTH STAR ACADEMY,377 WASHINGTON ST,0714,Newark City,07102    ,LSRP Oversight
8342,NORTH STAR ACADEMY WEST SIDE PARK ELEMENTARY & MIDDLE SCHOOL,571 18TH AVE,0714,Newark City,07114    ,Known
357797,NORTH WARD CENTER,346 MT PROSPECT AVE,0714,Newark City,07104    ,CCF Approved
360359,NORTH WARD CHILD DEVELOPMENT CENTER,341 ROSEVILLE AVE,0714,Newark City,07107    ,CCF Approved
741320,NOTRE DAME ROMAN CATHOLIC CHURCH,359 CENTRAL AVE,0715,North Caldwell Boro,07006    ,RAO-Child Care Facility (Unrestricted Use)
8284,NOVA ELECTRIC INC FORMER,263 HILLSIDE AVE,0716,Nutley Twp,07110    ,Known
757112,NOVA FENCE,28 LAKESIDE AVE,0722,West Orange Twp,07052    ,Inactive
53585,NSC POLISHING & PLATING CO INC,238 248 12TH ST S,0714,Newark City,07107    ,LSRP Oversight
360364,NTC KRETCHMER HOMES CHILD CARE CENTER,35 VAN VECHTEN ST,0714,Newark City,07114    ,No SRP Oversight Required
19826,NUTLEY ABUNDANT LIFE WORSHIP CENTER,390 WASHINGTON AVE,0716,Nutley Twp,07110    ,CEA Lifted
8267,NUTLEY CHEVROLET BUICK CORP,66 WASHINGTON AVE,0716,Nutley Twp,07110    ,RAO-A (Unrestricted Use)
499697,NUTLEY KEY & GLASS FORMER,135 CHESTNUT ST,0716,Nutley Twp,07110    ,RAO-A (Unrestricted Use)
46181,NUTLEY TWP,1 KENNEDY DR,0716,Nutley Twp,07110    ,LSRP Oversight
184851,NUTLEY TWP DEPT OF PARKS MONSIGNOR OWENS PARK,75 PARK AVE,0716,Nutley Twp,07110    ,RAO-A (Restricted Use)
8376,NUTLEY TWP DPW GARAGE,1 CORTLAND ST,0716,Nutley Twp,07110    ,RAO-A (Unrestricted Use)
48512,NUTLEY TWP PUBLIC SAFETY BUILDING,228 CHESTNUT ST,0716,Nutley Twp,07110    ,LSRP Oversight
18854,OAKES POND @ BLOOMFIELD LUXURY APARTMENTS,440 MEMORIAL PKWY,0702,Bloomfield Twp,07003    ,LSRP Oversight
629377,OAKWOOD AVENUE GW CONTAMINATION,OAKWOOD AVE,0717,Orange City Twp,07050    ,Known
19897,OBERS SERVICE STATION,75 RT 46,0707,Fairfield Twp,07006    ,LSRP Oversight
24116,OBERWILL CORP,366 394 WILSON AVE REAR,0714,Newark City,07114    ,LSRP Oversight
583054,OFFICE BUILDING,96 POMPTON AVE,0720,Verona Twp,07231    ,RAO-A (Restricted Use)
281887,OFFICE BUILDING @ 27 BLEEKER STREET,27 BLEEKER ST,0712,Millburn Twp,07041    ,LSRP Oversight
649061,OFFICE BUILDING @ 615 WEST MOUNT PLEASANT AVENUE,615 W MT PLEASANT AVE,0710,Livingston Twp,07039    ,RAO-A (Unrestricted Use)
8576,OFFICE PLAZA @ 108 122 JABEZ STREET,108 122 JABEZ ST,0714,Newark City,07105    ,Known
648327,OLEK INC,538 CHRISTOPHER ST,0717,Orange City Twp,07050    ,Verified Unknown Source
45657,OLIVAS AUTO REPAIR,74 LAFAYETTE ST,0714,Newark City,071020000,No SRP Oversight Required
360368,OLIVER FAMILY DAY CARE CENTER,1037 SANFORD AVE,0709,Irvington Twp,07111    ,CCF Approved
360367,OLIVE TREE BABY BRANCH,36 BROUGHTON AVE,0702,Bloomfield Twp,07003    ,Suspected
229064,OLIVE TREE CHILD CARE CENTER,314 BROAD ST,0702,Bloomfield Twp,07003    ,Suspected
360369,ONE STEP AHEAD CHILD CARE CENTER INC,252 CLINTON ST N,0705,East Orange City,07017    ,Suspected
27962,ONE STOP AUTO & MARINE CENTER,57 WASHINGTON ST,0722,West Orange Twp,07052    ,RAO-A (Unrestricted Use)
554183,ONE THEATER SQUARE,2 CENTER ST,0714,Newark City,07102    ,RAO-Entire Site (Unrestricted Use)
51716,ONE WALL MANAGEMENT,75 N WALNUT ST,0705,East Orange City,07017    ,No SRP Oversight Required
169336,ON TRACK CLEANERS,5 SLOAN ST,0719,South Orange Village Twp,07079    ,Suspected
442425,ORANGE AUTOMOTIVE,43 45 S CENTER ST ,0717,Orange City Twp,07050    ,LSRP Oversight
49392,ORANGE CITY TWP BD OF ED CLEVELAND STREET ELEMENTARY SCHOOL,355 CLEVELAND ST,0717,Orange City Twp,07051    ,LSRP Oversight
49390,ORANGE CITY TWP BD OF ED LINCOLN AVENUE ELEMENTARY SCHOOL,216 LINCOLN AVE,0717,Orange City Twp,07050    ,LSRP Oversight
40222,ORANGE CITY TWP BD OF ED ORANGE HIGH SCHOOL & MIDDLE SCHOOL,380 400 LINCOLN AVE,0717,Orange City Twp,07050    ,LSRP Oversight
529286,ORANGE CITY TWP COLGATE PARK,116 N DAY ST,0717,Orange City Twp,07050    ,RAO-Entire Site (Restricted Use)
8223,ORANGE CITY TWP DPW,632 CHESTNUT ST,0717,Orange City Twp,07050    ,RAO-A (Unrestricted Use)
61450,ORANGE CITY TWP FIRE DEPT,419 CENTRAL AVE,0717,Orange City Twp,07050    ,LSRP Oversight
417571,ORANGE CITY TWP FREE PUBLIC LIBRARY,348 MAIN ST,0717,Orange City Twp,07052    ,RAO-A (Unrestricted Use)
8257,ORANGE CITY TWP HOUSING AUTH PROJECT NJ 25-2,339 MECHANIC ST,0717,Orange City Twp,07050    ,CCF Approved
64115,ORANGE CITY TWP WELLFIELD COMTAMINATION,GIST PL & BROOK ALLEY,0717,Orange City Twp,07051    ,Known
8540,ORANGE EXXON SERVICE STATION #35119,471 ORANGE ST,0714,Newark City,07114    ,LSRP Oversight
53059,ORANGE HAND CAR WASH,23 MAIN ST,0717,Orange City Twp,07051    ,Verified Unknown Source
571097,ORANGE ROAD GROUNDWATER CONTAMINATION,ORANGE RD ,0713,Montclair Twp,07042    ,Known
489762,ORANGE ROAD PARKING DECK,ORANGE RD,0713,Montclair Twp,07042    ,Verified Unknown Source
587841,ORANGE SENIOR CITIZENS RESIDENCE,355 THOMAS BLVD,0717,Orange City Twp,07050    ,CEA Established (Limited Restricted Use)
567785,ORANGE VALLEY RGNL GROUNDWATER CONTAMINATION,CENTRAL AVE,0717,Orange City Twp,07052    ,Known
46997,ORATON PARKWAY EXXON SERVICE STATION #30227,12 N ORATON PKWY,0705,East Orange City,07017    ,LSRP Oversight
33584,ORBIS PRODUCTS CORP,41 63 MCCLELLAN ST,0714,Newark City,07101    ,Known
85824,ORELITE CHEMICAL COATINGS INC,56 70 WOOLSEY ST,0709,Irvington Twp,07111    ,LSRP Oversight
8104,ORGANON USA INC,375 MT PLEASANT AVE,0722,West Orange Twp,07052    ,Known
57552,ORIENTAL MASONIC TEMPLE,37 FULTON ST,0714,Newark City,07101    ,LSRP Oversight
427612,ORIT LABORATORIES CORP,200 FAIRFIELD AVE,0721,West Caldwell Twp,07006    ,RAO-ISRA Entire Site (Unrestricted Use)
48791,OSCARS SERVICE CENTER,8 LINCOLN PL,0709,Irvington Twp,07111    ,LSRP Oversight
376736,OUR FAMILY CIRCLE BUDS OF HOPE ACADEMY CENTER FOR CHILD DEVELOPMENT & SCIENCE,372 374 S ORANGE AVE,0714,Newark City,07103    ,RAO-A (Unrestricted Use)
612302,OUR LADY HELP OF CHRISTIANS SCHOOL,24 N CLINTON ST,0705,East Orange City,07017    ,LSRP Oversight
452673,OUR LADY HELP OF CHRISTIANS SCHOOLS,23 N CLINTON ST,0705,East Orange City,07017    ,LSRP Oversight
360371,OUR LADY OF FATIMA NURSERY,79 JEFFERSON ST,0714,Newark City,07105    ,CCF Approved
52956,OUR LADY OF GOOD COUNSEL,624 668 SUMMER AVE,0714,Newark City,07104    ,Verified Unknown Source
52983,OUR LADY OF LOURDES,1 EAGLE ROCK AVE,0722,West Orange Twp,07052    ,RAO-A (Unrestricted Use)
57767,OUR LADY OF MOUNT CARMEL RC CHURCH,269 275 OLIVER ST,0714,Newark City,07101    ,RAO-A (Unrestricted Use)
403667,OUR LADY OF SORROWS NURSERY PROPOSED,162 ACADEMY ST,0719,South Orange Village Twp,07079    ,No SRP Oversight Required
360372,OUR SMALL WORLD DAY CARE & LEARNING CENTER,665 SUMMER AVE,0714,Newark City,07104    ,CCF Approved
43671,OVERNIGHT AIRCRAFT PARKING AREA @ NEWARK LIBERTY INTNL AIRPORT,BREWSTER RD,0714,Newark City,07114    ,RAO-A (Unrestricted Use)
365333,OVETERS CONSTRUCTION CO INC,757 SPRINGDALE AVE,0705,East Orange City,07017    ,LSRP Oversight
40781,PABST BREWING CO,400 GROVE ST,0714,Newark City,07103    ,LSRP Oversight
63847,PACE PACKAGING,3 SPERRY RD,0707,Fairfield Twp,07006    ,RAO-ISRA Leasehold (Unrestricted Use)
8462,PADDYS SUPER SERVICE STATION,139 145 DELANCEY ST,0714,Newark City,07105    ,LSRP Oversight
376737,PAGE ACADEMY II,426 428 CHANCELLOR AVE,0714,Newark City,07112    ,CCF Approved
360373,PAGE ACADEMY INC,530 CENTRAL AVE,0714,Newark City,07107    ,CCF Approved
696996,PAIVA NETTO EARLY LEARNING CENTER,138 PACIFIC ST,0714,Newark City,07105    ,RAO-Child Care Facility (Unrestricted Use)
9051,PALLETS UNLIMITED,2 4TH AVE,0705,East Orange City,07019    ,RAO-Entire Site (Restricted Use)
407915,PALMER INDUSTRIES INC,59 67 CHAPEL ST,0714,Newark City,07105    ,RAO-Entire Site (Restricted Use)
506260,PALS CABIN RESTAURANT,265 PROSPECT AVE,0722,West Orange Twp,07052    ,RAO-A (Unrestricted Use)
9142,PANCOAST PUMP & TANK CO INC,147 ROSELAND AVE,0703,Caldwell Boro,07006    ,RAO-A (Unrestricted Use)
64202,PAPER MART INC,120 DORSA AVE,0710,Livingston Twp,07039    ,Known
627194,PARADISE DAYCARE CENTER,650 MT PROSPECT AVE,0714,Newark City,07104    ,LSRP Oversight
737346,PARCEL C FOR NJ PERFORMING ARTS CENTER,40 44 CENTER ST,0714,Newark City,07102    ,LSRP Oversight
26509,PARK AVE AUTO REPAIR INC,106 108 PARK AVE,0714,Newark City,07105    ,RAO-A (Unrestricted Use)
652198,PARK AVENUE & 5TH STREET GW CONTAMINATION,PARK AVE & 5TH ST,0714,Newark City,07107    ,Known
65486,PARK AVENUE LAND INVESTMENT CO,730 744 PARK AVE,0705,East Orange City,07018    ,No SRP Oversight Required
644894,PARK AVENUE & NORTH 12TH STREET GROUND WATER CONTAMINATION,PARK AVE & N 12TH ST,0714,Newark City,07107    ,Approved Discharge
52470,PARK AVENUE STORAGE CORP,365 PARK AVE,0714,Newark City,07107    ,RAO-A (Unrestricted Use)
558042,PARK AVENUE VARIETY STORE INC,238 PARK AVE,0717,Orange City Twp,070503724,RAO-A (Unrestricted Use)
9083,PARK CRESCENT HEALTHCARE & REHAB CENTER,480 N WALNUT ST,0705,East Orange City,07017    ,Known
498000,PARKE PLACE @ MAPLEWOOD,186 238 BOYDEN AVE,0711,Maplewood Twp,07040    ,RAO-A (Unrestricted Use)
20440,PARKER PRECISION PRODUCTS CO,32 BELL ST,0717,Orange City Twp,07050    ,Known
757073,PARKING LOT @ 1 LAKESIDE AVENUE,1 LAKESIDE AVE,0722,West Orange Twp,07052    ,Inactive
342532,PARKING LOT @ 268 HALSEY STREET,268 HALSEY ST,0714,Newark City,07102    ,Known
596659,PARKING LOT @ 563 569 18TH AVENUE,563 569 18TH AVE,0714,Newark City,07103    ,Known
215003,PARKING LOT @ 980 990 FRELINGHUYSEN AVENUE,1 VIRGINIA ST,0714,Newark City,07114    ,LSRP Oversight
757107,PARKING LOT @ LAKESIDE AVENUE,LAKESIDE AVE,0722,West Orange Twp,07052    ,Inactive
757110,PARKING LOT @ STANDISH AVENUE,STANDISH AVE,0722,West Orange Twp,07052    ,Inactive
591599,PARKING LOT @ ST MICHAELS MED CTR,144 150 ORANGE ST,0714,Newark City,07103    ,LSRP Oversight
428683,PARKSIDE PRESCHOOL #3,567 BROADWAY,0714,Newark City,07104    ,CCF Approved
43350,PARKSIDE PRESCHOOL II,354 PARK AVE,0714,Newark City,071070000,LSRP Oversight
8602,PARK TOWER APARTMENTS,455 ELIZABETH AVE,0714,Newark City,07112    ,Suspected
165823,PARKVIEW TOWERS,169 177 CENTRAL AVE,0717,Orange City Twp,07050    ,LSRP Oversight
64650,PARKWAY APARTMENTS,GROVE ST,0709,Irvington Twp,07111    ,No SRP Oversight Required
442562,PARKWAY APARTMENTS ,14 16 MARSHALL ST,0709,Irvington Twp,07111    ,Suspected
8895,PARKWAY DELTA SERVICE STATION,758 18TH AVE,0709,Irvington Twp,07111    ,LSRP Oversight
9177,PARKWAY LOFTS APARTMENTS,5 LAWRENCE ST,0702,Bloomfield Twp,07003    ,LSRP Oversight
47697,PARKWAY SERVICE STATION INC,221 CENTRAL AVE,0705,East Orange City,07018    ,RAO-A (Limited Restricted Use)
56519,PARKWAY SHOPPING CENTER,880 914 SPRINGFIELD AVE,0709,Irvington Twp,07111    ,LSRP Oversight
14914,PASSAIC RIVER TERMINAL CORP,126 PASSAIC ST,0714,Newark City,07104    ,LSRP Oversight
8439,PASSAIC VALLEY SEWER COMM,652 670 DOREMUS AVE,0714,Newark City,07105    ,LSRP Oversight
582420,PATHMARK FORMER,237 249 S ORANGE AVE,0714,Newark City,07103    ,RAO-Entire Site (Unrestricted Use)
748718,PATH NEWARK LIBERTY INT AIRPORT AIRTRAIN,88 98 HAYNES AVE,0714,Newark City,07114    ,Known
671765,PATTON DRIVE & YORK AVENUE GW CONTAMINATION,PATTON DR & YORK AVE,0721,West Caldwell Twp,07007    ,Known
71659,PAUL B WILLIAMS PRINTING CO INC,1010 BROAD ST,0714,Newark City,07105    ,Known
666253,PAUL DYEING CO,626 ORANGE ST,0714,Newark City,07107    ,LSRP Oversight
29480,PAUL MILLER HONDA OF WEST CALDWELL,1170 BLOOMFIELD AVE,0721,West Caldwell Twp,07006    ,RAO-A (Unrestricted Use)
8162,PAUL MILLER TOYOTA,1155 BLOOMFIELD AVE,0721,West Caldwell Twp,07006    ,RAO-A (Unrestricted Use)
446718,PAVILION TOWERS APARTMENTS,108 136 MARTIN LUTHER KING BLVD,0714,Newark City,07104    ,RAO-A (Unrestricted Use)
23893,PCI SCIENTIFIC SUPPLY INC,41 PLYMOUTH ST,0707,Fairfield Twp,07004    ,RAO-A (Unrestricted Use)
9331,P&D SERVICE STATION,550 FRANKLIN AVE,0701,Belleville Twp,07109    ,RAO-A (Unrestricted Use)
396127,PEACE & BLESSINGS CHRISTIAN DAY SCHOOL,1200 CLINTON AVE,0709,Irvington Twp,07111    ,CCF Approved
670165,PEACE PLAYGROUND,45 55 PENNSYLVANIA AVE,0714,Newark City,07114    ,LSRP Oversight
227075,PECKMAN RIVER HEATING OIL DISCHARGE,OZONE AVE,0704,Cedar Grove Twp,07009    ,Known
14239,PEERLESS TUBE CO,58 76 LOCUST AVE,0702,Bloomfield Twp,070030000,Known
154140,PEERLESS TUBE CO,71 LOCUST AVE,0702,Bloomfield Twp,07003    ,LSRP Oversight
14206,PENICK CORP,158 MT OLIVET AVE,0714,Newark City,07114    ,Known
126978,PENN CONSTRUCTION,315 MT PLEASANT AVE,0714,Newark City,07104    ,LSRP Oversight
63995,PENN FEDERAL SAVINGS BANK,29 PARK ST,0713,Montclair Twp,07042    ,Suspected
360375,PENNINGTON COURT HEAD START,173 PENNINGTON CT,0714,Newark City,07105    ,CCF Approved
33750,PENN JERSEY PAINT CO,1256 MCCARTER HWY,0714,Newark City,07105    ,No SRP Oversight Required
360376,PENTECOSTAL CHURCH SONS OF GOD,856 MT PROSPECT AVE,0714,Newark City,07104    ,CCF Approved
31501,PEREZ AUTO CENTER INC,769 BROADWAY,0714,Newark City,07104    ,RAO-A (Unrestricted Use)
364417,PERLEN STEEL CORP,1276 1282 MCCARTER HWY,0714,Newark City,07104    ,RAO-ISRA Entire Site (Unrestricted Use)
360377,PERPETUAL HELP DAY NURSERY,170 BROAD ST,0714,Newark City,07104    ,CCF Approved
9168,PERSONAL TOUCH CLEANERS,600 BLOOMFIELD AVE,0702,Bloomfield Twp,07003    ,LSRP Oversight
8692,PETER RODINO FEDERAL BUILDING,970 BROAD ST,0714,Newark City,07102    ,RAO-Entire Site (Unrestricted Use)
8522,PETRI PAINT CO INC,198 204 PACIFIC ST,0714,Newark City,07114    ,LSRP Oversight
24347,PHARMACEUTICAL INNOVATIONS INC,897 FRELINGHUYSEN AVE,0714,Newark City,07114    ,Suspected
8139,PHELPS DODGE HIGH PERFORMANCE CONDUCTORS,666 PASSAIC AVE,0721,West Caldwell Twp,07006    ,RAO-Entire Site (Limited Restricted Use)
26907,PHIL & ALS SERVICE CENTER INC,225 SOUTH ST,0714,Newark City,07104    ,RAO-A (Limited Restricted Use)
56792,PHILIP CASALE BUILDING,259 WASHINGTON AVE,0716,Nutley Twp,07110    ,LSRP Oversight
8822,PHILLIPS 66,2016 2028 SPRINGFIELD AVE,0711,Maplewood Twp,07040    ,RAO-A (Unrestricted Use)
57605,PHILS SERVICE STATION,517 S 20TH ST,0709,Irvington Twp,07111    ,RAO-A (Unrestricted Use)
750744,PICCILLO ANGELO FORMER COLOCATION,SUMMER AVE,0714,Newark City,07104    ,Suspected
646035,PILGRIM BAPTIST VILLAGE II,143 171 AVON AVE,0714,Newark City,07108    ,LSRP Oversight
24205,PILLAR HIGH SCHOOL,71 OKNER PKWY,0710,Livingston Twp,070390093,Known
360378,PILSBURY NURSERY SCHOOL INC,433 PARK ST,0713,Montclair Twp,07043    ,CCF Approved
87550,PINE STREET & GLENRIDGE AVENUE,PINE ST & GLENRIDGE AVE ,0713,Montclair Twp,07042    ,Suspected
9077,PIT STOP GAS STATION & FOOD MART,47 PARK AVE,0705,East Orange City,07017    ,LSRP Oversight
601679,PLANE CRASH CLEANUP,7 MAYHEW DR,0707,Fairfield Twp,07004    ,RAO-A (Unrestricted Use)
605799,PLANE CRASH CLEANUP @ BEVERLY ROAD,149 BEVERLY RD,0707,Fairfield Twp,07004    ,RAO-A (Unrestricted Use)
535245,PLANET CLEANERS,10 1ST AVE,0702,Bloomfield Twp,07003    ,Suspected
360379,PLAY N LEARN DAY CARE,7 LAUREL PL,0713,Montclair Twp,07043    ,CCF Approved
8106,PLEASANT VALLEY EXXON SERVICE STATION,972 MT PLEASANT AVE,0722,West Orange Twp,07052    ,LSRP Oversight
141243,PNC BANK,572 POMPTON AVE,0704,Cedar Grove Twp,07009    ,RAO-A (Unrestricted Use)
8294,PNC INC,115 E CENTRE ST,0716,Nutley Twp,071103409,Deed Notice Terminated
522725,POEKEL CHARLES ,13 15 WHITFIELD ST,0703,Caldwell Boro,07706    ,RAO-A (Unrestricted Use)
15749,POLAROME MFG CO INC,361 371 SOUTH ST,0714,Newark City,071051914,Known
670654,POLKADOTS & ROSES CHILDCARE CENTER,138 HICKORY ST,0717,Orange City Twp,07050    ,LSRP Oversight
8157,POLLUTION CONTROL INDUSTRIES WEDECO ENVIRONMENTAL TECHNOLOGIES  @ WEST CALDWELL IND VILLAGE,1 FAIRFIELD CRESCENT,0721,West Caldwell Twp,07006    ,LSRP Oversight
64221,POLY PLUS MFG INC,229 SCOTLAND RD,0717,Orange City Twp,07050    ,Suspected
750001,POMONA AVENUE & ALDINE STREET GROUNDWATER CONTAMINATION,POMONA AVE & ALDINE ST,0714,Newark City,07112    ,Known
455172,PONTI TRUCKING DIESEL SPILL,I-80 W EXIT 52,0707,Fairfield Twp,07004    ,No SRP Oversight Required
63717,POOR RICHARDS FURNITURE CO,69 N WILLOW ST,0713,Montclair Twp,07042    ,RAO-A (Unrestricted Use)
8741,POOR RICHARDS FURNITURE REFINISHING,101 WALNUT ST,0713,Montclair Twp,07042    ,LSRP Oversight
8306,PORT AUTH NY/NJ,390 E PORT ST,0714,Newark City,07101    ,LSRP Oversight
188809,PORT AUTH NY/NJ EXPRESSRAIL CORBIN STREET INTERMODAL RAIL SUPPORT FACILITY,CORBIN ST,0714,Newark City,07102    ,RAO-A (Unrestricted Use)
362089,PORT AUTH NY/NJ MARINE TERMINAL,192 TYLER ST,0714,Newark City,07310    ,No SRP Oversight Required
477411,PORT AUTH NY NJ PORT NEWARK,CORBIN ST & TYLER ST,0714,Newark City,07114    ,LSRP Oversight
65148,PORT NEWARK BERTHS 30 & 32,STARBOARD ST,0714,Newark City,07104    ,Suspected
35423,PORT NEWARK CONTAINER TERMINAL,241 CALCUTTA ST,0714,Newark City,07114    ,LSRP Oversight
63887,PORT STREET WAREHOUSE,PORT ST,0714,Newark City,07101    ,Suspected
56440,POWER CONCRETE CO INC,497 RAYMOND BLVD,0714,Newark City,07114    ,LSRP Oversight
8465,POWER OIL INC,15 STOCKTON ST,0714,Newark City,071050000,RAO-A (Unrestricted Use)
76027,PPI TIME ZERO INC,11 MADISON RD,0707,Fairfield Twp,07006    ,LSRP Oversight
76385,PPI TIME ZERO INC,23 MADISON RD,0707,Fairfield Twp,07006    ,RAO-ISRA Leasehold (Unrestricted Use)
360380,PRECIOUS CARE & LEARNING CENTER,271 W NORTHFIELD RD,0710,Livingston Twp,07039    ,Suspected
385174,PRECIOUS FEET CHRISTIAN DAY CARE PROPOSED,187 STUYVESANT AVE,0714,Newark City,07106    ,CCF Approved
360381,PRECIOUS LITTLES EARLY CHILDHOOD DEVELOPMENT CENTER INC,1099 S ORANGE AVE,0714,Newark City,07106    ,CCF Approved
169831,PRECISE PLATING INC,133 137 AVE L,0714,Newark City,07105    ,Known
342425,PREFERRED PET CARE INC,233 RUTGERS ST,0711,Maplewood Twp,07040    ,Known
57596,PRESBYTERIAN CHURCH OF UPPER MONTCLAIR,53 NORWOOD AVE,0713,Montclair Twp,07043    ,Suspected
27048,PRESSURE CONTROLS INC,406  408 CORTLANDT ST,0701,Belleville Twp,07109    ,RAO-ISRA Entire Site (Unrestricted Use)
22166,PRINTWRAP CORP,95 SAND PARK RD,0704,Cedar Grove Twp,07009    ,RAO-ISRA Entire Site (Unrestricted Use)
432937,PRISM GEM,33 LIBELLA CT,0714,Newark City,07105    ,LSRP Oversight
64171,PRODUCERS BAKERY,702 CHANCELLOR AVE,0709,Irvington Twp,07111    ,Suspected
19455,PRODUCT IDENTIFICATION CO INC,198 PASSAIC AVE,0707,Fairfield Twp,07006    ,Known
75303,PROFESSIONAL METAL SERVICES,200 VANDERPOOL ST,0714,Newark City,07105    ,RAO-Entire Site (Restricted Use)
280126,PROLOGIS BUILDING @ 4 GARDNER ROAD,4 GARDNER RD,0707,Fairfield Twp,07006    ,RAO-A (Unrestricted Use)
497141,PROMECTOR INC,39 43 MANUFACTURER PL,0714,Newark City,07105    ,Known
410853,PROPANE POWER CORP,873 915 DELANCEY ST,0714,Newark City,07105    ,Known
8092,PROSPECT EXXON SERVICE STATION #32215,486 PROSPECT AVE,0722,West Orange Twp,07052    ,RAO-A (Limited Restricted Use)
65932,PROSPECT TRANSPORT MVA,RT 280 EW EXIT 5-B,0718,Roseland Boro,07068    ,RAO-A (Unrestricted Use)
533191,PRO STAFF REAL ESTATE,265 FRANKLIN AVE,0716,Nutley Twp,07110    ,RAO-A (Unrestricted Use)
376738,PROVIDENCE HEAD START,469 S 17TH ST,0714,Newark City,07103    ,Suspected
201310,PRUDENTIAL CENTER,25 LAFAYETTE ST,0714,Newark City,07102    ,Suspected
590553,PRUDENTIAL CENTER PARKING GARAGE ,15 LAFAYETTE ST,0714,Newark City,07102    ,LSRP Oversight
14208,PRUDENTIAL INSURANCE CO,213 WASHINGTON ST,0714,Newark City,07101    ,Known
37034,PRUDENTIAL INSURANCE CO OF AMERICA,100 MULBERRY ST,0714,Newark City,07102    ,RAO-A (Unrestricted Use)
470863,PRUDENTIAL INSURANCE CO OF AMERICA,635 677 BROAD ST,0714,Newark City,07102    ,RAO-Entire Site (Restricted Use)
554508,PSE&G ,BROAD ST & CENTRAL AVE,0714,Newark City,07102    ,RAO-A (Unrestricted Use)
693673,PSEG @ 1476 PLEASANT VALLEY WAY OF WEST ORANGE,1476 Pleasant Valley Way,0722,West Orange Twp,07052    ,RAO-A (Unrestricted Use)
698586,PSEG @ 19 LARKING CIRCLE OF WEST ORANGE,19 LARKIN CIR,0722,West Orange Twp,07052    ,RAO-A (Unrestricted Use)
699015,PSE&G 355 BROAD STREET MANHOLE & CONDUIT INSTALLATION,BROAD ST & STATE ST,0714,Newark City,07104    ,Withdrawn
735515,PSE&G @ 37 MARQUETTE ROAD OF MONTCLAIR,37 MARQUETTE RD,0713,Montclair Twp,07043    ,RAO-A (Unrestricted Use)
697048,PSEG @ 475 VOSE AVENUE OF SOUTH ORANGE,475 VOSE AVE,0719,South Orange Village Twp,07079    ,RAO-A (Unrestricted Use)
629526,PSE&G 69 KV PORT STREET MONOPOLE ELECTRIC TRANSMISSION TOWERS,PORT ST ,0714,Newark City,07105    ,LSRP Oversight
674172,PSE&G 777 MCCARTER OP MANHOLE & ELECTRICAL CIRCUIT INSTALL,MCCARTER HWY,0714,Newark City,07107    ,No SRP Oversight Required
670903,PSEG ACROSS FROM 318 BRANCH BROOK DRIVE,318 BRANCH BROOK DR,0701,Belleville Twp,07109    ,RAO-A (Unrestricted Use)
21257,PSE&G BRANCH BROOK SUBSTATION,81 179 ELMONT AVE,0702,Bloomfield Twp,07011    ,LSRP Oversight
708366,PSE&G CEDAR GROVE SWITCH,469 LITTLE FALLS RD,0704,Cedar Grove Twp,07009    ,RAO-A (Limited Restricted Use)
699200,PSE&G CENTRAL AVENUE MANHOLE & CONDUIT INSTALLATION,CENTRAL AVE,0705,East Orange City,07050    ,LSRP Oversight
56924,PSE&G CO,1234 1240 MCCARTER HWY,0714,Newark City,07104    ,Known
729473,PSEG DOREMUS AVENUE LCP,DOREMUS AVE & DELANCY ST,0714,Newark City,07105    ,LSRP Oversight
689682,PSE&G EAST ORANGE ELECTRICAL CIRCUIT UPGRADE,533 MAIN ST,0705,East Orange City,07018    ,No SRP Oversight Required
8221,PSE&G EAST ORANGE GAS DISTRICT,284 N PARK ST,0705,East Orange City,07017    ,LSRP Oversight
460301,PSE&G ELECTRIC TRANSMISSION ROW TOWER R-MT #3-1,OLD RD,0710,Livingston Twp,07039    ,RAO-A (Unrestricted Use)
463286,PSE&G ELECTRIC TRANSMISSION ROW TOWER RWON 2/3 & RWOS 2/4,N LIVINGSTON AVE,0710,Livingston Twp,07039    ,RAO-A (Unrestricted Use)
717637,PSEG ESSEX GENERATING STATION,155 Raymond Blvd,0714,Newark City,07105    ,Suspected
668687,PSEG @ FOSTER COURT OF SOUTH ORANGE,2 FOSTER CT,0719,South Orange Village Twp,07079    ,RAO-A (Unrestricted Use)
710375,PSE&G GAS CONSTRUCTION OF HARRISON,W MARKET ST & DICKERSON ST,0714,Newark City,07107    ,LSRP Oversight
710250,PSE&G GAS CONSTRUCTION OF ORANGE,PIERMONT PL & DALEWOOD RD,0721,West Caldwell Twp,07006    ,LSRP Oversight
620591,PSE&G GAS MAIN REPLACEMENT R-109 GC MC-18,VARIOUS LOCATIONS,0703,Caldwell Boro,07006    ,No SRP Oversight Required
611535,PSE&G GAS SYSTEM MODERNIZATION PROGRAM 103- GC MC18 GAS LINE INSTALLATION,VARIOUS LOCATIONS,0702,Bloomfield Twp,07003    ,No SRP Oversight Required
589852,PSE&G GAS SYSTEM MODERNIZATION PROGRAM BLOOMFIELD AVENUE GAS MAIN INSTALLATION GLEN RIDGE BORO,BLOOMFIELD AVE,0708,Glen Ridge Boro,07028    ,No SRP Oversight Required
611500,PSE&G GAS SYSTEM MODERNIZATION PROGRAM MID-CENTRAL MC18 GAS LINE INSTALLATION,VARIOUS LOCATIONS,0715,North Caldwell Boro,07006    ,No SRP Oversight Required
701630,PSEG IRVINGTON 69KV,597 603 21ST ST,0709,Irvington Twp,07111    ,LSRP Oversight
655205,PSEG #J2315 IRVINGTON PIPE CABLE SPILL,MILL RD & UNION PL,0709,Irvington Twp,07111    ,RAO-A (Unrestricted Use)
752865,PSE&G LAKESIDE AVENUE SUBSTATION,375 LAKESIDE AVE,0717,Orange City Twp,07050    ,LSRP Oversight
21596,PSE&G LAUREL AVENUE SUBSTATION,LAUREL AVE,0710,Livingston Twp,07039    ,RAO-A (Unrestricted Use)
759871,PSEG LAUREL AVE SUB TO PLEASANT VALLEY WAY LCP,MOUNT VERNON AVE & PLEASANT VALLEY WAY,0722,West Orange Twp,07052    ,LSRP Oversight
694352,PSE&G MANHOLE & CONDUIT INSTALLATION  NYE AVENUE,NYE AVE & WAINWRIGHT ST & GIRARD PL,0709,Irvington Twp,07111    ,No SRP Oversight Required
110272,PSE&G MARKET STREET COAL GAS,2 48 JERSEY ST ,0714,Newark City,07102    ,LSRP Oversight
705500,PSE&G MAT #28735 @ 900 DOREMUS AVENUE OF NEWARK,21 93 FIRMENICH WAY,0714,Newark City,07114    ,LSRP Oversight
589494,PSE&G MCCARTER 280 MANHOLE & DUCT BANK LINEAR CONSTRUCTION PROJECT,ORANGE ST & FIRST ST & SUSSEX AVE & ,0714,Newark City,07107    ,No SRP Oversight Required
617994,PSE&G MCCARTER SUBSTATION TO NORFOLK SUBSTATION MANHOLE & ELECTRICAL CONDUIT INSTALLATION,VARIOUS LOCATIONS,0714,Newark City,07103    ,No SRP Oversight Required
554707,PSE&G MCCARTER SWITCHING STATION,478 492 CENTRAL AVE,0714,Newark City,07107    ,RAO-A (Restricted Use)
731443,PSEG MEEKER & ELIZABETH AVENUE LCP,MEEKER AVE & ELIZABETH AVE,0714,Newark City,07112    ,LSRP Oversight
8940,PSE&G METRO IRVINGTON SUB HDQTRS,938 CLINTON AVE,0709,Irvington Twp,07111    ,LSRP Oversight
494613,PSE&G NEGP ELECTRIC TRANSMISION ROW TOWER #5/5,LITTLE FALLS RD,0704,Cedar Grove Twp,07009    ,RAO-A (Unrestricted Use)
494409,PSE&G NEGP ELECTRIC TRANSMISSION ROW,PASSAIC AVE ,0718,Roseland Boro,07068    ,RAO-A (Unrestricted Use)
486492,PSE&G NEGP RIGHT OF WAY TOWER #5/1,BOWDEN RD,0704,Cedar Grove Twp,07009    ,RAO-A (Unrestricted Use)
486619,PSE&G NEGP ROW TOWER #10/1 @ HATFIELD SWAMP,UNKNOWN,0721,West Caldwell Twp,07006    ,RAO-A (Unrestricted Use)
486598,PSE&G NEGP TOWER #8/11,CLINTON RD,0721,West Caldwell Twp,07006    ,RAO-A (Unrestricted Use)
486537,PSE&G NEGP TOWER #8/7,PASSAIC AVE,0721,West Caldwell Twp,07006    ,RAO-A (Unrestricted Use)
21512,PSE&G NEWARK DIST GAS T&D,1025 MCCARTER HWY,0714,Newark City,07102    ,LSRP Oversight
706657,PSE&G NYE AVENUE MANHOLE & CONDUIT INSTALLATION,NYE AVE & GIRARD PL & S 16TH ST,0714,Newark City,07112    ,LSRP Oversight
662204,PSE&G @ NYE AVENUE SUBSTATION,605 21ST ST,0709,Irvington Twp,07111    ,LSRP Oversight
700431,PSE&G ORANGE VALLEY MANHOLE & CONDUIT INSTALLATION,MITCHELL ST & S JEFFERSON ST,0717,Orange City Twp,07050    ,LSRP Oversight
727704,PSE&G ORANGE VALLEY SUBSTATION,539 NASSAU ST,0717,Orange City Twp,07050    ,RAO-ISRA Entire Site (Limited Restricted Use)
724402,PSE&G PAD #1240-9 @ MOUNTAINRIDGE DRIVE OF LIVINGSTON,9 MOUNTAIN RIDGE DR,0710,Livingston Twp,07039    ,RAO-A (Unrestricted Use)
747768,PSEG PAD #2996 - 105 SMITH MANOR BOULEVARD OF WEST ORANGE,10 SMITH MANOR BLVD,0722,West Orange Twp,07052    ,RAO-A (Unrestricted Use)
733912,PSE&G PAD #534 @ 7 FRANCAVILLA DRIVE OF FAIRFIELD,7 FRANCAVILLA DR,0707,Fairfield Twp,07004    ,RAO-A (Unrestricted Use)
749613,PSE&G PAD 546 NOBHILL DRIVE - ROSELAND,29 NOBHILL DR,0718,Roseland Boro,07052    ,RAO-A (Unrestricted Use)
750344,PSEG PAD 6450 - 401 SOUTH STREET - NEWARK_CDN,401 SOUTH ST,0714,Newark City,07105    ,LSRP Oversight
576509,PSE&G PAINE AVENUE DIELECTRIC FLUID SPILL,131 PAINE AVE,0709,Irvington Twp,07111    ,RAO-A (Unrestricted Use)
21610,PSE&G PLANK ROAD SUBSTATION,306 RAYMOND BLVD,0714,Newark City,07102    ,RAO-ISRA Entire Site (Limited Restricted Use)
748385,PSEG POLE 60050-20 APPLETON ROAD OF GLEN RIDGE,20 APPLETON RD,0708,Glen Ridge Boro,07028    ,RAO-A (Unrestricted Use)
740955,PSEG POLE 60071-522 NORWOOD STREET EAST ORANGE,522 NORWOOD ST,0705,East Orange City,07018    ,RAO-A (Unrestricted Use)
724517,PSE&G POLE #60220 @ 13 GATES AVENUE OF ROSELAND,13 GATES AVE,0718,Roseland Boro,07068    ,RAO-A (Unrestricted Use)
719547,PSEG POLE #60782-22 HICKORY DRIVE OF NORTH CALDWELL,22 HICKORY DR,0715,North Caldwell Boro,07006    ,RAO-A (Unrestricted Use)
747707,PSEG POLE #61409- 285 AMPERE PKWY- BLOOMFIELD,285 AMPERE PKWY,0702,Bloomfield Twp,07003    ,RAO-A (Unrestricted Use)
758599,PSEG POLE 66397 - 232 PLEASANT VALLEY WAY,232 Pleasant Valley Way,0722,West Orange Twp,07052    ,LSRP Oversight
561500,PSE&G PORT STREET SUBSTATION,255 E PORT ST,0714,Newark City,07114    ,RAO-A (Unrestricted Use)
615368,PSE&G RECONDUCTOR ESSEX FOUNDRY #B-1328C-1355,VARIOUS LOCATIONS,0714,Newark City,07105    ,No SRP Oversight Required
425538,PSE&G ROSELAND SWITCHNG STATION SR500KV,7 EISENHOWER PKWY,0718,Roseland Boro,07068    ,RAO-A (Unrestricted Use)
719695,PSEG SOUTH VALLEY ROAD,NORTH RIDGEWOOD RD & GLENSIDE RD,0719,South Orange Village Twp,07079    ,LSRP Oversight
649274,PSE&G TONEYS BROOK SUBSTATION PROJECT ,113 WASHINGTON ST,0702,Bloomfield Twp,07003    ,No SRP Oversight Required
651588,PSE&G TONEYS BROOK TO BELLEVILLE 69 KV CONVERSION,WASHINGTON ST & MUNICIPAL PLAZA ,0702,Bloomfield Twp,07003    ,LSRP Oversight
561898,PSE&G TRANSFORMER,442 452 RIVER RD,0716,Nutley Twp,07110    ,RAO-A (Unrestricted Use)
571316,PSE&G TRANSFORMER ,8 PUTNAM RD,0710,Livingston Twp,07039    ,RAO-A (Unrestricted Use)
571489,PSE&G TRANSFORMER ,799 BLOOMFIELD AVE,0720,Verona Twp,07044    ,RAO-A (Unrestricted Use)
599066,PSE&G TRANSFORMER  ,8100 TOWN CENTER WAY ,0710,Livingston Twp,07039    ,RAO-A (Unrestricted Use)
607057,PSE&G TRANSFORMER @ 225 GROVE ROAD,225 GROVE RD ,0719,South Orange Village Twp,07079    ,RAO-A (Unrestricted Use)
599733,PSE&G TRANSFORMER @ 35 MOUNTAIN AVENUE,35 MOUNTAIN AVE,0722,West Orange Twp,07052    ,RAO-A (Unrestricted Use)
605080,PSE&G TRANSFORMER @ 450 ROUTE 1/9,428 450 CARNEGIE AVE,0714,Newark City,07114    ,RAO-A (Unrestricted Use)
616100,PSE&G TRANSFORMER IFO 23 BROOKSIDE PLACE,23 BROOKSIDE PL,0710,Livingston Twp,07039    ,RAO-A (Unrestricted Use)
626711,PSE&G TRANSFORMER NEAR 18 CHERI LANE,18 CHERI LN,0707,Fairfield Twp,07004    ,RAO-A (Unrestricted Use)
634324,PSEG TRANSFORMER SPILL NEAR 17 THORNTON STREET,17 THORNTON ST,0702,Bloomfield Twp,07003    ,RAO-A (Unrestricted Use)
653075,PSE&G WASHINGTON STREET MANHOLE & ELECTRIC CONDUIT INSTALLATION,WASHINGTON ST,0714,Newark City,07102    ,No SRP Oversight Required
45752,PSE&G WEST ORANGE SWITCHING STATION,325 MT PLEASANT AVE,0722,West Orange Twp,07052    ,RAO-A (Unrestricted Use)
65841,PUDER HALL,345 PROSPECT AVE,0705,East Orange City,07019    ,Suspected
63809,PULASKI SKYWAY,BROAD ST,0714,Newark City,07101    ,Suspected
383661,PYRAMID 2 PROPOSED,33 WASHINGTON ST,0714,Newark City,07012    ,CCF Approved
358316,PYRAMID ACADEMY PRESCHOOL ,67 S CLINTON ST,0705,East Orange City,07018    ,LSRP Oversight
9267,PYRAMID SERVICE STATION,127 BELLEVILLE AVE,0701,Belleville Twp,07109    ,LSRP Oversight
19172,Q PAK CORP,2145 MCCARTER HWY,0714,Newark City,07101    ,LSRP Oversight
53596,QUALITY JANITORIAL SERVICE,76 S 20TH ST,0709,Irvington Twp,07111    ,LSRP Oversight
219345,QUEEN OF ANGLES SCHOOL,42 44 IRVINE TURNER BLVD,0714,Newark City,07103    ,RAO-A (Limited Restricted Use)
360382,QUEST INK,28 IRVINE TURNER BLVD,0714,Newark City,07103    ,Suspected
15443,QUICK ON THE WAY SERVICE STATION,1 BLOOMFIELD AVE,0715,North Caldwell Boro,07006    ,LSRP Oversight
382152,QUILTS CHILD DEVELOPMENT CENTER PROPOSED,299 BLOOMFIELD AVE,0702,Bloomfield Twp,07003    ,Suspected
470728,RACE STREET & WEST STREET GROUNDWATER CONTAMINATION,RACE ST & WEST ST,0702,Bloomfield Twp,07003    ,Known
8871,RACEWAY LIVINGSTON SOUTH ORANGE SERVICE STATION,266 S ORANGE AVE,0710,Livingston Twp,07039    ,RAO-A (Limited Restricted Use)
18005,RADIANT PROPERTY MANAGMENT,378 404 STUYVESANT AVE,0709,Irvington Twp,07111    ,No SRP Oversight Required
231270,RAILS CO,101 103 NEWARK WAY,0711,Maplewood Twp,07040    ,Known
360383,RAINBOW CHILD CARE CENTER,144 EAGLE ROCK AVE,0718,Roseland Boro,07068    ,CCF Approved
257924,RAINBOW LAND LEARNING CENTER,517 MARKET ST,0714,Newark City,07105    ,CCF Approved
367141,RAINBOW LAND LEARNING CENTER,67 77 SOMME ST,0714,Newark City,07105    ,Suspected
729759,RAINBOW LAND LEARNING CENTER,115 129 GOTTHART ST,0714,Newark City,07105    ,RAO-Entire Site (Restricted Use)
487868,RAINBOW MONTESSORI ,1293 BROAD ST,0702,Bloomfield Twp,07003    ,RAO-A (Unrestricted Use)
414679,RALF ASHLAND URBAN RENEWAL,7 ASHLAND ST,0703,Caldwell Boro,07006    ,RAO-A (Unrestricted Use)
467089,RALPH AVENUE GROUNDWATER CONTAMINATION,RALPH AVE,0701,Belleville Twp,07109    ,Suspected
8542,RAN SERVICE STATION INC,149 MEEKER AVE,0714,Newark City,07114    ,Verified Unknown Source
8471,RAVEN RUBBER CORP,237 243 SOUTH ST,0714,Newark City,07114    ,LSRP Oversight
8495,RAYMOND FUEL,303 RAYMOND BLVD,0714,Newark City,07105    ,RAO-A (Unrestricted Use)
750751,RAYMOND HAROLD R DRY CLEANER FORMER COLOCATION,9TH AVE,0714,Newark City,07107    ,Suspected
634588,RAYMOND INDUSTRIAL PARK COMMON AREAS,19 21 LIBELLA CT,0714,Newark City,07105    ,LSRP Oversight
735974,RAYS LAUNDRY FORMER COLOCATION,LEXINGTON AVE,0713,Montclair Twp,070424502,Known
23177,RDC TIRE CENTER,391 CENTRAL AVE,0705,East Orange City,07011    ,RAO-A (Limited Restricted Use)
18219,RD WIRE TECHNOLOGIES CORP,125 NEW DUTCH LN,0707,Fairfield Twp,07004    ,RAO-ISRA Entire Site (Limited Restricted Use)
25340,RECO NELSON INC,248 THOMAS ST,0714,Newark City,07114    ,RAO-Entire Site (Unrestricted Use)
378503,RED CARPET KIDS CHILD CARE ,131 FRANKLIN ST,0702,Bloomfield Twp,07003    ,LSRP Oversight
360384,REDEEMER LUTHERAN PRE SCHOOL CENTER,664 BROADWAY,0714,Newark City,07104    ,CCF Approved
8406,REICH ELECTRIC MOTOR INC,100 POLK ST,0714,Newark City,07105    ,RAO-Entire Site (Unrestricted Use)
14936,REICHHOLD INC,400 DOREMUS AVE,0714,Newark City,07105    ,LSRP Oversight
8733,RELIABLE CLEANERS,123 WATCHUNG AVE,0713,Montclair Twp,07042    ,LSRP Oversight
71709,RELIABLE UPHOLSTERY INC,77 79 WASHINGTON ST,0702,Bloomfield Twp,07003    ,LSRP Oversight
434677,RENAISSANCE CHURCH OF NEWARK,392 400 7TH AVE,0714,Newark City,07107    ,RAO-Entire Site (Unrestricted Use)
360385,RENAISSANCE LEARNING CENTER,35 HALSEY ST,0714,Newark City,07102    ,CCF Approved
194231,RENAISSANCE @ WEST ORANGE,200 PLEASANT VALLEY WAY,0722,West Orange Twp,07052    ,LSRP Oversight
497138,RESIDENTIAL PROPERTIES @ 20 68 MANUFACTURERS PLACE,20 68 MANUFACTURER PL,0714,Newark City,07105    ,Known
8939,RESONTIC DELAWARE VALLEY INC,84 98 COIT ST,0709,Irvington Twp,071110000,LSRP Oversight
360311,RETAIL BUILDING @ 310 MAIN STREET,310 MAIN ST,0722,West Orange Twp,07052    ,Suspected
126360,RETS INSTITUTE,103 PARK AVE,0716,Nutley Twp,07110    ,LSRP Oversight
19379,REUTHER ENGINEERING & MACHINE CO INC,126 14TH ST S,0714,Newark City,07107    ,RAO-ISRA Entire Site (Restricted Use)
8931,REVLON CONSUMER PRODUCTS CORP,196 199 COIT ST,0709,Irvington Twp,07111    ,Known
603671,REVLON CONSUMER PRODUCTS CORP,176 178 COIT ST,0709,Irvington Twp,07111    ,Known
55567,REXON TECHNOLOGY CORP FORMER,8 AUDREY PL,0707,Fairfield Twp,07006    ,LSRP Oversight
20898,RG SMITH TOOL & MFG CO,245 SOUTH ST,0714,Newark City,07101    ,Suspected
22813,R HORIZON CORP,38 60 BLANCHARD ST,0714,Newark City,07105    ,Known
189903,RICCIARDI CO,641 TREMONT AVE,0717,Orange City Twp,07050    ,LSRP Oversight
64155,RICHARD FERNANDEZ CO,20 KENT ST,0714,Newark City,07199    ,LSRP Oversight
8158,RICHARDS INDUSTRIES SYSTEMS @ WEST CALDWELL IND VILLAGE,4 FAIRFIELD CRESCENT,0721,West Caldwell Twp,070066205,RAO-ISRA Entire Site (Unrestricted Use)
8828,RICHARDS SERVICE STATION,1459 SPRINGFIELD AVE,0711,Maplewood Twp,070400000,LSRP Oversight
9253,RICHIES AUTO BODY,53 WASHINGTON AVE,0701,Belleville Twp,07109    ,RAO-A (Unrestricted Use)
56859,RIDGE TIRE & AUTO,109 115 S ORANGE AVE W,0719,South Orange Village Twp,07079    ,LSRP Oversight
726801,RIGAN REALTY INC,24 PIER LN W,0707,Fairfield Twp,07004    ,LSRP Oversight
734249,RISE LIVING,700 708 S 17TH ST,0714,Newark City,07103    ,RAO-Entire Site (Unrestricted Use)
578349,RISE & SHINE CHILD CARE ACADEMY,25 JACOB ST,0714,Newark City,07103    ,RAO-A (Unrestricted Use)
358071,RISE & SHINE CHILDCARE PROPOSED,1340 1344 SPRINGFIELD AVE,0709,Irvington Twp,07111    ,Known
721132,RISING STAR LEARNING CENTER,1148 SPRINGFIELD AVE,0709,Irvington Twp,07111    ,LSRP Oversight
360386,RISING STAR LEARNING CENTER INC,126 LYONS AVE,0714,Newark City,07112    ,Suspected
360387,RISING SUN ACADEMY,535 MARTIN LUTHER KING BLVD,0714,Newark City,07102    ,CCF Approved
360388,RISING SUN ACADEMY,1146 CLINTON AVE,0709,Irvington Twp,07111    ,Suspected
424609,RISING SUN DAYCARE PROPOSED,695 SCOTLAND RD,0717,Orange City Twp,07050    ,CCF Approved
57000,RITEWAY AIRPORT PARKING,484 512 CARNEGIE AVE,0714,Newark City,07114    ,RAO-Entire Site (Restricted Use)
409610,RIVERSIDE AVENUE SITE,RIVERSIDE AVE,0714,Newark City,07104    ,EPA Removal Action Complete
65188,RIVERSIDE COMMUNITY CHURCH,50 UNION AVE,0716,Nutley Twp,07110    ,CCF Approved
407586,RIVERSIDE INDUSTRIAL PARK,1682 1728 MCCARTER HWY R,0714,Newark City,07104    ,Known
33180,RIVERVIEW COURT APARTMENTS,65 RIVER RD,0716,Nutley Twp,07110    ,Known
19038,RIVIERA HOTEL,165 169 CLINTON AVE,0714,Newark City,07108    ,RAO-A (Restricted Use)
60900,RJB METAL FINISHING INC,169 181 CHRISTIE ST,0714,Newark City,07105    ,LSRP Oversight
64170,ROADWAY EXPRESS INC,19 DANIEL RD E,0707,Fairfield Twp,07006    ,Suspected
63811,ROANOKE AVENUE,ROANOKE AVE,0714,Newark City,07101    ,LSRP Oversight
750127,ROANOKE AVENUE & FOUNDRY STREET GROUNDWATER CONTAMINATION,ROANOKE AVE & FOUNDRY ST,0714,Newark City,07105    ,Known
360389,ROBERT F APREA CENTER HEAD START,25 S MUNN AVE,0705,East Orange City,07018    ,CCF Approved
14930,ROBERTO CLEMENTE ELEMENTARY SCHOOL,257 SUMMER AVE,0714,Newark City,07104    ,Withdrawn
412148,ROBERT TREAT ACADEMY CHARTER SCHOOL,443 463 CLIFTON AVE,0714,Newark City,07104    ,LSRP Oversight
610372,ROBERT TREAT ACADEMY CHARTER SCHOOL,180 WILLIAM ST,0714,Newark City,07103    ,LSRP Oversight
8509,ROBERT TREAT HOTEL,50 PARK PL,0714,Newark City,07102    ,Suspected
9337,ROCHE DIAGNOSTIC SYSTEMS INC MOLECULAR SYSTEMS DIV,11 FRANKLIN AVE,0701,Belleville Twp,07109    ,RAO-ISRA Entire Site (Restricted Use)
8140,ROCKLAND CHEMICAL CO INC,686 PASSAIC AVE,0721,West Caldwell Twp,070060809,LSRP Oversight
35581,ROCK SPRING COUNTRY CLUB,78 ROCK SPRING RD,0722,West Orange Twp,07052    ,Known
750228,ROCKY THE TAILOR FORMER COLOCATION,16TH AVE,0714,Newark City,07103    ,Suspected
63821,ROEBLING STEEL & WIRE CORP,550 BROAD ST,0714,Newark City,07101    ,Suspected
18611,ROLOC FILM PROCESSING INC @ RIVERSIDE IND PK,29 RIVERSIDE AVE,0714,Newark City,07104    ,Suspected
750752,ROMA CLEANERS & DRYERS FORMER COLOCATION,GARSIDE ST,0714,Newark City,07104    ,Suspected
41909,ROMAN ASPHALT CORP,14 OGDEN ST,0714,Newark City,071040000,RAO-A (Unrestricted Use)
8340,RONSON METALS CORP,45 65 MANUFACTURERS PL,0714,Newark City,07105    ,Known
658477,ROOSEVELT AVENUE GROUND WATER CONTAMINATION,ROOSEVELT AVE,0701,Belleville Twp,07109    ,Known
415481,ROSAS DAYCARE CENTER PROPOSED,393 395 ROSEVILLE AVE,0714,Newark City,07107    ,Suspected
8380,ROSE COLOR INC FORMER,170 BLANCHARD ST FORMER,0714,Newark City,07105    ,Deed Notice Terminated
8219,ROSELAND BORO DPW,300 EAGLE ROCK AVE,0718,Roseland Boro,07068    ,RAO-A (Unrestricted Use)
64108,ROSELAND BORO GROUNDWATER CONTAMINATION,EISENHOWER PKWY & HARRISON AVE,0718,Roseland Boro,07068    ,Known
8216,ROSELAND SHELL SERVICE STATION,168 EAGLE ROCK AVE,0718,Roseland Boro,07068    ,LSRP Oversight
33472,ROSEMOUNT ANALYTICAL INC,89 COMMERCE RD,0704,Cedar Grove Twp,07009    ,LSRP Oversight
733271,ROSE PRODUCTIONS STUDIO,86 OVERLOOK AVE,0701,Belleville Twp,07109    ,LSRP Oversight
532960,ROSEVILLE COMMUNITY CHARTER SCHOOL,540 546 ORANGE ST,0714,Newark City,07107    ,No SRP Oversight Required
59227,ROSEVILLE PRESBYTERIAN CHURCH,36 ROSEVILLE AVE,0714,Newark City,07107    ,RAO-A (Unrestricted Use)
257292,ROUTE 1/9 & HAYNES AVENUE BRIDGES,RT 1/9 & HAYNES AVE,0714,Newark City,07111    ,LSRP Oversight
65739,ROUTE 24 MILE MARKER 8.5,RT 24 MM 8.5,0712,Millburn Twp,07041    ,Suspected
64972,ROUTE 24 & MILLBURN AVENUE,RT 24 & MILLBURN AVE,0712,Millburn Twp,07041    ,Suspected
728630,ROUTE 280 WB RAMP OVER 1ST & ORANGE STREETS,1ST ST & ORANGE ST,0714,Newark City,07107    ,LSRP Oversight
86488,ROUTE 46 & LITTLE FALLS ROAD GROUNDWATER CONTAMINATION,RT 46 & LITTLE FALLS RD,0707,Fairfield Twp,07006    ,Known
750815,ROXY CLEANERS FORMER COLOCATION,18TH AVE,0714,Newark City,07103    ,Suspected
15974,ROYAL ADHESIVES & SEALANTS,80 WHEELER POINT RD,0714,Newark City,07105    ,Known
17842,ROYAL CLEANERS @ GLENWOOD PLAZA,250 GLENWOOD AVE,0702,Bloomfield Twp,07003    ,Known
379317,ROYAL RECOVERY FORMER,43 57 CLIFTON ST,0714,Newark City,07108    ,LSRP Oversight
65852,R&R AUTO,466 CENTRAL AVE,0717,Orange City Twp,07052    ,Suspected
144678,RR DONNELLEY & SONS CO @ WEST ESSEX IND PK,5 HENDERSON DR,0721,West Caldwell Twp,07006    ,Known
8283,R&R GAS SERVICE STATION,688 FRANKLIN AVE,0716,Nutley Twp,07110    ,RAO-Entire Site (Unrestricted Use)
28136,R&R MARKETING @ ESSEX PASSAIC IND PK,10 PATTON DR,0721,West Caldwell Twp,07077    ,No SRP Oversight Required
46388,R&S STRAUSS #7,26 48 BLOOMFIELD AVE,0702,Bloomfield Twp,07003    ,Suspected
64390,RUBBER DERIVEX PRODUCTS INC,401 JEFFERSON ST,0714,Newark City,07114    ,Suspected
9002,RUBBER & SILICONE PRODUCTS CO INC,17 MONTESANO RD,0707,Fairfield Twp,07004    ,RAO-ISRA Entire Site (Unrestricted Use)
8937,RUGER CHEMICAL CO INC,71 89 CORDIER ST,0709,Irvington Twp,07111    ,LSRP Oversight
86974,RUNIAK AVENUE SUBSTATION,RUNIAK AVE MM 12,0714,Newark City,07199    ,Suspected
689373,RUSSO BROAD STREET NEWARK MIXED USE PROJECT,"349-377, 379-397 Broad Street",0714,Newark City,07102    ,RAO-Entire Site (Restricted Use)
745831,RUTGERS ADMIN BLDG,75 12TH AVE,0714,Newark City,07107    ,LSRP Oversight
745832,RUTGERS ADMIN BLDG BLOCK 1802,75 12TH AVE,0714,Newark City,07107    ,Known
407282,RUTGERS NEWARK DAYCARE FACILITY PROPOSED,75 HALSEY ST,0714,Newark City,07102    ,CCF Approved
65869,RUTGERS STREET & WASHINGTON AVENUE,RUTGERS ST & WASHINGTON AVE,0701,Belleville Twp,08721    ,Suspected
529893,RUTGERS THE STATE UNIVERSITY,125 181 S ORANGE AVE,0714,Newark City,07103    ,LSRP Oversight
47200,RUTGERS THE STATE UNIVERSITY OF NJ-RBHS,30 BERGEN ST,0714,Newark City,07101    ,RAO-A (Unrestricted Use)
74601,RUTGERS UNIVERSITY INTERNATIONAL CENTER FOR PUBLIC HEALTH,225 WARREN ST,0714,Newark City,07105    ,Deed Notice Terminated
42024,RYAN BUS SERVICE,910 914 BROADWAY,0714,Newark City,071040000,LSRP Oversight
23218,SACCO SALES SERVICE INC,9 15 VERONA AVE,0714,Newark City,07104    ,LSRP Oversight
8549,SAFER HOLDING CORP,1875 MCCARTER HWY,0714,Newark City,07104    ,LSRP Oversight
57760,SAINTIL INC,223 SANFORD ST,0705,East Orange City,07019    ,LSRP Oversight
717094,SAINT ROSE OF LIMA CHURCH,532 538 ORANGE ST,0714,Newark City,07107    ,RAO-A (Unrestricted Use)
8926,SAL CLEANERS INC,50 GRACE ST,0709,Irvington Twp,07111    ,RAO-A (Unrestricted Use)
382768,SALEM SEVENTH DAY ADVENTIST CHURCH FORMER,229 233 235 249 HALSEY ST,0714,Newark City,07102    ,RAO-Entire Site (Restricted Use)
12888,SALERNOS AUTO SERVICE,157 HOFFMAN BLVD,0705,East Orange City,07018    ,LSRP Oversight
8494,SALZANO SERVICE CENTER,242 RAYMOND BLVD,0714,Newark City,07105    ,RAO-A (Unrestricted Use)
322778,SAMM SOUND DIST INC,1104 BLOOMFIELD AVE,0721,West Caldwell Twp,07006    ,RAO-A (Unrestricted Use)
750828,SAMPLE CATHERINE MRS DRY CLEANERS FORMER COLOCATION,12TH AVE,0714,Newark City,07107    ,Suspected
22458,SAMS AUTO REPAIR,874 BROADWAY,0714,Newark City,07101    ,Verified Unknown Source
44067,SAMS GARAGE INC,118 WATCHUNG AVE,0713,Montclair Twp,070430000,LSRP Oversight
360401,SANDY LANE NURSERY SCHOOL,634 MILL ST,0701,Belleville Twp,07109    ,LSRP Oversight
743115,SANDYS CLEANERS FORMER COLOCATION,FRANKLIN AVE,0722,West Orange Twp,07052    ,Suspected
8669,SANTELL LINEN SUPPLY INC,142 CLIFFORD ST,0714,Newark City,07105    ,RAO-A (Unrestricted Use)
374863,SANTOS LIMOUSINE TRANSPORTATION CO INC ,120 MAGAZINE ST,0714,Newark City,07105    ,RAO-A (Unrestricted Use)
22167,SARAH WARD NURSERY,27 JAY ST,0714,Newark City,07103    ,CCF Approved
22168,SARAH WARD NURSERY CORP,406 SANDFORD AVE,0714,Newark City,07103    ,CCF Approved
25766,SATURN ENGINEERING CORP,10 MAIN ST,0714,Newark City,07103    ,RAO-A (Restricted Use)
21428,SCHERING CORP,104 ORANGE ST,0702,Bloomfield Twp,07003    ,RAO-A (Restricted Use)
8550,SCHIFFENHAUS PACKAGING CORP,2013 MCCARTER HWY,0714,Newark City,07104    ,LSRP Oversight
74602,SCIENCE VENTURE INC,126 NORFOLK ST,0714,Newark City,07105    ,Known
645085,SCOTLAND ROAD & CODNER STREET GROUND WATER CONTAMINATION ,SCOTLAND RD & CODNER ST,0717,Orange City Twp,07050    ,Known
629983,SCOTLAND ROAD & JOYCE STREET GW CONTAMINATION,SCOTLAND RD & JOYCE ST,0717,Orange City Twp,07050    ,Known
53906,SDV ASSOC,71 WALNUT ST,0713,Montclair Twp,07042    ,RAO-A (Unrestricted Use)
16039,SEAGAS SERVICE STATION,349 361 RAYMOND BLVD,0714,Newark City,07105    ,LSRP Oversight
94950,SEARS ROEBUCK & CO AUTO CENTER @ LIVINGSTON MALL,112 EISENHOWER PKWY,0710,Livingston Twp,07039    ,Suspected
8909,SEGEARS AMOCO SERVICE STATION,943 STUYVESANT AVE,0709,Irvington Twp,07111    ,LSRP Oversight
646320,SEICKEL REALTY ASSOCIATES,348 362 ELIZABETH AVE,0714,Newark City,07112    ,LSRP Oversight
21396,SEIDLER CHEMICAL SUPPLY CO INC,537 RAYMOND BLVD,0714,Newark City,07105    ,RAO-A (Unrestricted Use)
695309,SEI FAIRFIELD WAREHOUSE BUILDING,10 EVANS ST,0707,Fairfield Twp,07004    ,RAO-Entire Site (Unrestricted Use)
54535,SELECT TOWING SERVICES,32 ASHLAND AVE,0722,West Orange Twp,07052    ,RAO-Entire Site (Restricted Use)
27427,SENSOR SCIENTIFIC,6 KINGSBRIDGE RD,0707,Fairfield Twp,07004    ,Suspected
8369,SERAL INC,29 BLOOMFIELD AVE,0714,Newark City,07104    ,LSRP Oversight
440505,SERVICE STATION FORMER,520 525 FERRY ST,0714,Newark City,07105    ,RAO-A (Unrestricted Use)
65598,SERVICE STATION NEWARK CITY,1037 1047 BERGEN ST,0714,Newark City,07110    ,LSRP Oversight
65599,SERVICE STATION NEWARK CITY,132 138 W KINNEY ST,0714,Newark City,07110    ,LSRP Oversight
163852,SERVICE STATION NEWARK CITY ABANDONED,438 448 MARKET ST,0714,Newark City,07105    ,LSRP Oversight
9127,SERVOMETER CORP,501 LITTLE FALLS RD,0704,Cedar Grove Twp,070090000,LSRP Oversight
14915,SETON CO LEATHER DIV,849 BROADWAY,0714,Newark City,07104    ,LSRP Oversight
8248,SEVEN OAKS VILLAGE CONDOMINIUMS,500 S CENTER ST,0717,Orange City Twp,07050    ,Suspected
468348,SHALOM COMMUNITY DAYCARE CENTER PROPOSED,636 638 BERGEN ST,0714,Newark City,07108    ,RAO-Entire Site (Unrestricted Use)
8660,SHALOM TOWERS,75 95 CLINTON AVE,0714,Newark City,07114    ,Verified Unknown Source
472312,SHAMROCK TECHNOLOGIES INC,441 447 JEFFERSON ST,0714,Newark City,071142888,LSRP Oversight
182742,SHANKS CONVERTING EQUIPMENT,39 AVE A,0714,Newark City,07114    ,Known
8250,SHELL,528 MAIN ST,0717,Orange City Twp,07050    ,RAO-A (Limited Restricted Use)
8915,SHELL MART SERVICE STATION,681 LYONS AVE,0709,Irvington Twp,07111    ,RAO-A (Unrestricted Use)
14931,SHELL OIL PRODUCTS US,909 DELANCEY ST,0714,Newark City,07105    ,LSRP Oversight
46825,SHELL SERVICE STATION,354 AVON AVE,0714,Newark City,07114    ,LSRP Oversight
9269,SHELL SERVICE STATION #138294,735 BELLEVILLE AVE,0701,Belleville Twp,07109    ,RAO-A (Unrestricted Use)
9230,SHELL SERVICE STATION #138295,156 BELLEVILLE AVE,0701,Belleville Twp,07109    ,LSRP Oversight
9104,SHELL SERVICE STATION #138337,180 CENTRAL AVE,0705,East Orange City,07018    ,RAO-A (Limited Restricted Use)
8943,SHELL SERVICE STATION #138381,1173 CLINTON AVE,0709,Irvington Twp,07111    ,LSRP Oversight
8820,SHELL SERVICE STATION #138417,1609 1619 SPRINGFIELD AVE,0711,Maplewood Twp,07040    ,LSRP Oversight
8464,SHELL SERVICE STATION #138446,526 BLOOMFIELD AVE,0714,Newark City,07101    ,RAO-A (Limited Restricted Use)
8532,SHELL SERVICE STATION #138448,972 S ORANGE AVE,0714,Newark City,07106    ,LSRP Oversight
8455,SHELL SERVICE STATION #138449,268 274 HELLER PKWY,0714,Newark City,07106    ,RAO-A (Unrestricted Use)
8541,SHELL SERVICE STATION #138450,725 735 S ORANGE AVE,0714,Newark City,07106    ,RAO-A (Limited Restricted Use)
8367,SHELL SERVICE STATION #138459,203 DARLING AVE,0716,Nutley Twp,07110    ,LSRP Oversight
8858,SHELL SERVICE STATION #45450108,527 MT PLEASANT AVE W,0710,Livingston Twp,07039    ,RAO-Entire Site (Limited Restricted Use)
8547,SHELL SERVICE STATION #58550901,1434 MCCARTER HWY,0714,Newark City,07104    ,RAO-A (Unrestricted Use)
73063,SHENANIGANS,18 LAKESIDE AVE,0722,West Orange Twp,07052    ,Inactive
766688,SHEPARD AVENUE & CENTRAL AVENUE GROUNDWATER CONTAMINATION,SHEPARD AVE & CENTRAL AVE,0705,East Orange City,07018    ,Known
360405,SHILOH RAINBOW ACADEMY INC,110 DAVENPORT AVE,0714,Newark City,07107    ,CCF Approved
360406,SHILOH RAINBOW ACADEMY INC,99 DAVENPORT AVE,0714,Newark City,07107    ,CCF Approved
360407,SHILOH RAINBOW ACADEMY INC,565 N 11TH ST,0714,Newark City,07107    ,CCF Approved
360409,SHOMREI EMUNAH PRESCHOOL,67 PARK ST,0713,Montclair Twp,07042    ,CCF Approved
52275,SHOPPING CENTER @ 510 516 VALLEY ROAD,510 516 VALLEY RD,0713,Montclair Twp,07042    ,RAO-A (Restricted Use)
30788,SHOPPING CENTER @ 727 FRELINGHUYSEN AVENUE,727 FRELINGHUYSEN AVE,0714,Newark City,07114    ,RAO-Entire Site (Limited Restricted Use)
712275,SHOPRITE OF WEST CALDWELL REPLACEMENT,900 BLOOMFIELD AVE,0721,West Caldwell Twp,07006    ,LSRP Oversight
45280,SHOPS ON MAIN SHOPPING CENTER,555 MAIN ST,0717,Orange City Twp,07050    ,LSRP Oversight
360408,SHORESH THE PRESCHOOL OF TEMPLE NER TAMID,936 BROAD ST,0702,Bloomfield Twp,07003    ,Suspected
14028,SHRI SIDDHIPRIYAY SERVICE STATION,572 RT 46,0707,Fairfield Twp,070060011,RAO-A (Unrestricted Use)
412839,SICA,66 HONISS ST,0701,Belleville Twp,07109    ,RAO-A (Unrestricted Use)
25581,SIGMA NETICS INC,1 WASHINGTON AVE,0707,Fairfield Twp,07006    ,RAO-ISRA Entire Site (Limited Restricted Use)
298221,SIGNATURE CAR COLLECTION,58 60 AVE A,0714,Newark City,07114    ,Known
53961,SILTEX INC FORMER,514 LYONS AVE,0709,Irvington Twp,071110000,RAO-Entire Site (Restricted Use)
42503,SILVER LAKE GAS & GO SERVICE STATION,190 FRANKLIN ST,0701,Belleville Twp,07109    ,Known
35289,SIMON MOTORS & MACHINE CO @ PIO COSTA IND PK,1275 BLOOMFIELD AVE,0707,Fairfield Twp,07006    ,Suspected
23222,SIMS AUTO CENTER INC,505 S LIVINGSTON AVE,0710,Livingston Twp,07039    ,RAO-Entire Site (Unrestricted Use)
8583,SIMSMETAL EAST,20 26 RICHARDS LN,0714,Newark City,07114    ,RAO-A (Limited Restricted Use)
21341,SIMS METAL MANAGEMENT,8 18 NOBLE ST,0714,Newark City,07114    ,No SRP Oversight Required
196284,SIX POINTS @ BLOOMFIED STATION,30 FARRAND ST,0702,Bloomfield Twp,07028    ,RAO-A (Restricted Use)
639408,SKIN LASER & SURGERY,89 VALLEY RD,0713,Montclair Twp,070422212,RAO-A (Unrestricted Use)
28967,SKIP GAMBERT & ASSOC,12 14 GARDEN ST,0714,Newark City,07105    ,Known
8998,SKYLINE PROPERTIES,100 RT 46,0707,Fairfield Twp,07004    ,Known
145676,SKYWAY VEHICLE,221 RAYMOND BLVD,0714,Newark City,07105    ,RAO-A (Restricted Use)
64188,SLEEPY HOLLOW CONDOMINIUMS,101 103 RIVER RD,0716,Nutley Twp,07110    ,Suspected
56446,S&L SERVICE STATION INC FORMER,59 61 WESTERN PKWY,0709,Irvington Twp,07111    ,LSRP Oversight
360412,SMART COOKIE LEARNING CENTER INC,25 EVERGREEN PL,0705,East Orange City,07018    ,Suspected
8463,S&M GULF,487 MARKET ST,0714,Newark City,07105    ,Verified Unknown Source
8146,SMILE CLEANERS,554 PASSAIC AVE,0721,West Caldwell Twp,07006    ,Suspected
618504,SMITH MARINA,103 109 RIVERSIDE AVE,0714,Newark City,07105    ,LSRP Oversight
8428,SMITTYS EXXON SERVICE STATION,101 13TH AVE,0714,Newark City,071030000,Known
542368,SNOW WHITE LAUNDROMAT,2 8 1ST AVE,0702,Bloomfield Twp,07003    ,Suspected
325579,SOLID STATE INC,44 48 FARRAND ST,0702,Bloomfield Twp,07003    ,LSRP Oversight
8637,SOLID WASTE TRANSFER & RECYCLING INC,442 470 FRELINGHUYSEN AVE,0714,Newark City,071140000,LSRP Oversight
21736,SOLOMON SCHECHTER DAY SCHOOL,122 GREGORY AVE,0722,West Orange Twp,07052    ,RAO-A (Unrestricted Use)
8950,SOLO SERVICE STATION,814 18TH AVE,0709,Irvington Twp,07111    ,LSRP Oversight
55846,SOPREMA INC,425 RAYMOND BLVD,0714,Newark City,07101    ,RAO-Entire Site (Restricted Use)
47194,S ORANGE MAPLEWOOD TWP BD OF ED COLUMBIA HIGH SCHOOL,17 PARKER AVE,0711,Maplewood Twp,07040    ,Suspected
55774,SOS CORP,219 VALLEY ST,0719,South Orange Village Twp,07079    ,RAO-A (Unrestricted Use)
483515,SOUTH 10TH STREET & ROSE TERRACE OIL SPILL,S 10TH ST & ROSE TER,0714,Newark City,07102    ,No SRP Oversight Required
73740,SOUTH 12TH STREET & 18TH AVENUE,12TH ST S & 18TH AVE,0714,Newark City,07105    ,Suspected
654496,SOUTH 12TH STREET IMPROVEMENT PROJECT,422 430 S 12TH ST,0714,Newark City,07103    ,LSRP Oversight
8905,SOUTH 21ST STREET INDUSTRIAL BUILDING,712 S 21ST ST,0709,Irvington Twp,07111    ,Suspected
46145,SOUTH 50 ESSEX,50 S ESSEX AVE,0717,Orange City Twp,07052    ,CEA Lifted
8730,SOUTHEND CITGO SERVICE STATION,397 399 ORANGE RD,0713,Montclair Twp,07042    ,LSRP Oversight
84920,SOUTH HARRISON STREET & MARTIN LUTHER KING BOULEVARD,S HARRISON ST & MARTIN LUTHER KING BLVD,0705,East Orange City,07019    ,Suspected
749928,SOUTH LIVINGSTON AVENUE & EAST HOBART GAP ROAD GROUNDWATER CONTAMINATION,S LIVINGSTON AVE & E HOBART GAP RD,0710,Livingston Twp,07039    ,Known
652119,SOUTH MOUNTAIN ROAD & MILLBURN AVENUE GW CONTAMINATION,S MOUNTAIN RD & MILLBURN AVE,0712,Millburn Twp,07041    ,Known
229768,SOUTH MOUNTAIN YMCA CHILD CARE CENTER,10 PARKER AVE W,0711,Maplewood Twp,07041    ,CCF Approved
617572,SOUTH ORANGE AVENUE & BOYLAN STREET GW CONTAMINATION,S ORANGE AVE & BOYLAN ST,0714,Newark City,07018    ,Known
485753,SOUTH ORANGE AVENUE & TRENCHARD PLACE,S ORANGE AVE & TRENCHARD PL,0719,South Orange Village Twp,07079    ,Known
65902,SOUTH ORANGE COMMUTER PARKING LOT,W SOUTH ORANGE AVE & CHURCH ST,0719,South Orange Village Twp,07079    ,LSRP Oversight
191969,SOUTH ORANGE CONSTRUCTION,13 4TH ST,0719,South Orange Village Twp,07079    ,RAO-A (Restricted Use)
8203,SOUTH ORANGE EXXON SERVICE STATION,68 S ORANGE AVE,0719,South Orange Village Twp,07079    ,LSRP Oversight
47189,SOUTH ORANGE MAPLEWOOD TWP BD OF ED ADMIN BUILDING,525 ACADEMY ST,0711,Maplewood Twp,07040    ,Suspected
47190,SOUTH ORANGE MAPLEWOOD TWP BD OF ED MAINTENANCE BUILDING,23 PARKER AVE W,0711,Maplewood Twp,07079    ,LSRP Oversight
42671,SOUTH ORANGE TIRES,378 S ORANGE AVE,0714,Newark City,07104    ,LSRP Oversight
360366,SOUTH ORANGE VAILSBURG UMC,150 S ORANGE AVE,0719,South Orange Village Twp,07079    ,LSRP Oversight
92777,SOUTH ORANGE VILLAGE MARKET SQUARE,9 21 25 VOSE AVE ,0719,South Orange Village Twp,07079    ,Known
469248,SOUTH ORANGE VILLAGE TWP,210 MEAD ST,0719,South Orange Village Twp,07079    ,LSRP Oversight
607693,SOUTH ORANGE VILLAGE TWP BRENTWOOD DRIVE,676 BRENTWOOD DR,0719,South Orange Village Twp,07079    ,LSRP Oversight
8193,SOUTH ORANGE VILLAGE TWP DPW,300 WALTON AVE,0719,South Orange Village Twp,07079    ,LSRP Oversight
49458,SOUTH ORANGE VILLAGE TWP FIREHOUSE PUMP STATION,31 CREST DR,0719,South Orange Village Twp,07079    ,LSRP Oversight
47099,SOUTH ORANGE VILLAGE TWP POLICE DEPT,201 S ORANGE AVE,0719,South Orange Village Twp,07079    ,LSRP Oversight
64116,SOUTH ORANGE VILLAGE WELLFIELD CONTAM WELLS 1,VARIOUS LOCATIONS,0719,South Orange Village Twp,07079    ,Known
390221,SOUTH STREET & ADAMS STREET,SOUTH ST & ADAMS ST,0714,Newark City,07105    ,Suspected
598812,SOUTH WARD COMMUNITY CENTER,502 504 CLINTON AVE,0714,Newark City,07101    ,LSRP Oversight
74320,SOUTH WARD INDUSTRIAL PARK,802 814 BERGEN ST,0714,Newark City,07105    ,LSRP Oversight
760325,SOUTH WARD WELLNESS CENTER PROPOSED,479 485 CLINTON AVE,0714,Newark City,07108    ,LSRP Oversight
8620,SPARTECH,297 FERRY ST,0714,Newark City,071053443,RAO-ISRA Entire Site (Restricted Use)
20483,SPECIALTY DISPERSION CO INC,14 RAY PL,0707,Fairfield Twp,070043002,RAO-Entire Site (Restricted Use)
85058,SPECTRUM PRESS INC,1 NAYLON PL,0710,Livingston Twp,07039    ,RAO-ISRA Leasehold (Unrestricted Use)
8220,SPEEDWAY SERVICE STATION #03435,61 67 CENTRAL AVE,0717,Orange City Twp,07050    ,LSRP Oversight
8988,SPEEDWAY SERVICE STATION #03470,90 RT 46,0707,Fairfield Twp,07006    ,RAO-A (Unrestricted Use)
9098,SPEEDWAY SERVICE STATION #03480,16 20 CENTRAL AVE,0705,East Orange City,07019    ,LSRP Oversight
8911,SPEEDWAY SERVICE STATION #03485,895 SPRINGFIELD AVE,0709,Irvington Twp,07111    ,LSRP Oversight
8612,SPEEDWAY SERVICE STATION #03489,273 ELIZABETH AVE,0714,Newark City,07105    ,RAO-A (Limited Restricted Use)
8560,SPEEDWAY SERVICE STATION #03492,645 MCCARTER HWY,0714,Newark City,071024709,RAO-A (Unrestricted Use)
177828,SPEEDY LUBE,327 CENTRAL AVE,0705,East Orange City,07018    ,RAO-A (Unrestricted Use)
743377,SPLASH N IMAGINATIONS LEARNING CENTER,82 RUTGERS ST,0701,Belleville Twp,07109    ,RAO-Child Care Facility (Unrestricted Use)
597814,SPRINGFIELD AVENUE & GROVE STREET GROUND WATER CONT,SPRINGFIELD AVE & GROVE ST ,0709,Irvington Twp,07111    ,Known
603444,SPRINGFIELD AVENUE & LAKE STREET GW CONTAMINATION,SPRINGFIELD AVE & LAKE ST ,0709,Irvington Twp,07111    ,Known
695562,SPRINGFIELD AVENUE & YALE STREET GROUND WATER CONTAMINATION,SPRINGFIELD AVE & YALE ST,0711,Maplewood Twp,07040    ,Known
408705,SPRINGFIELD COMMON NEWARK PRESCHOOL PROPOSED,302 310 16TH AVE,0714,Newark City,07103    ,CCF Approved
42630,SPRINGFIELD TIRE CENTER,622 SPRINGFIELD AVE,0714,Newark City,07103    ,LSRP Oversight
621192,SPRING STREET COMMONS URBAN RENEWAL,73 87 CLAY ST,0714,Newark City,07104    ,RAO-A (Restricted Use)
445558,SPRINKLES CHILDCARE PROPOSED,122 ORATION PKWY,0705,East Orange City,07018    ,Withdrawn
203838,SPRUCE GARDENS HOUSING,83 139 BARCLAY ST,0714,Newark City,07103    ,Known
54339,SQUARE INDUSTRIES,362 384 CARNEGIE AVE,0714,Newark City,07109    ,Known
63700,STACOR DIV FORMER,78 84 AVE C,0714,Newark City,07114    ,Known
55512,STADIUM AUTO CENTER INC,424 432 BLOOMFIELD AVE,0714,Newark City,07199    ,LSRP Oversight
8501,STANDARD EMBOSSING PLATE MFG CO INC,129 PULASKI ST,0714,Newark City,07105    ,LSRP Oversight
63654,STANDARD OPTICAL MFG CO,42 OKNER PKWY,0710,Livingston Twp,07039    ,Known
57903,ST ANTHONYS CHURCH,27 FRANKLIN ST,0701,Belleville Twp,07109    ,RAO-A (Unrestricted Use)
8673,STAR FINISHING INC,470 484 RAYMOND BLVD,0714,Newark City,07105    ,LSRP Oversight
55245,STARLINE OPTICAL MFG CORP,2 GARDNER RD,0707,Fairfield Twp,07006    ,RAO-Entire Site (Unrestricted Use)
376744,STARS OF THE FUTURE CHILD CARE CENTER,163 167 N PARK ST,0705,East Orange City,07017    ,CCF Approved
43396,STATE HOTEL SUPPLY CO INC FORMER,138 156 NORFOLK ST,0714,Newark City,071030000,CEA Established (Limited Restricted Use)
657499,STATION @ EAST ORANGE,82 122 N WALNUT ST,0705,East Orange City,07017    ,LSRP Oversight
54897,ST AUGUSTINE CHURCH,170 SUSSEX AVE,0714,Newark City,07103    ,RAO-A (Unrestricted Use)
8101,ST BARNABAS MEDICAL CENTER OUTPATIENT,101 OLD SHORT HILLS RD,0722,West Orange Twp,07052    ,RAO-A (Unrestricted Use)
52897,ST CASIMIRS PARISH,164 NICHOLS ST,0714,Newark City,07105    ,LSRP Oversight
420963,ST COLUMBA CHURCH,17 27 THOMAS ST,0714,Newark City,07114    ,Known
14903,STEEL CRAFT FLUORESCENT CO,191 MURRAY ST FORMER,0714,Newark City,07114    ,RAO-ISRA Entire Site (Limited Restricted Use)
65224,STEWART BALL,108 WASHINGTON ST,0714,Newark City,07114    ,Suspected
56834,ST FRANCIS HOME INC,44 GEORGE ST,0714,Newark City,07101    ,LSRP Oversight
8606,STIRRUP METAL PRODUCTS CORP,215 EMMET ST,0714,Newark City,07101    ,Suspected
360414,ST JAMES AME INTERGENERATIONAL AFTER SCHOOL PROGRAM,588 MARTIN LUTHER KING BLVD,0714,Newark City,07102    ,CCF Approved
8577,ST JAMES CAMPUS OF ST MICHAEL MEDICAL CENTER,155 JEFFERSON ST,0714,Newark City,07105    ,LSRP Oversight
57761,ST JAMES CHURCH,143 MADISON ST,0714,Newark City,07101    ,LSRP Oversight
229119,ST JAMES PRESCHOOL PROGRAM,581 VALLEY RD,0713,Montclair Twp,07043    ,Suspected
179393,ST JOHNS UKRAINIAN CHURCH,731 741 SANFORD AVE,0714,Newark City,07106    ,RAO-A (Unrestricted Use)
179395,ST JOHNS UKRAINIAN CHURCH,758 772 SANFORD AVE,0714,Newark City,07106    ,Suspected
607359,ST JOSEPH ELEMENTARY SCHOOL DAYCARE,115 TELFORD ST,0705,East Orange City,07018    ,LSRP Oversight
360392,ST JOSEPHS DAY CARE CENTER,187 W MARKET ST,0714,Newark City,07103    ,Suspected
52955,ST JOSEPHS SCHOOL,767 PROSPECT ST,0711,Maplewood Twp,07040    ,LSRP Oversight
360393,ST JUSTINE NURSERY INC,119 CLIFFORD ST,0714,Newark City,00       ,Suspected
9146,STK AUTOMOTIVE INC,554 BLOOMFIELD AVE,0703,Caldwell Boro,07021    ,LSRP Oversight
54860,ST LEO CHURCH,93 129 MYRTLE AVE,0709,Irvington Twp,07111    ,RAO-A (Unrestricted Use)
360394,ST LUCYS HEAD START I & II,106 7TH AVE,0714,Newark City,07104    ,CCF Approved
360399,ST LUKE HEAD START,146 CLINTON AVE,0714,Newark City,07114    ,CCF Approved
595271,ST LUKES EPISCOPAL CHURCH,75 S FULLERTON AVE,0713,Montclair Twp,07042    ,UST Fund Application Under Review
52902,ST MARYS CHURCH,17 MONSIGNOR OWENS PL,0716,Nutley Twp,07110    ,RAO-A (Unrestricted Use)
14919,ST MICHAELS MEDICAL CENTER,111 CENTRAL AVE,0714,Newark City,07102    ,LSRP Oversight
53326,ST MICHAELS SCHOOL,27 CRITTENDEN ST,0714,Newark City,07104    ,LSRP Oversight
9342,STORAGE RENTALS OF AMERICA,25 MAIN ST,0701,Belleville Twp,07109    ,Known
377153,STORY HALL DAYCARE CENTER PROPOSED,158 CHESTNUT ST,0714,Newark City,07105    ,CCF Approved
360397,ST PAULS CENTENARY UNITED METHODIST DAY CARE,739 MT PROSPECT AVE,0714,Newark City,07104    ,CCF Approved
56905,ST PAULS CONGREGATIONAL CHURCH,10 ST PAULS PL,0716,Nutley Twp,07110    ,RAO-Child Care Facility (Unrestricted Use)
200813,ST PETERS EPISCOPAL CHURCH,271 ROSELAND AVE,0706,Essex Fells Boro,07021    ,Suspected
57797,ST PHILOMENA CHURCH,396 S LIVINGSTON AVE,0710,Livingston Twp,07039    ,RAO-A (Unrestricted Use)
53016,ST RAPHAEL RC CHURCH,346 MT PLEASANT AVE,0710,Livingston Twp,07039    ,RAO-A (Unrestricted Use)
360415,STRAWBERRY HILL PRE SCHOOL,94 E MT PLEASANT AVE,0710,Livingston Twp,07039    ,CCF Approved
8775,STRIP MALL @ 199 BELLEVUE AVENUE,199 BELLEVUE AVE,0713,Montclair Twp,07043    ,LSRP Oversight
53794,STRUBLE AIR CONDITIONING,321 FAIRFIELD RD,0707,Fairfield Twp,07006    ,RAO-A (Unrestricted Use)
437972,ST STEPHANS CHURCH,213 215 FERRY ST,0714,Newark City,07105    ,RAO-A (Restricted Use)
148535,STS TIRE & AUTO CENTERS,640 PASSAIC AVE,0721,West Caldwell Twp,07006    ,RAO-A (Unrestricted Use)
360396,ST THOMAS HEAD START,34 LUDLOW ST,0714,Newark City,07114    ,Suspected
360417,STUYVESANT AVENUE HEAD START,63 STUYVESANT AVE,0714,Newark City,07106    ,RAO-Entire Site (Unrestricted Use)
413043,ST VALENTINES PRESCHOOL,230 236 HOOVER AVE,0702,Bloomfield Twp,07003    ,CCF Approved
54158,ST VINCENT ACADEMY,226 270 W MARKET ST,0714,Newark City,07103    ,RAO-A (Unrestricted Use)
22134,ST VINCENTS NURSING HOME,45 ELM ST,0713,Montclair Twp,07042    ,No SRP Oversight Required
488010,STYPS TRUCKING ,144 PAKE ST,0716,Nutley Twp,07110    ,RAO-A (Unrestricted Use)
8829,SUBURBAN CLEANERS LAUNDRY,763 IRVINGTON AVE,0711,Maplewood Twp,07040    ,LSRP Oversight
148955,SUMMER PLACE,29 39 SUMMER PL,0714,Newark City,07104    ,LSRP Oversight
378116,SUMMIT MEDICAL GROUP,161 MILLBURN AVE,0712,Millburn Twp,07041    ,LSRP Oversight
167429,SUMO VILLAGE COURT,1 101 SUMO VILLAGE CT,0714,Newark City,07114    ,LSRP Oversight
14240,SUNOCO INC NEWARK TERMINAL #000-9233,436 DOREMUS AVE,0714,Newark City,07102    ,LSRP Oversight
8137,SUNOCO RETAIL,599 PASSAIC AVE,0721,West Caldwell Twp,07006    ,RAO-A (Unrestricted Use)
8171,SUNOCO RETAIL,195 POMPTON AVE,0720,Verona Twp,07044    ,LSRP Oversight
8804,SUNOCO RETAIL,500 MILLBURN AVE,0712,Millburn Twp,07078    ,RAO-A (Limited Restricted Use)
9224,SUNOCO RETAIL,72 BLOOMFIELD AVE,0702,Bloomfield Twp,07003    ,LSRP Oversight
47984,SUNOCO SERVICE STATION #00068874,421 LYONS AVE,0714,Newark City,07112    ,RAO-A (Limited Restricted Use)
47696,SUNOCO SERVICE STATION #0006 9096,1712 SPRINGFIELD AVE,0711,Maplewood Twp,07040    ,LSRP Oversight
8558,SUNOCO SERVICE STATION #00069518,615 MCCARTER HWY,0714,Newark City,07102    ,RAO-A (Unrestricted Use)
47991,SUNOCO SERVICE STATION #00069922,18TH AVE & MUNN AVE,0709,Irvington Twp,07111    ,LSRP Oversight
8790,SUNOCO SERVICE STATION #00140509,175 MAIN ST ,0712,Millburn Twp,07041    ,RAO-A (Limited Restricted Use)
8262,SUN PETROLEUM SERVICE STATION,577 WASHINGTON AVE,0716,Nutley Twp,071100000,RAO-A (Unrestricted Use)
387391,SUNRISE DEVELOPMENT INC,577 MT PLEASANT AVE,0722,West Orange Twp,07052    ,RAO-Entire Site (Unrestricted Use)
360420,SUNSET CHRISTIAN ACADEMY,890 S ORANGE AVE,0714,Newark City,07106    ,CCF Approved
30819,SUNSHINE BISCUITS INC,16 MICROLAB RD,0710,Livingston Twp,07039    ,RAO-A (Unrestricted Use)
360421,SUNSHINE DAY CARE,322 WASHINGTON AVE,0701,Belleville Twp,07109    ,CCF Approved
229147,SUNSHINE DAY CARE #2,324 WASHINGTON AVE,0701,Belleville Twp,07109    ,Suspected
229151,SUNSHINE DAY CARE #3,326 WASHINGTON AVE,0701,Belleville Twp,07109    ,CCF Approved
360422,SUNSHINE DAY CARE #4,384 WASHINGTON AVE,0701,Belleville Twp,07009    ,Suspected
459799,SUNSHINE DAY CARE #5,548 UNION AVE,0701,Belleville Twp,07109    ,CCF Approved
385108,SUNSHINE DAY CARE #6 PROPOSED,544 546 UNION AVE,0701,Belleville Twp,07109    ,CCF Approved
360424,SUNSHINE DAY CARE CENTER II,286 S 7TH ST,0714,Newark City,07103    ,CCF Approved
360423,SUNSHINE DAY CARE CENTER INC,14 WILLIAM ST,0714,Newark City,07102    ,CCF Approved
382124,SUNSHINE DAY CARE CENTER PROPOSED,320 324 CLINTON PL,0714,Newark City,07109    ,No SRP Oversight Required
382531,SUN VALLEY SERVICES INC,170 FAIRFIELD RD,0707,Fairfield Twp,07004    ,RAO-A (Unrestricted Use)
314904,SUPERFRESH & SILVERLAKE @ BELMONT AVENUE,81 127 BELMONT AVE,0701,Belleville Twp,07109    ,RAO-Entire Site (Restricted Use)
762671,SUPERIOR PRINTING INK CO INC,10 YORK AVE,0721,West Caldwell Twp,07006    ,RAO-ISRA Leasehold (Unrestricted Use)
42025,SUPER VALUE SERVICE STATION,1107 1117 STUYVESANT AVE,0709,Irvington Twp,07111    ,LSRP Oversight
23554,SUPREME INK CO,65 MCWHORTER ST,0714,Newark City,07105    ,RAO-ISRA Entire Site (Restricted Use)
8650,SUPREME LINEN SUPPLY CO INC,120 134 DELANCY ST,0714,Newark City,07105    ,RAO-A (Unrestricted Use)
14242,SUPREME REALCO INC,541 FOREST ST,0717,Orange City Twp,07050    ,Verified Unknown Source
607986,SUSSEX AVENUE WAREHOUSE FACILITY,11 41 SUSSEX AVE,0705,East Orange City,07018    ,LSRP Oversight
748367,SUSSEX AVENUE & WELLINGTON WAY GROUNDWATER CONTAMINATION,SUSSEX AVE & WELLINGTON WAY,0714,Newark City,07103    ,Known
121260,SUSSEX MALL,12 60 SUSSEX AVE,0705,East Orange City,07018    ,LSRP Oversight
533719,SW BROWN HOME FOR FUNERALS,267 CENTER ST ,0716,Nutley Twp,07110    ,Verified Unknown Source
29024,SYBRON CHEMICALS INC @ FEDERAL BUSINESS CENTERS STORAGE WAREHOUSE,320 ELIZABETH AVE,0714,Newark City,07108    ,No SRP Oversight Required
8625,SYED 2 INC SERVICE STATION,865 FRANKLIN AVE,0714,Newark City,07107    ,RAO-A (Unrestricted Use)
76356,SYNFAX MFG CO INC,441 AVE P,0714,Newark City,07105    ,LSRP Oversight
742937,TAFT STORES INC FORMER COLOCATION,FREEMAN ST,0722,West Orange Twp,07052    ,Suspected
376745,TALIB ACADEMY,405 409 MYRTLE AVE,0709,Irvington Twp,07111    ,Suspected
84575,TARNEY EXCAVATING,51 OAKWOOD AVE,0710,Livingston Twp,07039    ,Completed-Area of Concern Limited Restricted Use
742942,TASHJIAN JOHN FORMER COLOCATION,S 6TH ST,0714,Newark City,07103    ,Suspected
35499,TAXOLOG INC,10 INDUSTRIAL RD,0707,Fairfield Twp,07004    ,RAO-ISRA Entire Site (Unrestricted Use)
561037,TBG MONTICELLO,8 MONTICELLO AVE,0714,Newark City,07104    ,Verified Unknown Source
727406,TEACHERS VILLAGE BUILDING @ 229 233 HALSEY STREET,229 233 HALSEY ST,0714,Newark City,07102    ,RAO-A (Unrestricted Use)
506578,TEACHERS VILLAGE PROJECT B,35 41 TREAT PL,0714,Newark City,07102    ,RAO-A (Restricted Use)
14210,TECHNICAL COATINGS CO,57 E CENTRE ST,0716,Nutley Twp,07110    ,LSRP Oversight
8231,T&E INDUSTRIES INC,215 WATCHUNG AVE,0717,Orange City Twp,07050    ,Known
8611,TEJA MGT INC SUNOCO GAS STATION,242 ELIZABETH AVE,0714,Newark City,07108    ,LSRP Oversight
57874,TEMPLE BETH SHALOM,193 MT PLEASANT AVE,0710,Livingston Twp,07039    ,Suspected
35427,TEMPLE SHAREY TEFILO ISRAEL,432 SCOTLAND RD,0719,South Orange Village Twp,07079    ,LSRP Oversight
360427,TEMPLE SHOLOM & EARLY CHILDHOOD CENTER,760 POMPTON AVE,0704,Cedar Grove Twp,07009    ,CCF Approved
14934,TENAX FINISHING PRODUCTS CO,390 ADAMS ST,0714,Newark City,071140000,LSRP Oversight
8390,TERMINAL A @ NEWARK LIBERTY INTNL AIRPORT,TERMINAL A,0714,Newark City,07114    ,Known
8350,TERMINAL C @ NEWARK LIBERTY INTNL AIRPORT,TERMINAL C,0714,Newark City,07114    ,RAO-A (Unrestricted Use)
751380,TERRELL HOMES SENIOR HOUSING,91 97 CHAPEL ST,0714,Newark City,07105    ,LSRP Oversight
667044,TERRY LOFTS,91 TERRY ST,0701,Belleville Twp,07109    ,LSRP Oversight
9016,TEVA PHARMACEUTICALS USA INC,8 10 GLORIA LN,0707,Fairfield Twp,07006    ,RAO-A (Unrestricted Use)
9115,TEXACO SERVICE STATION #100123,666 POMPTON AVE,0704,Cedar Grove Twp,07009    ,LSRP Oversight
8856,TEXACO SERVICE STATION #100174,56 MT PLEASANT AVE W,0710,Livingston Twp,07043    ,LSRP Oversight
63883,T FIORE DEMOLITION,152 RUTHERFORD ST,0714,Newark City,07199    ,No SRP Oversight Required
453961,TGP HOLDINGS CORP,306 MILLER ST,0714,Newark City,07114    ,LSRP Oversight
472464,TGP HOLDINGS CORP,309 MILLER ST,0714,Newark City,07114    ,LSRP Oversight
376701,THE ACADEMY STREET FIREHOUSE,75 77 ACADEMY ST,0714,Newark City,07102    ,CCF Approved
360190,THE BLESSED DAY CARE CENTER,1033 CHANCELLOR AVE,0711,Maplewood Twp,07040    ,CCF Approved
360198,THE CENTRE INC,23 ELIZABETH AVE,0714,Newark City,07108    ,Suspected
360202,THE CHILD CARE CENTER @ NEWARK BETH ISRAEL MEDICAL CENTER,176 LYONS AVE,0714,Newark City,07112    ,Known
360200,THE CHILDRENS HOUSE INC,26 MONTROSE AVE,0720,Verona Twp,07044    ,CCF Approved
360208,THE CLENDINNING NURSERY SCHOOL INC,126 HIGH ST,0716,Nutley Twp,07110    ,CCF Approved
219072,THE CLUBHOUSE ATHLETIC & CREATIVE ARTS CENTER,205 SPRUCE ST,0714,Newark City,07103    ,LSRP Oversight
360215,THE COMMUNITY SCHOOL IN NUTLEY INC,200 HIGHFIELD LN,0716,Nutley Twp,07110    ,CCF Approved
357392,THE COMMUNITY SCHOOL OF NUTLEY INC,100 VINCENT PL,0716,Nutley Twp,07110    ,CCF Approved
360234,THE EARLY CHILDHOOD CENTER @ TEMPLE EMANUEL,264 W NORTHFIELD RD,0710,Livingston Twp,07039    ,CCF Approved
360238,THE EAST ORANGE YOUTH CULTURAL COMPLEX,26 WASHINGTON ST,0705,East Orange City,07017    ,CCF Approved
117817,THE HELEN & BILL GEYER YMCA FAMILY CENTER,159 GLENRIDGE AVE,0713,Montclair Twp,07042    ,Suspected
360276,THE HOLINESS PENTECOSTAL DAY CARE CENTER,22 HALLECK ST,0714,Newark City,07104    ,CCF Approved
457557,THE LANTANA URBAN RENEWAL ,109 119 BROAD ST,0714,Newark City,07104    ,RAO-A (Unrestricted Use)
360303,THE LEAGUERS INC PRESCHOOL LEARNING ACADEMY,826 S 10TH ST,0714,Newark City,07108    ,CCF Approved
360305,THE LEAGUERS INC PRESCHOOL LEARNING ACADEMY,731 CLINTON AVE,0714,Newark City,07108    ,RAO-Entire Site (Unrestricted Use)
360306,THE LEAGUERS INC PRESCHOOL LEARNING ACADEMY,10 MARSHALL ST,0709,Irvington Twp,07111    ,Suspected
360307,THE LEAGUERS INC PRESCHOOL LEARNING ACADEMY,314 HOBSON ST,0714,Newark City,07112    ,CCF Approved
360309,THE LEAGUERS INC PRESCHOOL LEARNING ACADEMY,24 GRANT ST,0714,Newark City,07104    ,CCF Approved
360310,THE LEAGUERS INC PRESCHOOL LEARNING ACADEMY,337 341 AVON AVE,0714,Newark City,07108    ,CCF Approved
360304,THE LEAGUERS INC PRESCHOOL LEARNING ACADMEY,750 CLINTON AVE,0714,Newark City,07108    ,CCF Approved
360308,THE LEARNING SAFARI,24 LITTLE FALLS RD,0707,Fairfield Twp,07004    ,CCF Approved
431460,THE LIFE CHRISTIAN CHURCH,747 NORTHFIELD AVE,0722,West Orange Twp,07052    ,RAO-A (Unrestricted Use)
360315,THE LITTLE ENGINES LEARNING STATION CORP,133 PARK AVE,0705,East Orange City,07017    ,CCF Approved
378500,THE LITTLE KINGDOM ,378 FRANKLIN AVE,0716,Nutley Twp,07110    ,CCF Approved
228860,THE LITTLE PREP ACADEMY,9 11 WARD ST,0702,Bloomfield Twp,07003    ,LSRP Oversight
181519,THE NEW HOPE BAPTIST CHURCH,111 119 SUSSEX AVE,0714,Newark City,07103    ,LSRP Oversight
360362,THE NORTH WARD CHILD DEVELOPMENT CENTER,475 MT PROSPECT AVE,0714,Newark City,07104    ,CCF Approved
360365,THE NURSERY SCHOOL @ CHRIST CHURCH,74 PARK AVE,0708,Glen Ridge Boro,07028    ,Suspected
360370,THE ORCHARD SCHOOL,360 PASSAIC AVE,0721,West Caldwell Twp,07006    ,Sampling Canceled
360374,THE PAMPERED CHILD INC,182 EAGLE ROCK AVE,0718,Roseland Boro,07068    ,CCF Approved
443702,THE PENTECOSTAL FAMILY PRAYER CENTER,156 CUSTER AVE,0714,Newark City,07112    ,UST Fund Application Closed 
567938,THE RESIDENCES @ SYMPHONY HALL,395 407 HALSEY ST,0714,Newark City,07102    ,Suspected
360390,THE ROBINS NEST 2 INC,19 CHURCH ST,0720,Verona Twp,07044    ,CCF Approved
452512,THE SALVATION ARMY CORPS CHILDCARE ,430 MARTIN LUTHER KING BLVD,0705,East Orange City,07017    ,RAO-Entire Site (Unrestricted Use)
376742,THE SALVATION ARMY IRONBOUND BOYS & GIRLS CLUB,11 PROVIDENCE ST,0714,Newark City,07105    ,CCF Approved
376741,THE SALVATION ARMY @ NEWARK WESTSIDE COMMUNITY CHURCH,699 SPRINGFIELD AVE,0714,Newark City,07103    ,CCF Approved
67465,THE SCHILLAT FARRELL PRESS FORMER,10 BEACON ST,0714,Newark City,07103    ,Known
53446,THE STATION @ EAST ORANGE,384 WILLIAM ST,0705,East Orange City,07042    ,LSRP Oversight
52676,THE TIME DEVELOPMENT PROPERTY,773 779 18TH AVE,0709,Irvington Twp,07111    ,LSRP Oversight
502117,THE UNIVERSAL CHURCH,56 62 ST FRANCIS ST,0714,Newark City,07105    ,LSRP Oversight
50074,THEURER INC,225 259 PARKHURST ST,0714,Newark City,07114    ,Known
56650,THEURER INC,303 SOUTH ST,0714,Newark City,08830    ,LSRP Oversight
490683,THIRD & VALLEY REDEVELOPMENT,165 VALLEY ST,0719,South Orange Village Twp,070795582,RAO-A (Unrestricted Use)
33117,THOMAS EDISON COMMERCE CENTER,177 MAIN ST,0722,West Orange Twp,07052    ,LSRP Oversight
21040,THOMAS POPOLA & SONS INC,68 92 DELANCEY ST,0714,Newark City,07114    ,Verified Unknown Source
8234,THOMSON OKUN INC,684 SCOTLAND RD,0717,Orange City Twp,07050    ,RAO-A (Unrestricted Use)
742960,THRIFTY CLEANERS FORMER COLOCATION,FLEMING AVE,0714,Newark City,07105    ,Suspected
431322,TICHENOR PARK,2 24 TICHENOR LN,0714,Newark City,07714    ,RAO-A (Restricted Use)
20911,TIDEWATER BALING CORP,2 70 MCGREGOR AVE,0714,Newark City,07105    ,Known
8997,TIGER RUN INC SERVICE STATION,384 PASSAIC AVE,0707,Fairfield Twp,07006    ,RAO-A (Limited Restricted Use)
20884,TIMCO INC,666 S 16TH ST,0714,Newark City,07103    ,LSRP Oversight
229229,TINY BLESSINGS,217 BLOOMFIELD AVE,0702,Bloomfield Twp,07003    ,CCF Approved
360432,TINY BLESSINGS 2,369 BERKELEY AVE,0702,Bloomfield Twp,07003    ,Suspected
360433,TINY LOVE DAY CARE,10 WASHINGTON AVE,0709,Irvington Twp,07111    ,Suspected
360429,TINY TOTS HAVEN DAY CARE CENTER,270 REYNOLDS TER,0717,Orange City Twp,07050    ,Suspected
104181,TINY TREASURES CHILD CARE ADDITION & PARKING IMPROVEMENTS,356 HORSENECK RD,0707,Fairfield Twp,07006    ,Suspected
360431,TINY TREASURES EXTENDED SCHOOL DAY PROGRAM,20 KNOLL RD,0707,Fairfield Twp,07004    ,CCF Approved
63607,T&J CORP SLF,70 PORT ST,0714,Newark City,07118    ,Suspected
42765,T&J GULF SERVICE STATION,272 HILLSIDE AVE,0714,Newark City,07112    ,LSRP Oversight
660744,TLE @ BLOOMFIELD,1041 BROAD ST,0702,Bloomfield Twp,07003    ,LSRP Oversight
8652,TNT RED STAR EXPRESS LINES INC NEWARK TERMINAL,400 DELANCY ST,0714,Newark City,07105    ,LSRP Oversight
58010,TOMARK SHOPPING CART & STORE TRUCK REPAIR WAR,60 66 S ESSEX AVE,0717,Orange City Twp,07051    ,RAO-A (Unrestricted Use)
8323,TOMPKINS POINT INDUSTRIAL PARK,37 45 TOMPKINS POINT RD ,0714,Newark City,07114    ,RAO-A (Restricted Use)
723599,TOMPKINS STREET APARTMENTS,25 TOMPKINS ST,0722,West Orange Twp,07052    ,RAO-Entire Site (Restricted Use)
444833,TOMPKINS STREET WASTE OIL DUMPING,TOMPKINS ST,0717,Orange City Twp,07050    ,No SRP Oversight Required
31934,TOMS SUNOCO SERVICE STATION INC,305 ORANGE AVE,0709,Irvington Twp,07111    ,LSRP Oversight
567898,TOM TOM REALTY ,38 40 OLD SHORT HILLS RD,0710,Livingston Twp,07039    ,RAO-Entire Site (Unrestricted Use)
63803,TONY PALLET INC,1195 MCCARTER HWY,0714,Newark City,07101    ,Suspected
91882,TONY PALLET INC,338 WILSON AVE,0714,Newark City,07105    ,LSRP Oversight
8269,TONYS AUTO BODY,124 126 WASHINGTON AVE,0716,Nutley Twp,07110    ,RAO-A (Unrestricted Use)
13037,TONYS SERVICENTER,267 271 16TH AVE,0714,Newark City,071030000,RAO-A (Unrestricted Use)
22729,TOOMEYS GARAGE,98 104 BAKER ST,0711,Maplewood Twp,07040    ,RAO-A (Unrestricted Use)
46401,TOPS EXXON SERVICE STATION #30980,456 IRVINGTON AVE,0719,South Orange Village Twp,07079    ,RAO-A (Unrestricted Use)
158199,TORTILLERIA CHINANTLA INC,827 N 6TH ST,0714,Newark City,07107    ,RAO-Entire Site (Unrestricted Use)
664900,TOSABS DEVELOPMENT CENTER,461 SPRINGFIELD AVE,0714,Newark City,07103    ,RAO-Child Care Facility (Unrestricted Use)
435143,TOTRI CHILD CARE,465 VALLEY ST,0719,South Orange Village Twp,07079    ,Suspected
64701,TOWN HOUSE CAFE,338 BROAD ST,0702,Bloomfield Twp,07003    ,Suspected
52493,TOYS 4 ALL INC,1301 1317 SPRINGFIELD AVE,0709,Irvington Twp,07111    ,No SRP Oversight Required
61924,TOZZI CLEANERS,100 CENTRE ST,0716,Nutley Twp,07110    ,Verified Unknown Source
57171,TPC METALS INC,796 FRELINGHUYSEN AVE,0714,Newark City,07114    ,LSRP Oversight
221828,TRAAMCO INC,1045 BLOOMFIELD AVE,0721,West Caldwell Twp,07006    ,LSRP Oversight
570119,TRAIN DERAILMENT & SOIL SPILL,271 HILLSIDE AVE,0716,Nutley Twp,07110    ,RAO-A (Unrestricted Use)
65521,TRANSCONTINENTAL GAS PIPELINE CORP,80 PARK PL,0714,Newark City,07100    ,Suspected
94959,TRANSCONTINENTAL GAS PIPELINE  CORP ESSEX PASSIC M&R STATION,155 RAYMOND BLVD,0714,Newark City,07105    ,RAO-A (Unrestricted Use)
105417,TRANSCONTINENTAL GAS PIPELINE CORP VALVE 200A 100,CORBIN ST,0714,Newark City,07107    ,RAO-A (Unrestricted Use)
99115,TRANSCONTINENTAL GAS PIPELINE CORP VALVE J 356,173 185 AVE I,0714,Newark City,07107    ,RAO-A (Unrestricted Use)
464953,TRANSCONTINENTAL GAS PIPELINE PASSAIC R1R3 VALVE,RAYMOND BLVD,0714,Newark City,07105    ,RAO-A (Unrestricted Use)
464630,TRANSCONTINENTAL GAS PIPELINE ROSELAND M&R,EAGLE ROCK AVE,0718,Roseland Boro,07068    ,RAO-A (Unrestricted Use)
54465,TRANSCONTINENTAL GAS STORAGE FACILITY,563 EAGLE ROCK AVE,0718,Roseland Boro,07068    ,RAO-Entire Site (Unrestricted Use)
715363,TRANSCONTINENTAL STEEL FACILITY,256 PACIFIC ST,0714,Newark City,07114    ,LSRP Oversight
534386,TRANSERVICE TRAILER LEASING ,317 329 DOREMUS AVE ,0714,Newark City,99999    ,LSRP Oversight
660488,TRANSFORMER LEAK NEAR 300 GROVE STREET,300 GROVE ST ,0714,Newark City,07103    ,RAO-A (Unrestricted Use)
627188,TRANSFORMER NEAR 37 DONNA DRIVE,37 DONNA DR,0707,Fairfield Twp,07004    ,RAO-A (Unrestricted Use)
667297,TRANSFORMER SPILL @ 442 WEST MOUNT PLEASANT AVENUE,442 WEST MT PLEASANT AVE,0710,Livingston Twp,07039    ,RAO-A (Unrestricted Use)
633842,TRANSFORMER SPILL NEAR 183 THOMAS STREET,183 THOMAS ST,0702,Bloomfield Twp,07028    ,RAO-A (Unrestricted Use)
360435,TRAVELING TOTS INC,1397 SPRINGFIELD AVE,0709,Irvington Twp,07111    ,CCF Approved
360436,TRAVELING TOTS INC,1364 SPRINGFIELD AVE,0709,Irvington Twp,07111    ,RAO-A (Unrestricted Use)
368606,TRAVELING TOTS INC,1405 SPRINGFIELD AVE,0709,Irvington Twp,07111    ,CCF Approved
692763,TREENE RESIDENCE,509 PARK ST,0713,Montclair Twp,07043    ,RAO-A (Unrestricted Use)
42499,TRIANGLE TOWING SERVICE INC,666 FERRY ST,0714,Newark City,07105    ,RAO-A (Unrestricted Use)
9275,TRI CITY 1 HOUR MARTINIZING,8 BLOOMFIELD AVE,0701,Belleville Twp,07109    ,Suspected
360437,TRI CITY PEOPLES CORP,675 S 19TH ST,0714,Newark City,07103    ,CCF Approved
64656,TRICORE CORP,I-78 & RT 1/9,0714,Newark City,07199    ,Known
38588,TRI COUNTY DISPOSAL SERVICE INC,44 STOCKMAN ST,0722,West Orange Twp,070520000,LSRP Oversight
8797,TRILINE SHELL SERVICE STATION #33109,587 MILLBURN AVE,0712,Millburn Twp,07078    ,RAO-A (Limited Restricted Use)
360438,TRINITY BAPTIST CHURCH HEAD START,400 12TH ST S,0714,Newark City,07103    ,CCF Approved
194523,TRIUMPH GROUP ,11 21 WRIGHT ST,0714,Newark City,071141812,RAO-A (Unrestricted Use)
14917,TROY CHEMICAL INC,1 AVE L,0714,Newark City,07105    ,Known
19662,TRUARC CO,55 69 CORDIER ST,0709,Irvington Twp,07111    ,LSRP Oversight
8238,TRYCO TOOL & MANUFACTURING CO,363 367 S JEFFERSON ST,0717,Orange City Twp,07052    ,RAO-ISRA Entire Site (Restricted Use)
36913,TRYP HOTEL,24 E PARK ST,0714,Newark City,07102    ,RAO-A (Unrestricted Use)
743164,TURNER MARY FORMER COLOCATION,BADGER AVE,0714,Newark City,07108    ,Suspected
517979,TUTOR TIME,481 NORTHFIELD AVE,0722,West Orange Twp,07052    ,RAO-Entire Site (Unrestricted Use)
743167,TUXEDO 1 HOUR CLEANERS FORMER COLOCATION,HAWTHORNE AVE,0714,Newark City,07112    ,Suspected
63882,TWELFTH & EIGHT CORP,190 12TH AVE,0714,Newark City,07101    ,Suspected
229182,TWO NEWARK CENTER @ SETON HALL UNIVERSITY,1111 1131 RAYMOND BLVD,0714,Newark City,07102    ,Known
383503,TWO SOUTH WILLOW LUXURY APARTMENTS,2 S WILLOW ST,0713,Montclair Twp,07042    ,RAO-A (Restricted Use)
57651,TYCOON REALTY,355 BELLEVILLE AVE,0702,Bloomfield Twp,07003    ,Suspected
360439,UDT FAMILY LIFE CENTER EARLY CHILDHOOD DEVELOPMENT CENTER,202 HAWTHORNE AVE,0714,Newark City,07112    ,CCF Approved
35564,U HAUL MOVING & STORAGE OF ORANGE,225 SCOTLAND RD,0717,Orange City Twp,07050    ,Verified Unknown Source
32112,UHAUL NEIGHBORHOOD DEALER,372 NYE AVE,0709,Irvington Twp,07111    ,LSRP Oversight
613801,ULTRA PURE,622 BLOOMFIELD AVE,0702,Bloomfield Twp,07003    ,RAO-A (Unrestricted Use)
16653,UNICORP,291 CLEVELAND ST,0717,Orange City Twp,07050    ,LSRP Oversight
414557,UNIFIED VAILSBURG 1 & 2,1044 S ORANGE AVE,0714,Newark City,07106    ,CCF Approved
379091,UNIFIED VAILSBURG SERVICES ORGANIZATION,460 462 SANFORD AVE,0714,Newark City,07106    ,CCF Approved
400245,UNIFIED VAILSBURG SERVICES ORG PROPOSED,473 487 IRVINGTON AVE,0714,Newark City,07106    ,CCF Approved
63563,UNIMATIC MFG CORP,25 SHERWOOD LN,0707,Fairfield Twp,07004    ,Known
630340,UNION BAPTIST CHURCH,160 OAKWOOD AVE,0717,Orange City Twp,07050    ,RAO-A (Unrestricted Use)
258916,UNISS REALTY CORP,47 53 FARRAND ST,0708,Glen Ridge Boro,07028    ,RAO-A (Unrestricted Use)
375001,UNITARIAN CHURCH OF MONTCLAIR PROPOSED,67 73 CHURCH ST,0713,Montclair Twp,07042    ,CCF Approved
64855,UNITED AIRLINES FLIGHT KITCHEN,146 246 HAYNES AVE,0714,Newark City,07199    ,LSRP Oversight
393923,UNITED BRAKES & CLUTCH CORP,274 292 THOMAS ST,0714,Newark City,07114    ,RAO-ISRA Leasehold (Restricted Use)
144956,UNITED COMMUNITY CORP,395 10TH ST S,0714,Newark City,07103    ,LSRP Oversight
360443,UNITED COMMUNITY CORP DAYCARE,332 S 8TH ST,0714,Newark City,07103    ,CCF Approved
360440,UNITED DAY CARE,702 S 14TH ST,0714,Newark City,07103    ,CCF Approved
14229,UNITED INITIATORS,1 JABEZ ST,0714,Newark City,07105    ,LSRP Oversight
365642,UNITED NEIGHBORS DEVELOPMENTAL CHILD CARE CTR,487 ORANGE ST,0714,Newark City,07107    ,CCF Approved
8399,UNITED PARCEL SERVICE,70 GOULD AVE,0714,Newark City,071140000,RAO-A (Limited Restricted Use)
8721,UNITED REFRIGERATION INC,234 268 MILLER ST,0714,Newark City,07101    ,LSRP Oversight
56468,UNITED STEEL PRODUCTS CO,15 HEDDEN PL,0714,Newark City,07101    ,LSRP Oversight
18142,UNITED SUPPORT SOLUTIONS ,134 SAND PARK RD,0704,Cedar Grove Twp,07009    ,LSRP Oversight
56688,UNIVERSAL CHAIN CO INC,92 BURNETT AVE,0711,Maplewood Twp,07040    ,Suspected
48069,UNIVERSAL MFG CO INC,1168 GROVE ST,0709,Irvington Twp,07111    ,RAO-Entire Site (Unrestricted Use)
74592,UNIVERSITY HEIGHTS SCIENCE PARK,17 21 NUTTMAN ST,0714,Newark City,07105    ,Suspected
74593,UNIVERSITY HEIGHTS SCIENCE PARK,25 NUTTMAN ST,0714,Newark City,07105    ,Suspected
74594,UNIVERSITY HEIGHTS SCIENCE PARK,29 NUTTMAN ST,0714,Newark City,07105    ,Suspected
74595,UNIVERSITY HEIGHTS SCIENCE PARK,209 211 WARREN ST,0714,Newark City,07105    ,Suspected
74596,UNIVERSITY HEIGHTS SCIENCE PARK,217 239 WARREN ST,0714,Newark City,07105    ,Known
74597,UNIVERSITY HEIGHTS SCIENCE PARK,50 WISLEY ST,0714,Newark City,07105    ,Suspected
74598,UNIVERSITY HEIGHTS SCIENCE PARK,31 37 WISELY ST,0714,Newark City,07105    ,Known
74600,UNIVERSITY HEIGHTS SCIENCE PARK,158 164 NORFOLK ST,0714,Newark City,07105    ,Known
74605,UNIVERSITY HEIGHTS SCIENCE PARK,245 WARREN ST,0714,Newark City,07105    ,Known
74606,UNIVERSITY HEIGHTS SCIENCE PARK,138 144 NEWARK ST,0714,Newark City,07105    ,Known
74599,UNIVERSITY HEIGHTS SCIENCE PARK 12,149 NEWARK ST,0714,Newark City,07105    ,Known
372951,UNIVERSITY HEIGHTS SCIENCE PARK INC,245 269 NEW ST,0714,Newark City,07103    ,RAO-A (Restricted Use)
74591,UNIVERSITY HEIGHTS SCIENCE PHASE 1,WARREN ST & NORFOLK ST & NUTTMAN ST,0714,Newark City,07105    ,Suspected
93815,UNIVERSITY HOSPITAL,100 150 BERGEN ST,0714,Newark City,071011709,LSRP Oversight
8738,UPPER MONTCLAIR EXXON SERVICE STATION #31062,572 574 VALLEY RD,0713,Montclair Twp,070420000,Verified Unknown Source
360444,URBAN LEAGUE OF ESSEX CNTY CHILD DEVELOPMENT CENTER,494 CENTRAL AVE,0714,Newark City,07107    ,Known
333869,URSALA MCGEE,37 ERNEST ST,0716,Nutley Twp,07756    ,Suspected
8600,US POSTAL SERVICE,2 FEDERAL SQUARE,0714,Newark City,07101    ,No SRP Oversight Required
48340,US POSTAL SERVICE MONTCLAIR POST OFFICE,125 GLENRIDGE AVE,0713,Montclair Twp,070429998,RAO-A (Limited Restricted Use)
158396,US POSTAL SERVICE NEWARK NJ VEHICLE MAINTENANCE FACILITY,308 THOMAS ST,0714,Newark City,071149997,LSRP Oversight
46454,US POSTAL SERVICE VEHICLE MAINTENANCE,999 1003 BROAD ST,0714,Newark City,07102    ,Verified Unknown Source
8633,USS,780 FRELINGHUYSEN AVE,0714,Newark City,07114    ,LSRP Oversight
756280,US WIRE & CABLE,1 Flexon Plaza,0714,Newark City,07114    ,LSRP Oversight
565052,UTILITY DEVELOPMENT CORP,112 NAYLON AVE,0710,Livingston Twp,07039    ,RAO-Entire Site (Unrestricted Use)
24535,UTILITY PRINTING CO INC,123 HUDSON ST,0714,Newark City,07103    ,Suspected
90178,UUPI INC,1700 MCARTER HWY,0714,Newark City,07101    ,Known
744440,VACANT BLDG @ 1160 CLINTON AVE,1160 CLINTON AVE,0709,Irvington Twp,07111    ,RAO-Child Care Facility (Unrestricted Use)
754396,VACANT BLDG @ 419 421 HALSEY STREET,419 421 HALSEY ST,0714,Newark City,07102    ,LSRP Oversight
181428,VACANT BUILDING,24 46 ROOSEVELT AVE,0701,Belleville Twp,07109    ,Verified Unknown Source
717801,VACANT COMMERICAL PROPERTY @ 529 CENTRAL AVENUE,529 CENTRAL AVE,0714,Newark City,07107    ,RAO-A (Unrestricted Use)
356338,VACANT LOT @ 103 109 SUSSEX AVE,103 109 SUSSEX AVE,0714,Newark City,07103    ,LSRP Oversight
647981,VACANT LOT @ 12 26 9TH AVENUE,12 26 9TH AVE,0705,East Orange City,07108    ,LSRP Oversight
757061,VACANT LOT @ 12 40 ASHLAND AVENUE,12 40 ASHLAND AVE,0722,West Orange Twp,07052    ,Active
584992,VACANT LOT @ 1275 BLOOMFIELD AVENUE,1275 BLOOMFIELD AVE,0707,Fairfield Twp,07004    ,LSRP Oversight
228816,VACANT LOT @ 15 17 NORTH ARLINGTON AVENUE,15 17 N ARLINGTON AVE,0705,East Orange City,07017    ,LSRP Oversight
741177,VACANT LOT @ 381 395 SOUTH ORANGE AVE,381 395 SOUTH ORANGE AVE,0714,Newark City,07103    ,LSRP Oversight
746193,VACANT LOT @ 77 83 FRELINGHUYSEN AVENUE,77 83 FRELINGHUYSEN AVE,0714,Newark City,07114    ,LSRP Oversight
8813,VACANT LOT @ 85 WOODLAND RD,85 WOODLAND RD,0712,Millburn Twp,07078    ,LSRP Oversight
757075,VACANT LOT @ LAKESIDE AVENUE,LAKESIDE AVE,0722,West Orange Twp,07052    ,Inactive
732838,VACANT LOT @ NORTH FULLERTON AVENUE,N FULLERTON AVE,0713,Montclair Twp,07042    ,LSRP Oversight
146916,VACANT PROPERTY @ 18 44 SPRING ST,18 44 SPRING ST,0714,Newark City,07104    ,No SRP Oversight Required
399191,VA CONSTRUCTION CO INC,403 409 ADAMS ST,0714,Newark City,07114    ,RAO-Entire Site (Restricted Use)
498827,VAC U MAX,13 VALLEY ST,0701,Belleville Twp,07109    ,RAO-A (Unrestricted Use)
360448,VAILSBURG CHILD DEVELOPMENT CENTER,1040 1044 S ORANGE AVE,0714,Newark City,07106    ,Suspected
537882,VAILSBURG CHILD DEVELOPMENT @ PALM STREET,1033 S ORANGE AVE,0714,Newark City,07106    ,RAO-Entire Site (Unrestricted Use)
360449,VAILSBURG CHILD DEVELOPMENT SMITH STREET CENTER,179 SMITH ST,0714,Newark City,07106    ,CCF Approved
43006,VALLEY AUTO REPAIR,40 S VALLEY RD,0722,West Orange Twp,07052    ,LSRP Oversight
18226,VALLEY CITY DEPT STORE #10628 @ VALLEY MALL PLAZA,468 480 CHANCELLOR AVE,0709,Irvington Twp,07111    ,LSRP Oversight
384931,VALLEY NATIONAL BANK,22 BLOOMFIELD AVE,0701,Belleville Twp,07109    ,RAO-Entire Site (Unrestricted Use)
661103,VALLEY PLAZA,24 S VALLEY RD,0722,West Orange Twp,07052    ,Known
624008,VALLEY ROAD GROUND WATER CONTAMINATION,VALLEY RD,0713,Montclair Twp,07043    ,Known
615630,VALLEY STREET & PARKER AVENUE GROUND WATER CONTAMINATION,VALLEY ST & PARKER AVE,0711,Maplewood Twp,08869    ,Known
8815,VALLEY SUNOCO SERVICE STATION,543 VALLEY ST,0711,Maplewood Twp,07040    ,RAO-A (Unrestricted Use)
29946,VANCO MILLWORK INC,18 MICROLAB RD,0710,Livingston Twp,07039    ,LSRP Oversight
38570,VANDERHOOF TRANSPORTATION CO,18 38 WILFRED ST,0722,West Orange Twp,070520000,LSRP Oversight
596292,VASSAR AVENUE & ALDINE STREET GW CONTAMINATION,VASSAR AVE & ALDINE ST,0714,Newark City,07112    ,Known
8654,VEHICLE SAFETY MFG,408 416 CENTRAL AVE,0714,Newark City,071070000,Verified Unknown Source
409781,VEHICLE SAFETY MFG INC,61 MORRIS AVE,0714,Newark City,07103    ,RAO-A (Unrestricted Use)
8601,VENTURA MOTORS INC,333 339 ELIZABETH AVE,0714,Newark City,07112    ,LSRP Oversight
63940,VERIZON COMMUNICATIONS INC,FRELINGHUYSEN AVE,0714,Newark City,07101    ,No SRP Oversight Required
192437,VERIZON COMMUNICATIONS INC MANHOLES #170 & 170R,S ORANGE AVE,0719,South Orange Village Twp,07079    ,Inadvertently Created IEC
8689,VERIZON COMMUNICATIONS INC NEWARK HDQTRS ANNEX,536 BROAD ST,0714,Newark City,07102    ,Known
8450,VERIZON COMMUNICATIONS INC NEWARK W C,30 40 VERONA AVE,0714,Newark City,07102    ,LSRP Oversight
46384,VERIZON COMMUNICATIONS INC TELEPHONE HEIGHTS,176 AVON AVE,0714,Newark City,07108    ,LSRP Oversight
21883,VERIZON COMMUNICATIONS INC W ORANGE W C,15 DEAN ST,0722,West Orange Twp,07052    ,RAO-Entire Site (Unrestricted Use)
21817,VERNA PRINTING CO,85 WASHINGTON AVE,0701,Belleville Twp,07109    ,RAO-Entire Site (Unrestricted Use)
708444,VERONA FLATS,96 100 PINE ST,0720,Verona Twp,07044    ,RAO-Entire Site (Unrestricted Use)
8167,VERONA TWP BD OF ED VERONA HIGH SCHOOL,151 FAIRVIEW AVE,0720,Verona Twp,07044    ,RAO-A (Restricted Use)
13029,VERONA TWP DPW,10 COMMERCE CT,0720,Verona Twp,07044    ,RAO-A (Unrestricted Use)
445234,VERONA TWP HILLTOP PARK PLAN PHASE 2,WHITE ROCK RD,0720,Verona Twp,07044    ,RAO-A (Unrestricted Use)
257547,VERONA WEEK DAY NURSERY SCHOOL,10 FAIRVIEW AVE,0720,Verona Twp,07009    ,CCF Approved
441492,VICTORIA STREET REALTY,408 420 FRELINGHUYSEN AVE,0714,Newark City,071141419,Deed Notice Terminated
362615,VILLAGE BABIES DEVELOPMENT CENTER PROPOSED,401 VALLEY ST,0719,South Orange Village Twp,07079    ,RAO-A (Unrestricted Use)
8902,VILLAGE CROWN SERVICE STATION,1152 STUYVESANT AVE,0709,Irvington Twp,07111    ,RAO-A (Unrestricted Use)
8195,VILLAGE SERVICE CENTER,101 S ORANGE AVE W,0719,South Orange Village Twp,07079    ,LSRP Oversight
360451,VILLA MARIA ACADEMY CHILD DEVELOPMENT CENTER,675 CHANCELLOR AVE,0709,Irvington Twp,07111    ,Suspected
94475,VILLAS @ WEST CALDWELL,517 521 PASSAIC AVE,0721,West Caldwell Twp,07006    ,RAO-Entire Site (Unrestricted Use)
473983,VINCENT LAKE,ALISA DR,0722,West Orange Twp,07052    ,RAO-Entire Site (Unrestricted Use)
19342,VOORHEIS INDUSTRIES INC,35 MONTESANO RD,0707,Fairfield Twp,07006    ,RAO-Entire Site (Unrestricted Use)
50662,WAHODEL OF NUTLEY,842 SPRINGFIELD AVE,0709,Irvington Twp,07111    ,LSRP Oversight
522782,WALGREENS PHARMACY #15010 PROPOSED,834 SPRINGFIELD AVE,0709,Irvington Twp,07111    ,CEA Established (Limited Restricted Use)
222556,WALGREENS PHARMACY #19519,80 CENTRAL AVE,0705,East Orange City,07018    ,Verified Unknown Source
452054,WALGREENS PHARMACY #19866,1084 BROAD ST,0714,Newark City,07102    ,RAO-A (Unrestricted Use)
57466,WALGREENS PHARMACY #19964,77 105 BLOOMFIELD AVE,0702,Bloomfield Twp,07003    ,Verified Unknown Source
48783,WALGREENS PHARMACY KINGS SUPERMARKET,800 MORRIS & ESSEX TPKE,0712,Millburn Twp,07078    ,RAO-A (Limited Restricted Use)
57058,WALKERS GETTY STOP & SHOP SERVICE STATION,556 564 SPRINGFIELD AVE,0714,Newark City,07103    ,LSRP Oversight
48581,WALLACE & TIERNAN INC,2120 2156 MCCARTER HWY,0714,Newark City,07109    ,LSRP Oversight
8749,WALLWOOD GARDENS INC,400 ORANGE RD,0713,Montclair Twp,07042    ,RAO-A (Unrestricted Use)
446077,WALLY PARK GARAGE,110 126 FRONTAGE RD,0714,Newark City,07114    ,LSRP Oversight
391197,WALTER G ALEXANDER HOUSING DEVELOPMENT,128 130 PARROW ST,0717,Orange City Twp,07050    ,RAO-Entire Site (Restricted Use)
32045,WALTER N GERSTLE INC,56 64 S 20TH ST,0709,Irvington Twp,07111    ,RAO-Entire Site (Unrestricted Use)
52692,WARD BAKERY BUILDING,1 4TH AVE,0705,East Orange City,07426    ,LSRP Oversight
8754,WARNER ENGINEERING CO,239 LORRAINE AVE,0713,Montclair Twp,07043    ,RAO-A (Restricted Use)
413384,WASHBOARD LAUNDROMAT RUD MAR INC FORMER,38 N ARLINGTON AVE,0705,East Orange City,07017    ,LSRP Oversight
652192,WASHINGTON AVENUE & KING STREET GW CONTAMINATION,WASHINGTON AVE & KING ST,0701,Belleville Twp,07109    ,Known
48131,WASHINGTON DODD ASSOC APARTMENT GROUP,336 CARROLL ST,0717,Orange City Twp,07050    ,RAO-A (Unrestricted Use)
360453,WASHINGTON STREET HEAD START,106 WASHINGTON ST,0705,East Orange City,07017    ,Suspected
650957,WASHINGTON STREET & WARREN STREET GROUND WATER CONTAMINATION,WASHINGTON ST & WARREN ST,0714,Newark City,07102    ,Sampling Canceled
653086,WASHINGTON STREET & WHITTLESEY AVENUE GROUND WATER CONTAMINATION,WASHINGTON ST & WHITTLESEY AVE,0722,West Orange Twp,07052    ,Known
659053,WATCH ME FLOURISH,490 CLINTON AVE,0714,Newark City,07108    ,LSRP Oversight
360454,WATCHUNG COOPERATIVE PRESCHOOL,71 MT HEBRON RD,0713,Montclair Twp,07043    ,CCF Approved
653416,WATCHUNG PLAZA & WATCHUNG AVENUE GROUND WATER CONTAMINATION,WATCHUNG AVE & WATCHUNG PLAZA ,0713,Montclair Twp,07042    ,Approved Discharge
47422,WATERFRONT COMMUNITY CENTER,1883 1951 MCCARTER HWY,0714,Newark City,07104    ,LSRP Oversight
21418,WATTS CAMPBELL CO,1270 MCCARTER HWY,0714,Newark City,07104    ,LSRP Oversight
85853,WAVERLY YARDS,86 144 HAYNES AVE,0714,Newark City,07199    ,RAO-A (Limited Restricted Use)
74703,WAVERLY YARDS NORRIS TRACT,2 38 INTERNATIONAL WAY,0714,Newark City,07105    ,LSRP Oversight
699014,WAWA FOOD MARKET #8455,164 MAIN ST,0717,Orange City Twp,070504026,Known
460320,WEATHERWOOL,144 RALSTON AVE,0719,South Orange Village Twp,07079    ,Suspected
51801,WEBSTER COMMONS,271 GROVE AVE,0720,Verona Twp,07044    ,LSRP Oversight
8969,WEBTRONICS INC,17 DANIEL RD E,0707,Fairfield Twp,07004    ,RAO-A (Unrestricted Use)
81775,WEBTRONICS INC,19 GLORIA LN,0707,Fairfield Twp,07006    ,RAO-A (Unrestricted Use)
75359,WEDGEWOOD CONDOMINIUMS,18 WEDGEWOOD DR,0720,Verona Twp,07044    ,Suspected
360455,WEEKDAY NURSERY CHILD CARE CENTER,294 W HOBART GAP RD,0710,Livingston Twp,07039    ,CCF Approved
21290,WEFFERLING BERRY & CO,58 E WILLOW ST,0712,Millburn Twp,07041    ,RAO-ISRA Entire Site (Unrestricted Use)
23991,WELCO ACETYLENE CORP,321 ROANOKE AVE,0714,Newark City,07105    ,Suspected
73633,WELCO ACETYLENE CORP WELDING RENT/REPAIR DIV,49 ST CHARLES ST,0714,Newark City,07105    ,Known
44080,WELCO CGI GAS TECHNOLGIES,425 AVE P,0714,Newark City,07105    ,Known
14939,WELDON ASPHALT CO,1 EISENHOWER PKWY,0718,Roseland Boro,07068    ,LSRP Oversight
229608,WELDON TRANSPORTATION TANKER MVA,436 DOREMUS AVE,0714,Newark City,07105    ,LSRP Oversight
51830,WELLS FARGO BANK,397 MILLBURN AVE,0712,Millburn Twp,07041    ,RAO-A (Unrestricted Use)
8132,WEST CALDWELL TWP BD OF ED JAMES CALDWELL HIGH SCHOOL,265 WESTVILLE AVE,0721,West Caldwell Twp,07006    ,RAO-A (Unrestricted Use)
74589,WEST CALDWELL TWP DPW PUMP HOUSE #4A,GRAY ST,0721,West Caldwell Twp,07006    ,Suspected
64113,WEST CALDWELL TWP GROUNDWATER CONTAMINATION,PASSAIC AVE & HARRISON AVE,0721,West Caldwell Twp,07086    ,Known
8142,WEST CALDWELL TWP KIRKPATRICK LANE PUMP STATION,KIRKPATRICK LN,0721,West Caldwell Twp,07006    ,RAO-A (Unrestricted Use)
41578,WEST CALDWELL TWP MUNICIPAL BUILDING,21 30 CLINTON RD,0721,West Caldwell Twp,07006    ,RAO-A (Unrestricted Use)
662428,WEST ESSEX BUILDING SUPPLY CO INC,40 DEPOT ST,0720,Verona Twp,07044    ,RAO-Entire Site (Unrestricted Use)
56326,WEST ESSEX REHABILITATION CENTER,83 WALNUT ST,0713,Montclair Twp,07042    ,RAO-A (Unrestricted Use)
8377,WEST ESSEX RGNL SD WEST ESSEX HIGH SCHOOL,65 W GREENBROOK RD,0715,North Caldwell Boro,07006    ,RAO-A (Unrestricted Use)
341890,WEST ESSEX YMCA PEANUT SHELL NURSERY & CHILD CARE CENTER,7 REGENT ST,0710,Livingston Twp,07039    ,CCF Approved
9173,WESTINGHOUSE ELECTRIC CORP LAMP DIV,1 WESTINGHOUSE PLAZA,0702,Bloomfield Twp,07003    ,LSRP Oversight
603214,WEST MARKET STREET & CABINET STREET GW CONTAMINATION,W MARKET ST & CABINET ST,0714,Newark City,07103    ,Known
719228,WEST MARKET STREET & WICKLIFFE STREET GW CONTAMINATION,W MARKET ST & WICKLIFF ST,0714,Newark City,07103    ,Known
50575,WESTON BUILDING,614 FRELINGHUYSEN AVE,0714,Newark City,07114    ,LSRP Oversight
360456,WEST ORANGE COMMUNITY HOUSE & BOYS & GIRLS CLUB INC,242 MAIN ST,0722,West Orange Twp,07052    ,CCF Approved
43966,WEST ORANGE DELTA PETROLEUM SERVICE STATION,399 NORTHFIELD AVE,0722,West Orange Twp,07052    ,LSRP Oversight
47642,WEST ORANGE FIRST AID SQUAD,25 MT PLEASANT AVE,0722,West Orange Twp,07052    ,RAO-A (Unrestricted Use)
8090,WEST ORANGE PLAZA,235 PROSPECT AVE,0722,West Orange Twp,07052    ,LSRP Oversight
8088,WEST ORANGE SERVICE STATION & AUTO REPAIR,590 VALLEY RD,0722,West Orange Twp,07052    ,LSRP Oversight
49454,WEST ORANGE TWP BD OF ED BUS GARAGE,21 41 STANDISH AVE,0722,West Orange Twp,07052    ,LSRP Oversight
8128,WEST ORANGE TWP BD OF ED HIGH SCHOOL,51 CONFORTI AVE,0722,West Orange Twp,07052    ,RAO-A (Unrestricted Use)
48230,WEST ORANGE TWP BD OF ED PLEASANTDALE SCHOOL,555 PLEASANT VALLEY WAY,0722,West Orange Twp,07052    ,RAO-A (Unrestricted Use)
48225,WEST ORANGE TWP BD OF ED ROOSEVELT MIDDLE SCHOOL,36 GILBERT PL,0722,West Orange Twp,07052    ,RAO-A (Unrestricted Use)
8125,WEST ORANGE TWP DPW,25 LAKESIDE AVE,0722,West Orange Twp,07052    ,LSRP Oversight
8083,WEST ORANGE TWP EXXON SERVICE STATION,270 PROSPECT AVE,0722,West Orange Twp,07052    ,RAO-A (Unrestricted Use)
50789,WEST ORANGE TWP FIRE DEPT #1,415 VALLEY RD,0722,West Orange Twp,07052    ,LSRP Oversight
47645,WEST ORANGE TWP FIRE DEPT #4,280 PLEASANT VALLEY WAY,0722,West Orange Twp,07052    ,RAO-A (Limited Restricted Use)
49508,WEST ORANGE TWP MUA DOGWOOD PUMP STATION,794 NORTHFIELD AVE,0722,West Orange Twp,07052    ,RAO-A (Unrestricted Use)
47641,WEST ORANGE TWP OLD DPW GARAGE,6 8 LINDSLEY AVE,0722,West Orange Twp,07052    ,LSRP Oversight
49900,WEST ORANGE TWP POLICE & JUSTICE BLDG,60 MAIN ST,0722,West Orange Twp,07052    ,RAO-A (Unrestricted Use)
50572,WEST ORANGE TWP PUBLIC LIBRARY,46 MT PLEASANT AVE,0722,West Orange Twp,07052    ,RAO-A (Unrestricted Use)
74158,WESTSIDE PARK FIELD HOUSE,S 13TH ST,0714,Newark City,07105    ,Suspected
647988,WEST VILLAGE MIXED USE BUILDING & CHILD CARE,555 NORTHFIELD AVE,0722,West Orange Twp,07052    ,LSRP Oversight
229268,WEST WARD CULTURAL CENTER INC,107 113 ROSEVILLE AVE,0714,Newark City,07107    ,CCF Approved
85054,WHATMAN SPECIALTY PRODUCTS INC,341 KAPLAN DR,0707,Fairfield Twp,07006    ,RAO-Entire Site (Unrestricted Use)
55736,WHITE BROTHERS TRUCKING,459 CLINTON ST,0705,East Orange City,07018    ,RAO-A (Limited Restricted Use)
51835,WHITE BUS CO INC,907 S ORANGE AVE,0705,East Orange City,07017    ,Verified Unknown Source
40821,WHITE CHEMICAL CORP,660 FRELINGHUYSEN AVE,0714,Newark City,07114    ,Known
743192,WHITE CLEANERS & TAILORS FORMER COLOCATION,HAWTHORNE AVE,0714,Newark City,07112    ,Suspected
666520,WHITE STONE GARDEN CONDO ASSN,346 398 HOOVER AVE,0702,Bloomfield Twp,07003    ,LSRP Oversight
8859,WIGDER CHEVROLET INC,606 MT PLEASANT AVE W,0710,Livingston Twp,07039    ,RAO-Entire Site (Restricted Use)
16258,WILLIAMSON PICKET GROSS INC,240 S HARRISON ST,0705,East Orange City,07109    ,RAO-A (Unrestricted Use)
743194,WILLIAMS TAILOR SHOP FORMER COLOCATION,AVON AVE,0714,Newark City,07108    ,Suspected
15747,WILLIAM ZINSSER & CO,480 FRELINGHUYSEN AVE,0714,Newark City,07114    ,LSRP Oversight
558481,WILLOW STREET & ORANGE STREET GROUNDWATER CONTAMINATION,WILLOW ST & ORANGE ST,0702,Bloomfield Twp,07003    ,Known
8115,WILMANS AUTO BODY,184 186 MAIN ST,0722,West Orange Twp,07052    ,RAO-A (Unrestricted Use)
758286,WILSON AVENUE & FERRY STREET GW CONTAMINATION,WILSON AVE & FERRY ST,0714,Newark City,07105    ,Known
64436,WILSON AVENUE FLOODING,WILSON AVE,0714,Newark City,07105    ,Known
8667,WILSON IMPERIAL CO CHALMERS CHEMICAL DIV,115 CHESTNUT ST,0714,Newark City,07105    ,Suspected
57304,WINDHEIM PLUMBING & HEATING CO,418 FRANKLIN AVE,0716,Nutley Twp,07110    ,RAO-A (Unrestricted Use)
670841,WINDSOR PLACE MUNICIPAL SEWER,WINDSOR PL,0716,Nutley Twp,07110    ,LSRP Oversight
367582,WINNANS STREET PARKING AREA,WINANS ST,0705,East Orange City,07017    ,No SRP Oversight Required
569432,WIRE RECYCLING INC,204 MURRAY ST,0714,Newark City,07114    ,Suspected
229271,WISOMMM HOLISTIC CHILD CARE CENTER,51 53 LINCOLN PARK,0714,Newark City,07102    ,RAO-Entire Site (Unrestricted Use)
43704,WITCO CHEMICAL CORP,652 DOREMUS AVE,0714,Newark City,071050000,LSRP Oversight
743200,WONG JAMES LAUNDRY  FORMER COLOCATION,16TH AVE,0714,Newark City,07103    ,Suspected
743197,WONG MOI LAUNDRY FORMER COLOCATION,NORFOLK ST,0714,Newark City,07103    ,Approved Discharge
43676,WOOLLEY FUEL CO,12 BURNETT AVE,0711,Maplewood Twp,07040    ,LSRP Oversight
576647,WORK & PLAY,19 PROSPECT ST,0719,South Orange Village Twp,07079    ,RAO-A (Unrestricted Use)
229277,WORLD OF KIDDIE COLLEGE CHILDCARE INC,154 STUYVESANT AVE,0714,Newark City,07106    ,Suspected
376751,WORLD OF KIDDIE KINGDOM III,893 CLINTON AVE,0709,Irvington Twp,07111    ,CCF Approved
537008,WORLD TIRE CO,1752 1768 SPRINGFIELD AVE,0711,Maplewood Twp,07040    ,RAO-A (Unrestricted Use)
8964,WOROCO,34 38 BALL ST,0709,Irvington Twp,07111    ,LSRP Oversight
75954,WORTHINGTON PRODUCTS TURBODYNE DIV,5 WASHINGTON AVE,0707,Fairfield Twp,07006    ,RAO-Entire Site (Restricted Use)
8995,WR CHESNUT ENGINEERING INC,14 SPIELMAN RD,0707,Fairfield Twp,07006    ,RAO-Entire Site (Limited Restricted Use)
384193,WR COMPLETE AUTO REPAIR,416 SCOTLAND RD,0717,Orange City Twp,07050    ,No SRP Oversight Required
27526,WRIGHT & LATO INC,800 SPRINGDALE AVE,0705,East Orange City,07017    ,Known
83868,W&W METAL FINISHERSINC,103 MONTGOMERY AVE,0709,Irvington Twp,07111    ,Suspected
17347,WYMAN FORD INC,1713 SPRINGFIELD AVE,0711,Maplewood Twp,07040    ,RAO-A (Unrestricted Use)
65882,WYOMING AVENUE,356 WYOMING AVE,0712,Millburn Twp,07041    ,Suspected
44755,XTRA INC,575 SOUTH ST,0714,Newark City,07105    ,RAO-A (Limited Restricted Use)
8242,YAM FUEL SERVICE STATION,559 SCOTLAND RD,0717,Orange City Twp,07050    ,LSRP Oversight
427885,YASMIYNS CHILD CARE INC PROPOSED,980 18TH AVE,0714,Newark City,07106    ,CCF Approved
358014,YASMIYNS DAYCARE PROPOSED,894 900 18TH AVE,0714,Newark City,07106    ,CCF Approved
743207,YEE CHARLES LAUNDRY FORMER COLOCATION,12TH AVE,0714,Newark City,07107    ,Suspected
19649,YELLOW FREIGHT SYSTEMS INC,335 DELANCEY ST,0714,Newark City,07105    ,LSRP Oversight
8420,YER AUTO CARE CENTER,924 18TH AVE,0714,Newark City,071060000,Known
39511,YMCA OF EAST ORANGE,100 N ARLINGTON AVE,0705,East Orange City,07017    ,CCF Approved
360235,YMCA OF EAST ORANGE TURRELLS GYM,159 N MUNN AVE,0705,East Orange City,07017    ,CCF Approved
53982,YMCA OF MONTCLAIR,25 PARK ST,0713,Montclair Twp,07042    ,Known
9156,YOU & ME CLEANERS,466 BLOOMFIELD AVE,0703,Caldwell Boro,07006    ,RAO-Entire Site (Unrestricted Use)
663599,YOUNG DISCIPLES FUTURE LEADERS CHILD CARE CENTER,88 94 BOYLAN ST,0714,Newark City,07106    ,LSRP Oversight
360457,YOUNG PEOPLES INSTITUTE FOR LEARNING INC,90 W PEDDIE ST,0714,Newark City,07112    ,CCF Approved
257710,YOUR WAY CONSTRUCTION INC,404 COIT ST,0709,Irvington Twp,07111    ,Suspected
353528,YOUTH CONSULTATION SERVICES INDEPENDENCE HS,15 SMALLY TER,0709,Irvington Twp,07111    ,LSRP Oversight
360458,YWCA FAMILY LEARNING & TECHNOLOGY CENTER,397 PARK AVE,0717,Orange City Twp,07050    ,CCF Approved
376685,YWCA OF ESSEX & WEST HUDSON CHILD CARE CENTER,395 MAIN ST,0717,Orange City Twp,07050    ,CCF Approved
56079,ZACH AUTO REPAIR,21 PROSPECT ST,0702,Bloomfield Twp,07003    ,LSRP Oversight
405774,ZADIES NURTURING DEN PROPOSED,141 S HARRISON ST,0705,East Orange City,07018    ,Suspected
9171,ZALLER STUDIOS INC,265 WATSESSING AVE,0702,Bloomfield Twp,07003    ,LSRP Oversight
8732,ZEUS COMPLETE AUTOMOTIVE CTR,120 WATCHUNG AVE,0713,Montclair Twp,07042    ,LSRP Oversight
360459,ZION HILL HEAD START,152 OSBORNE TER,0714,Newark City,07112    ,CCF Approved
360460,ZION LEARNING CENTER,17 ALEXANDER ST,0714,Newark City,07106    ,Withdrawn
Count:,3725,,,,,
